year,iso3,country_name,original_rate,new_rate,rate_change_percentage_points,new_fallback_used,new_source_years,alpha_effective,value_added_baseline,value_added_new,value_added_absolute_change,value_added_relative_change,value_added_share_baseline,value_added_share_new,value_added_share_change_pp,capital_baseline,capital_new,capital_absolute_change,capital_relative_change,capital_share_baseline,capital_share_new,capital_share_change_pp,investment_baseline,investment_new,investment_absolute_change,investment_relative_change,investment_share_baseline,investment_share_new,investment_share_change_pp
2190,AGO,Angola,0.10384533241310046,0.106227544338657,0.23822119255565433,False,2024,0.6,7746223945200.56,8013864592385.235,267640647184.67578,0.03455111149355575,0.014110321337523062,0.015575598744996973,0.14652774074739114,14050167444911.732,14853643764864.723,803476319952.9902,0.057186245153538665,0.004363091159792544,0.00517075736959499,0.08076662098024456,804409200535.6705,851293156311.596,46883955775.925415,0.05828371399121809,0.005284942168031831,0.006117520573656672,0.08325784056248414
2190,ARE,United Arab Emirates,0.2649423251162367,0.223283039488531,-4.165928562770571,True,2024,0.464970886707306,10984371164048.586,9751434173053.627,-1232936990994.959,-0.11224465857729873,0.02000884662150506,0.01895270678918821,-0.10561398323168485,65696836925351.77,49567108579834.766,-16129728345517.008,-0.24551757893373863,0.020401272051682334,0.017254991168224633,-0.31462808834577005,2910224836142.776,2177329861531.7437,-732894974611.0322,-0.2518344856071032,0.019120082098442456,0.01564661964542101,-0.3473462453021447
2190,ARG,Argentina,0.1545897077285381,0.16000034749903702,0.541063977049891,False,2025,0.47152823209762595,1056663853657.1957,1082829919338.714,26166065681.51831,0.024762904107068228,0.00192479156635878,0.0021045681691106983,0.017977660275191824,4506193759715.849,4752441899947.719,246248140231.87012,0.054646593857827816,0.0013993380672803835,0.0016543902874427447,0.025505222016236118,163349356304.17664,173253163376.54846,9903807072.371826,0.06062960575081616,0.0010731999344089024,0.001245023272593057,0.017182333818415448
2190,AUS,Australia,0.2384957942255656,0.24328717473155698,0.47913805059913717,False,2025,0.453912258148193,10946587687023.363,11131960067146.89,185372380123.52734,0.016934261655189325,0.01994002121626937,0.021635871339273888,0.16958501230045187,64199655434063.56,66500391660274.38,2300736226210.8203,0.035837205210140076,0.0199363424090388,0.02314969954185168,0.32133571328128824,2610715124476.434,2708263113960.68,97547989484.2461,0.03736447097184104,0.01715231307756797,0.019461985798539264,0.23096727209712953
2190,AUT,Austria,0.23367344731894873,0.23526710022966402,0.1593652910715282,False,2025,0.39200001955032304,502953672653.3005,506256332172.9044,3302659519.603943,0.006566528289138382,0.0009161674112743082,0.0009839504275542179,0.006778301627990969,2731353691926.8457,2763901469729.757,32547777802.911133,0.011916354113754545,0.0008481852756728918,0.000962152056402823,0.011396678072993119,117526918530.6228,119105459243.22478,1578540712.6019745,0.01343131201207041,0.0007721480152237357,0.0008559097320976885,0.00837617168739528
2190,BEL,Belgium,0.2373766477271793,0.238945707368656,0.15690596414766889,False,2025,0.413874268531799,734633887352.5177,739322509129.1764,4688621776.658691,0.006382256328462606,0.0013381901025983514,0.0014369335309561287,0.00987434283577773,4038008944501.283,4083952050735.392,45943106234.10889,0.011377663315152244,0.0012539495488573128,0.0014216797910128769,0.01677302421555641,174384929486.52692,176657939917.44067,2273010430.9137573,0.013034443042793853,0.001145703289692465,0.0012694905085659815,0.012378721887351653
2190,BGD,Bangladesh,0.2726170840933099,0.285411003849809,1.2793919756499073,False,2025,0.464970886707306,5256153595721.266,5491076403773.794,234922808052.52832,0.04469481414009011,0.009574473544746463,0.010672354362534284,0.10978808177878208,34333748036666.4,37458950860183.92,3125202823517.5234,0.0910242254990627,0.010661885214440935,0.013039975192871915,0.23780899784309803,1432917266812.0977,1567213628617.0776,134296361804.97998,0.09372234176768464,0.009414219630547801,0.011262232693047556,0.18480130624997543
2190,BGR,Bulgaria,0.19589055019405968,0.20132259515094098,0.5432044956881293,False,2025,0.483489334583282,52931707633.2295,53316189352.0511,384481718.82160187,0.007263731627283298,9.64190306054149e-05,0.00010362435780970185,0.000720532720428695,231909226524.0373,235786757975.46603,3877531451.4287415,0.01672003960147242,7.201630159132316e-05,8.208060835136467e-05,0.0010064306760041513,10368821330.984436,10733753603.913895,364932272.9294586,0.03519515490530795,6.812281740240688e-05,7.713436671922444e-05,0.0009011549316817564
2190,BLR,Belarus,0.24779875653926606,0.25082190136904503,0.3023144829778973,False,2025,0.430456221103668,56079427853.5163,56490004264.86133,410576411.34503174,0.007321337379145314,0.00010215283640590234,0.00010979292567142887,0.0007640089265526531,365930773388.55554,370246998662.6873,4316225274.131775,0.01179519621747878,0.00011363489643291476,0.00012888806458614786,0.0015253168153233103,13896412489.53482,14168930278.057981,272517788.52316093,0.019610657695170605,9.129897607014016e-05,0.00010182006261894572,0.001052108654880556
2190,BRA,Brazil,0.16523265625739028,0.168390252318469,0.315759606107871,False,2025,0.48858571052551303,2338703494522.922,2358362521272.145,19659026749.223145,0.008405950901969059,0.004260121841862413,0.00458366970181626,0.03235478599538473,9156226660482.082,9263843015270.154,107616354788.07227,0.011753351984233884,0.0028433434516735153,0.0032248709677073282,0.03815275160338129,386430190598.4634,397125260015.4372,10695069416.973816,0.027676588623705593,0.0025388337278271036,0.0028538018078157314,0.03149680799886278
2190,BRN,Brunei Darussalam,0.26232478276458365,0.269145227116463,0.682044435187934,False,2025,0.464970886707306,70616723526.48248,72122277990.6358,1505554464.1533203,0.021320083812564762,0.00012863359848756527,0.00014017552325811363,0.0011541924770548362,422520561695.14526,442057174762.63336,19536613067.4881,0.046238254036933824,0.00013120809661455604,0.0001538861730071284,0.002267807639257235,18524516658.63118,19411366889.946354,886850231.3151741,0.047874405991692175,0.00012170546926416804,0.0001394930000689202,0.0017787530804752173
2190,CAN,Canada,0.22563870167462657,0.229023282199746,0.33845805251194183,False,2025,0.340698301792145,5459297224326.63,5503514101337.002,44216877010.37207,0.008099371621193596,0.00994451472836963,0.01069652804107887,0.07520133127092397,33146155020039.34,33877156371409.074,731001351369.7344,0.022053880787312713,0.010293094122619934,0.011793103344967736,0.15000092223478018,1231828737752.9534,1260432863120.7856,28604125367.832275,0.023220862195511557,0.008093074564051212,0.009057660001946568,0.09645854378953558
2190,CHE,Switzerland,0.25652365379916414,0.259966201233149,0.3442547433984866,False,2025,0.346538305282593,1433249091739.041,1444754558081.5361,11505466342.495117,0.008027541345611386,0.0026107695032082275,0.0028079981914176182,0.019722868820939078,6956755338884.168,7099162965903.843,142407627019.6748,0.02047040898846909,0.0021603271163090246,0.0024713161164355846,0.031098900012656,367662293817.2322,375587354178.7339,7925060361.501709,0.021555270950469888,0.0024155292591085125,0.0026990271792490176,0.02834979201405052
2190,CHL,Chile,0.23523347349707513,0.240869667522065,0.5636194024989882,False,2025,0.559776395559311,300995726073.1191,306735302649.23914,5739576576.120056,0.019068631475271432,0.0005482860353842784,0.0005961650511950767,0.004787901581079822,1933607546531.4224,1990776125308.8987,57168578777.47632,0.02956576109770954,0.0006004559038785463,0.0006930165072023656,0.009256060332381928,70804270151.95395,73883230366.40222,3078960214.4482727,0.043485515885418734,0.0004651817417722159,0.0005309359983263432,0.006575425655412729
2190,CHN,China,0.3797604946107143,0.396519325237885,1.6758830627170707,False,2024,0.43881940841674805,91959089728218.03,95190766147790.55,3231676419572.5156,0.035142544680722976,0.16751030116747767,0.1850110094392713,1.750070827179362,740153388255700.1,797970891200858.8,57817502945158.625,0.07811556883015236,0.22984471308620988,0.27778462522166864,4.793991213545875,34922429399139.137,37744978361799.22,2822548962660.082,0.0808233851774831,0.22943922026093325,0.27124108771293237,4.180186745199912
2190,CIV,Côte d'Ivoire,0.18874231759330037,0.200444341284085,1.170202369078463,False,2025,0.6,2782414121947.7627,3007710412904.2,225296290956.4375,0.08097151648968925,0.005068373653084271,0.005845730233208438,0.07773565801241673,8189051236121.105,9369969128576.043,1180917892454.9375,0.14420692439266028,0.0025430000884685304,0.003261814925107258,0.07188148366387279,525159289880.7486,602878532487.8657,77719242607.11713,0.14799175051205007,0.0034502793779288042,0.004332375749254244,0.08820963713254398
2190,CMR,Cameroon,0.1871666712749274,0.193425524762361,0.6258853487433602,False,2025,0.35640287399292003,898537515669.5997,915257458033.8217,16719942364.221924,0.018607951334966847,0.001636752715853666,0.0017788774380149178,0.014212472216125179,3319366528620.3647,3491922359832.1304,172555831211.76562,0.051984566851520725,0.0010307847798909817,0.0012155861256660451,0.018480134577506337,168176275823.52188,177034154112.85654,8857878289.334656,0.05267020122760831,0.0011049126379589066,0.001272194040320577,0.016728140236167047
2190,COD,Democratic Republic of the Congo,0.2718604039937121,0.287902886433381,1.6042482439668937,False,2025,0.464970886707306,4882897430155.652,5111459291161.093,228561861005.44043,0.046808654958405416,0.008894559760352751,0.009934537575810927,0.1039977815458176,26463811961230.4,29269489947093.992,2805677985863.5938,0.10601941965027277,0.008217982061435989,0.010189111388696421,0.19711293272604324,1327466468021.974,1471603883812.0024,144137415790.02832,0.10858083368750099,0.008721411327500737,0.0105751666963922,0.1853755368891463
2190,COL,Colombia,0.15643753053822665,0.160101297503432,0.3663766965205345,False,2025,0.522350490093231,928992772717.0669,952438236254.8044,23445463537.73755,0.025237509081115397,0.0016922292249756212,0.0018511413096988772,0.015891208472325596,3685447804244.2124,3855763299687.038,170315495442.82568,0.046212971798620515,0.0011444664127756084,0.001342244153211131,0.019777774043552267,145329335251.718,152486597416.2745,7157262164.556519,0.049248571543795805,0.0009548089847957683,0.0010957916083135025,0.01409826235177342
2190,CRI,Costa Rica,0.15695483519462908,0.162542427327558,0.558759213292892,False,2025,0.46931111812591497,142212887266.25003,145947415697.10577,3734528430.8557434,0.02626012664987234,0.0002590513199540314,0.0002836606931102132,0.0024609373156181773,510027714529.83167,537032452991.2739,27004738461.44226,0.05294759028210171,0.00015838226990812093,0.00018694837158979047,0.0028566101681669538,22321000283.42664,23722647209.591713,1401646926.1650734,0.06279498715860854,0.00014664824265060215,0.0001704745084467203,0.002382626579611815
2190,CYP,Cyprus,0.19459834046372806,0.200344829457622,0.5746488993893933,False,2025,0.46342241764068604,109408053671.14072,113016015827.49376,3607962156.3530426,0.03297711672303278,0.00019929488291766585,0.00021965583445968096,0.0020360951542015104,611311350534.2478,645540769075.5126,34229418541.26477,0.05599342873537422,0.0001898345453785141,0.0002247216064900439,0.0034887061111529786,21290625677.770473,22642174416.939144,1351548739.1686707,0.06348093097986414,0.00013987871515306084,0.0001627100685597996,0.0022831353406738753
2190,CZE,Czechia,0.2583132732973169,0.26408399182277903,0.5770718525462126,False,2025,0.488497912883758,882539783301.9573,901515687869.0591,18975904567.101807,0.021501472144524594,0.0016076116600339477,0.001752169188123138,0.014455752808919024,4087788315251.67,4262609412936.8604,174821097685.19043,0.04276667092396328,0.0012694078651594224,0.0014838728721759523,0.021446500701653,227971740239.8333,238075861543.3196,10104121303.486298,0.0443218150322336,0.0014977668856979562,0.0017108489247025045,0.021308203900454837
2190,DEU,Germany,0.20153145249731616,0.20312556628657,0.1594113789253837,False,2025,0.362648844718933,5942628971156.438,5973405307977.959,30776336821.520508,0.005178909363330388,0.010824939346692276,0.011609799884403544,0.0784860537711268,31459761027234.1,31841725361736.543,381964334502.4414,0.012141361600674028,0.009769407073993305,0.011084541859303059,0.1315134785309754,1197626648209.7886,1213351335842.226,15724687632.4375,0.013129874536394753,0.00786836795311103,0.00871932507040115,0.08509571172901198
2190,DNK,Denmark,0.21421563625027934,0.218499948975285,0.4284312725005651,False,2025,0.398817181587219,785299249798.3427,800696049490.0697,15396799691.72705,0.019606283459051823,0.0014304808173840513,0.0015562180069041592,0.012573718952010784,3798569279472.027,3935222869739.456,136653590267.4292,0.03597501591083868,0.0011795947705325054,0.0013699051207109215,0.01903103501784162,168223378442.419,174952045958.2925,6728667515.873505,0.039998409128233346,0.0011052221006262511,0.0012572316981735888,0.015200959754733762
2190,EGY,Egypt,0.11229200541518618,0.11705318644479,0.47611810296038226,False,2025,0.6,4512590492106.42,4778418777023.292,265828284916.87207,0.05890813389379518,0.008220018212580131,0.009287246202936115,0.10672279903559834,9789251203260.182,10764779441104.107,975528237843.9258,0.09965299874203237,0.0030399207378415233,0.003747367548885109,0.07074468110435857,506727835976.1318,559329144018.1929,52601308042.0611,0.10380583877089151,0.0033291853279182153,0.004019423298082564,0.06902379701643488
2190,ESP,Spain,0.2018667437774424,0.20608575872239102,0.42190149449486125,False,2025,0.40550738573074296,1627303563187.8455,1647825308404.2,20521745216.354492,0.012610889375890584,0.00296425411306415,0.0032026827393542914,0.023842862629014146,9535844872408.799,9717971426707.7,182126554298.9004,0.019099152380914766,0.0029612287986665537,0.0033829593039671237,0.042173050530057,328498471438.15985,339593328924.4375,11094857486.277649,0.03377445696384699,0.0021582242255327685,0.002440368703741106,0.02821444782083373
2190,EST,Estonia,0.23883288348834752,0.242245805393396,0.3412921905048466,False,2025,0.39328759908676103,89596966892.88908,90571013529.84084,974046636.9517517,0.010871424231538997,0.00016320751925967555,0.00017603214384342557,0.0012824624583750019,503668019472.91064,515715969711.68384,12047950238.773193,0.023920419349597363,0.00015640735185887893,0.0001795278110353148,0.002312045917643587,21398701954.83871,21940448117.83246,541746162.9937477,0.025316776883807533,0.00014058877276262256,0.0001576673579024502,0.001707858513982764
2190,FIN,Finland,0.2160788879597316,0.21834123391666999,0.22623459569383886,False,2025,0.417123079299927,342794939538.35565,346040875752.79535,3245936214.4396973,0.009469031890642908,0.0006244264023324403,0.0006725586348456983,0.004813223251325799,2130813900205.3308,2168487887992.8003,37673987787.46948,0.017680562241422924,0.0006616956934926662,0.0007548804121880975,0.009318471869543135,74070749333.67131,75554991797.47043,1484242463.799118,0.02003817265453809,0.0004866424032825024,0.0005429495272417127,0.005630712395921026
2190,FRA,France,0.2183198873935455,0.220193072027382,0.1873184633836511,False,2025,0.369021415710449,4445814485271.444,4507152662235.593,61338176964.14844,0.013796836815246322,0.008098380764354544,0.008760018408113851,0.06616376437593077,25853102111151.527,26317773699970.12,464671588818.59375,0.01797353318842776,0.008028334303960875,0.00916157842914937,0.11332441251884953,970609717797.0552,992443790794.0485,21834072996.993286,0.022495213675120626,0.006376874136784149,0.007131850248492017,0.0754976111707868
2190,GBR,United Kingdom,0.18734281467337913,0.18883593690632602,0.14931222329468974,False,2025,0.40487867593765303,6994853721072.963,7075380975493.012,80527254420.04883,0.01151235717445375,0.012741644756405627,0.013751579374947195,0.10099346185415675,33694389319557.035,34240877863223.992,546488543666.95703,0.016218977542049172,0.010463340935342937,0.011919719791009803,0.14563788556668666,1310435584334.3684,1336086195476.4177,25650611142.049316,0.01957411066113445,0.008609518978060258,0.009601316219220167,0.09917972411599088
2190,GRC,Greece,0.1658238817372449,0.16881202808615,0.29881463489050963,False,2025,0.45988798141479503,537732140591.0155,550039588847.9227,12307448256.907227,0.022887693198662525,0.0009795189696206112,0.0010690467540341144,0.008952778441350317,2796951472301.9014,2892116014875.741,95164542573.83984,0.03402438101491946,0.0008685557870407168,0.0010067853002517881,0.013822951321107132,89168830887.68011,92853298521.08994,3684467633.4098206,0.041320129430102014,0.0005858363058485464,0.000667257759354919,0.008142145350637257
2190,HKG,"China, Hong Kong SAR",0.16538902686608864,0.169391441316248,0.4002414450159364,False,2025,0.47343987226486195,167894172434.07645,170374633420.4019,2480460986.3254395,0.014773955226465,0.00030583168528327225,0.0003311369809022804,0.002530529561900816,1503039340206.0046,1537835893891.4468,34796553685.44214,0.023150793698236114,0.00046674871910143526,0.0005353417927240372,0.006859307362260193,27767853795.359188,28860004718.809273,1092150923.4500847,0.039331484942945596,0.0001824338922790938,0.0002073923316711379,0.0024958439392044098
2190,HRV,Croatia,0.2507343768038038,0.257348749663888,0.6614372860084206,False,2025,0.387384355068207,118344466362.17468,120668050076.32314,2323583714.1484528,0.01963407149969724,0.00021557322131418683,0.00023452818645274933,0.0018954965138562503,642810070064.9263,668394309537.961,25584239473.03479,0.03980062022122753,0.0001996160504935196,0.00023267723775723947,0.003306118726371986,29673026021.49859,31053771811.521183,1380745790.0225945,0.04653201830585872,0.00019495081156418185,0.00022315707173039414,0.0028206260166212297
2190,HUN,Hungary,0.2158582673730332,0.219445831776773,0.3587564403739779,False,2025,0.46341598033904996,738777057037.84,748526890851.15,9749833813.310059,0.013197261231152004,0.0013457371934169694,0.0014548229967369043,0.010908580331993496,3526224399631.2964,3629644076475.48,103419676844.1836,0.029328728158933164,0.0010950217188370837,0.0012635289464688003,0.016850722763171667,159471135507.13666,164261106170.1124,4789970662.975739,0.03003659971281372,0.0010477201504711182,0.0011804049979692965,0.01326848474981783
2190,IDN,Indonesia,0.2741019913604466,0.287670039932789,1.3568048572342395,False,2025,0.490695595741272,23409150022065.145,24545707980963.45,1136557958898.3047,0.048551867873331614,0.04264150267102459,0.04770658326154286,0.5065080590518273,150158524655004.6,164849422980779.62,14690898325775.031,0.0978359261289226,0.04662971698084679,0.05738634790526168,1.0756630924414896,6416494637103.499,7061064795062.333,644570157958.834,0.10045518533306257,0.042156160143365554,0.050741872920573194,0.8585712777207641
2190,IND,India,0.2975177759350861,0.316790977460161,1.927320152507489,False,2025,0.466519355773926,74881297813254.86,78832398410379.55,3951100597124.6875,0.05276485200588092,0.13640183679048443,0.1532171889842663,1.6815352193781885,369401972055072.7,413271689520932.2,43869717465859.5,0.11875875275327208,0.11471283064794431,0.14386555030288856,2.9152719654944246,22278517184532.414,24973392547952.977,2694875363420.5625,0.12096295911882177,0.1463691300787603,0.17946255243967538,3.3093422360915086
2190,IRL,Ireland,0.21690080514461454,0.222358029402053,0.5457224257438442,False,2025,0.6,1935938042531.2896,2013480417194.326,77542374663.03638,0.04005416132101402,0.003526454703982176,0.00391336323412892,0.038690853014674384,5549277893359.041,5899932510187.334,350654616828.29297,0.06318923354837394,0.0017232538626089755,0.0020538475265797556,0.033059366397078016,419906520135.12573,447713537806.95386,27807017671.828125,0.06622192401985051,0.0027587721192346383,0.0032173367756243836,0.04585646563897454
2190,ISL,Iceland,0.26163598374596975,0.26661230015681797,0.4976316410848225,False,2025,0.382582187652588,57395703109.02113,58788737518.904495,1393034409.8833618,0.02427070903264904,0.00010455052939221357,0.00011426070103423929,0.000971017164202572,426618964129.2345,441610249555.4921,14991285426.25763,0.03513975394145011,0.00013248080055203992,0.00015373059220520087,0.0021249791653160954,15016781245.720358,15673800533.23055,657019287.5101929,0.04375233791844955,9.865976219661331e-05,0.00011263428645998938,0.0013974524263376065
2190,ISR,Israel,0.22992885234885263,0.23804534083676698,0.8116488487914353,False,2025,0.50093686580658,5422512472796.65,5606487436379.123,183974963582.47266,0.03392799269811323,0.009877508575684032,0.010896665107229727,0.10191565315456949,23710985859422.344,25339056636791.812,1628070777369.4688,0.06866314150841185,0.007363128816708673,0.008820873579397396,0.14577447626887233,1246792069717.473,1334598212689.9204,87806142972.44751,0.07042565084035597,0.008191383166216488,0.009590623351267272,0.13992401850507832
2190,ITA,Italy,0.21721567853933324,0.218347372224523,0.11316936851897552,False,2025,0.488353967666626,1610203568596.9429,1617080701348.3215,6877132751.378662,0.004270971003604891,0.002933105204866493,0.0031429280907007587,0.020982288583426545,11753349427915.23,11792026098443.275,38676670528.04492,0.003290693496798832,0.0036498451130887472,0.00410496621678858,0.045512110369983275,349761460739.2408,353085321814.39465,3323861075.1538696,0.009503222762532784,0.00229792137059384,0.002537324192543052,0.02394028219492119
2190,JOR,Jordan,0.2674840570829466,0.223283039488531,-4.420101759441558,True,2024,0.506775557994843,408502967229.149,347170061628.1151,-61332905601.033875,-0.15014066119776626,0.0007441184473508924,0.0006747532995919945,-0.006936514775889795,3523290644579.8794,2547493397483.91,-975797247095.9692,-0.2769562166541967,0.0010941106805323786,0.0008868174346683258,-0.020729324586405286,109268031004.87476,77517186579.74617,-31750844425.128586,-0.29057762030792056,0.0007178873939916662,0.0005570501538720294,-0.016083724011963677
2190,JPN,Japan,0.2761506616359199,0.278136184893082,0.1985523257162114,False,2024,0.412512123584747,5851872007627.028,5882691682648.365,30819675021.336914,0.005266635186341762,0.010659618807539612,0.011433490562908356,0.07738717553687438,36206623874144.88,36636367178935.375,429743304790.4922,0.011869190186974916,0.01124348170017184,0.012753622517443844,0.15101408172720038,1615998326714.9226,1636189421514.0813,20191094799.15869,0.01249450229333102,0.010617056212978829,0.011757903108113425,0.11408468951345958
2190,KAZ,Kazakhstan,0.23246166013740122,0.24317581805313399,1.071415791573277,False,2024,0.6,6148446173867.23,6546830426734.964,398384252867.7334,0.06479429787659,0.011199850643807404,0.012724298321093874,0.15244476772864698,18085631552136.145,20085070255060.363,1999438702924.2188,0.11055398851626276,0.0056162504435466575,0.0069918887704745174,0.137563832692786,1429278004842.629,1592030844676.423,162752839833.7942,0.11387066706572185,0.009390309798300541,0.011440572937766213,0.20502631394656717
2190,KHM,Cambodia,0.29715577623013867,0.309107381550115,1.1951605319976355,False,2025,0.464970886707306,677130498664.8181,702666021845.9233,25535523181.105225,0.0377113765093387,0.0012334434159391495,0.0013656886614249481,0.01322452454857986,4316639784690.757,4653423956076.934,336784171386.17676,0.07801998503108916,0.001340474621276754,0.0016199207814348586,0.02794461601581047,201213238939.8449,217199254117.0293,15986015177.184387,0.07944812807254495,0.0013219644063386066,0.0015608264859085313,0.02388620795699247
2190,KOR,Republic of Korea,0.278120731685448,0.283299339709431,0.5178608023983011,False,2025,0.454076826572418,1978458859522.4226,1998445984543.1995,19987125020.776855,0.010102370804718942,0.0036039095252632775,0.003884142589378429,0.028023306411515153,12419516324681.816,12669033773639.092,249517448957.2754,0.02009075413519922,0.0038567143130199787,0.004410264631877602,0.05535503188576234,550250425619.9331,566158427866.0521,15908002246.119019,0.028910476949102686,0.0036151273200253423,0.004068499558279031,0.045337223825368894
2190,LAO,Lao People's Democratic Republic,0.27888489031351466,0.223283039488531,-5.560185082498364,True,2024,0.6,268347407041.25082,193632332168.7764,-74715074872.47443,-0.2784266697273848,0.000488814701231196,0.00037634021328293625,-0.011247448794825976,1416600524820.2888,837973077425.1654,-578627447395.1234,-0.40846197446420446,0.0004399063036817573,0.00029170993556932315,-0.014819636811243417,74838037178.61531,43234815669.897255,-31603221508.718056,-0.4222882200035647,0.0004916834593570258,0.0003106918837510776,-0.018099157560594815
2190,LTU,Lithuania,0.2229240625907989,0.229415611293443,0.6491548702644123,False,2025,0.42919749021530096,126327283363.73862,130459175475.02762,4131892111.2890015,0.03270783635386109,0.00023011451444843704,0.0002535580363727339,0.002344352192429686,647031880641.893,678830157673.6636,31798277031.77063,0.04914483811867957,0.00020092707717550784,0.0002363100998017231,0.003538302262621527,28161391223.503654,29929371490.44201,1767980266.9383545,0.06278028854848579,0.00018501942032540965,0.00021507696202173547,0.0030057541696325817
2190,LUX,Luxembourg,0.14739917745039963,0.14974577235541,0.23465949050103796,False,2025,0.5016680955886841,81337860035.80952,82059491363.48224,721631327.6727142,0.008872022540979211,0.0001481629436653257,0.00015948930705799764,0.0011326363392671944,334220123902.72754,338397815846.24,4177691943.512451,0.01249982165863938,0.00010378757931122439,0.00011780092668445178,0.0014013347373227395,11989133664.854055,12288061913.316744,298928248.46268845,0.024933265139831712,7.876821650145645e-05,8.830385984868299e-05,0.0009535643347226535
2190,LVA,Latvia,0.22959540020558616,0.234687826182146,0.5092425976559845,False,2025,0.37774294614791903,93248719443.44168,96380447273.21254,3131727829.770859,0.03358467385356805,0.0001698594573262663,0.00018732325163284123,0.001746379430657492,662148557173.4613,691609984220.5782,29461427047.116943,0.044493681558229255,0.0002056213584357796,0.00024075893291942017,0.003513757448364056,21409477059.275417,22619317657.01319,1209840597.737774,0.05650958191963983,0.0001406595648467566,0.00016254581644751907,0.0021886251600762483
2190,MAR,Morocco,0.2556015473335152,0.268054454719604,1.2452907386088785,False,2025,0.535323172807693,1322488497920.333,1380361195462.3127,57872697541.97974,0.043760454350254774,0.002409010868114135,0.002682844444878012,0.027383357676387693,6241938094305.71,6824678605284.709,582740510978.999,0.09335890586781238,0.0019383502030148692,0.00237576434119595,0.04374141381810806,338030106399.21344,370011967565.7509,31981861166.537476,0.09461246368619873,0.002220846755835024,0.002658961613047603,0.0438114857212579
2190,MEX,Mexico,0.2204445563175797,0.224057642595625,0.36130862780452966,False,2025,0.6,2405332999984.3203,2459434188999.3633,54101189015.04297,0.022492182585694222,0.004381492426972219,0.004780110722606986,0.03986182956347674,12578801855058.59,13036347363135.484,457545508076.89453,0.036374331462490736,0.0039061782992816834,0.004538131536450438,0.06319532371687545,530242565977.5764,551055026506.2802,20812460528.703735,0.03925082945827454,0.0034836763358178785,0.003959964246012549,0.04762879101946702
2190,MLT,Malta,0.17154534066438287,0.177892518268965,0.6347177604582116,False,2025,0.5405064821243291,46717678467.16141,48734792051.90142,2017113584.7400131,0.04317666568465884,8.509971567800597e-05,9.472003889890466e-05,0.0009620323220898687,150296343867.51297,160530848170.0433,10234504302.530334,0.06809549746301284,4.667251488984698e-05,5.588299270957677e-05,0.0009210477819729789,8014200067.698308,8669554885.427084,655354817.728776,0.081774202314991,5.265303262645139e-05,6.230072447173913e-05,0.0009647691845287742
2190,MMR,Myanmar,0.28595886947164084,0.223283039488531,-6.267582998310983,True,2024,0.464970886707306,204077863742.4205,167321555423.70483,-36756308318.71567,-0.18010923695824313,0.0003717429622035338,0.0003252030750737595,-0.004653988712977433,921118484327.4965,599608369459.9884,-321510114867.50806,-0.34904316907964433,0.0002860409978634283,0.00020873190742529612,-0.007730909043813221,58357875199.97013,37360065466.953514,-20997809733.016617,-0.3598110736736927,0.00038340933355272426,0.0002684750457967884,-0.011493428775593586
2190,MYS,Malaysia,0.20375990177515943,0.213336617158592,0.9576715383432577,False,2025,0.6,4676066271168.381,4956689081828.64,280622810660.2588,0.06001258202658904,0.008517801466690076,0.009633729064455237,0.11159275977651612,14918062363188.145,16504387024100.342,1586324660912.1973,0.10633583787842427,0.0046326042926721125,0.005745403766675832,0.11127994740037193,952794804107.4053,1057443281024.2494,104648476916.84412,0.10983317338183915,0.006259830735843954,0.00759894635494175,0.13391156190977957
2190,NGA,Nigeria,0.30704124547710465,0.223283039488531,-8.375820598857365,True,2024,0.6,123372730523904.05,76576179778446.34,-46796550745457.7,-0.3793103268991088,0.22473257735577304,0.14883204425329977,-7.5900533102473275,904786123902488.9,414966524129782.5,-489819599772706.4,-0.5413650660998593,0.28096920226609523,0.14445554550424694,-13.65136567618483,37880516837970.7,17098162173351.686,-20782354664619.016,-0.548629121231714,0.2488737580954032,0.12286996329254106,-12.600379480286216
2190,NLD,Netherlands,0.19556185909109577,0.19797313681368903,0.24112777225932525,False,2025,0.44134414196014404,1355752617334.9453,1386393742808.118,30641125473.172607,0.022600823396089056,0.002469603928329071,0.002694569192131383,0.022496526380231176,6273510122361.297,6451846292333.386,178336169972.08887,0.028426856176804034,0.001948154473109596,0.002245976293203555,0.029782182009395888,265133502313.64087,274468718122.59393,9335215808.953064,0.035209491548563066,0.0017419184484740245,0.0019723734620574803,0.023045501358345582
2190,NOR,Norway,0.23038959210277993,0.233787838586296,0.3398246483516082,False,2025,0.6,840397397892.8925,846372886139.6809,5975488246.788452,0.007110312647053222,0.0015308461799421827,0.001644994660339398,0.01141484803972154,4497650240701.874,4600970093351.049,103319852649.1748,0.02297196249592129,0.0013966849919750857,0.0016016608715065514,0.02049758795314657,193618813704.78113,197871687688.6412,4252873983.860077,0.021965189758597608,0.0012720692806488128,0.0014219356885518774,0.014986640790306465
2190,NZL,New Zealand,0.22885845135204397,0.233735424950356,0.48769735983120455,False,2024,0.445564746856689,436287542973.30365,444098508581.8269,7810965608.523254,0.017903251500814007,0.0007947301124344561,0.0008631416332507977,0.006841152081634165,2353866588922.0405,2440605580631.2485,86738991709.20801,0.036849578526423774,0.0007309617159883823,0.0008496083178038045,0.011864660181542218,99848091429.05861,103801553623.19264,3953462194.134033,0.0395947697902963,0.0006559986987214098,0.0007459335660804694,0.008993486735905963
2190,PAK,Pakistan,0.12135563818513165,0.125728081828942,0.4372443643810342,False,2025,0.464970886707306,5404164148109.23,5559987426216.608,155823278107.37793,0.028833927659635623,0.009844085741645633,0.010806288549006143,0.09622028073605106,7295900451637.199,7763876941562.314,467976489925.11523,0.06414238969229649,0.0022656440848890305,0.0027027121794298372,0.04370680945408067,655825789051.004,699046554091.2504,43220765040.24634,0.0659028140732127,0.004308754008693991,0.00502345360689325,0.07146995981992585
2190,PER,Peru,0.1995266901374752,0.205153342799352,0.5626652661876785,False,2025,0.599466234445572,1324411308746.4758,1375272425077.0337,50861116330.55786,0.03840281036160641,0.0024125134106200165,0.0026729540050393044,0.02604405944192879,5928512007942.53,6310458684694.411,381946676751.88086,0.06442538637691554,0.0018410199333208374,0.0021967573254040203,0.035573739208318286,264255404814.82608,282141735264.3248,17886330449.49875,0.0676857696138037,0.001736149376593644,0.002027512916519837,0.029136353992619296
2190,PHL,Philippines,0.21848133534218775,0.227364786437201,0.8883451095013262,False,2025,0.550943464040756,8285227346042.132,8666540971455.494,381313625413.3623,0.046023314688584435,0.015092156001960384,0.01684412846290554,0.17519724609451562,36961847847876.56,40142468684197.66,3180620836321.0938,0.08605145633983283,0.011478006381558853,0.013974144598346741,0.24961382167878882,1810167534176.8953,1970466237124.231,160298702947.3357,0.08855462266382179,0.01189274156263141,0.01416006654808712,0.22673249854557095
2190,POL,Poland,0.1648081900254588,0.170286414261905,0.54782242364462,False,2025,0.45203083753585804,892217384529.4038,912941001021.2076,20723616491.803833,0.023227093364398425,0.00162524012831239,0.0017743752150833258,0.014913508677093582,3300130701008.6543,3453707008265.4233,153576307256.76904,0.0465364317873319,0.0010248113514793266,0.001202282837000093,0.01774714855207664,147044732253.53983,155461449496.5756,8416717243.035767,0.05723916194783067,0.0009660790870569142,0.0011171693424934376,0.015109025543652338
2190,PRT,Portugal,0.20303210584877082,0.206950625491652,0.3918519642881174,False,2025,0.382742583751678,499818241975.7098,507354047629.5946,7535805653.884827,0.015077092072704006,0.0009104559917871729,0.0009860839269779334,0.007562793519076054,2969664874158.555,3062790630478.586,93125756320.03076,0.03135901196474826,0.0009221896187920506,0.0010661994777022218,0.014400985891017124,101479150209.95886,104997237502.666,3518087292.707138,0.03466807994970659,0.0006667147016263717,0.0007545259301539221,0.008781122852755043
2190,ROU,Romania,0.25432522773158667,0.256090244812044,0.17650170804573428,False,2025,0.500472068786621,967675506394.2799,974748997459.9664,7073491065.686523,0.007309775869024038,0.0017626926928872978,0.001894504091814917,0.013181139892761914,4440208831823.235,4501162404829.222,60953573005.98633,0.013727636540229486,0.001378847332440631,0.0015669164445406081,0.018806911209997723,246104293534.0037,249623709389.81726,3519415855.813568,0.014300505713555534,0.0016168971684627864,0.0017938334950102078,0.017693632654742143
2190,RUS,Russian Federation,0.22840404986219537,0.230895938046192,0.24918881839966212,False,2025,0.47085404396057096,12261091095544.375,12375864888164.467,114773792620.0918,0.009360813954134968,0.02233448665190823,0.02405350170297466,0.17190150510664298,64346372922729.98,65617625879684.62,1271252956954.6406,0.019756404272875155,0.01998190355841992,0.022842396651202856,0.28604930927829364,2800482861951.637,2857536932485.6655,57054070534.02832,0.020372940434374855,0.018399080913200427,0.02053468989484782,0.21356089816473925
2190,SAU,Saudi Arabia,0.2920396788575627,0.301136714853976,0.9097035996413261,False,2025,0.6,875863639409.553,890345347815.0934,14481708405.540405,0.016534204360056523,0.0015954505688643937,0.0017304587221525676,0.013500815328817386,5300707927268.87,5424980966762.658,124273039493.78809,0.023444611776189367,0.0016460637916799119,0.0018885103721252494,0.024244658044533754,255786935976.18195,268115673126.55783,12328737150.375885,0.048199244825872956,0.0016805118129827226,0.001926719525830614,0.024620771284789143
2190,SEN,Senegal,0.2810765497018498,0.287184343126871,0.6107793425021213,False,2025,0.47669756412506104,190541759144.93793,193784080532.05923,3242321387.1213074,0.017016329657453175,0.00034708594390920185,0.00037663514859029713,0.0029549204681095283,813136443174.7383,844886622341.1672,31750179166.428955,0.039046557847618235,0.0002525086224652564,0.0002941166354936207,0.00416080130283643,53556820234.58004,55651753876.044106,2094933641.4640656,0.0391160945009097,0.0003518665592772284,0.0003999218680106048,0.004805530873337641
2190,SGP,Singapore,0.21336277754234786,0.220845410150758,0.7482632608410145,False,2025,0.560532212257385,738280816539.8541,767017791066.0787,28736974526.22461,0.03892417882521714,0.0013448332545511674,0.0014907615678047474,0.014592831325358002,3095125429777.9956,3289896929399.645,194771499621.6494,0.06292846737252254,0.0009611497125611879,0.0011452582990538732,0.018410858649268523,157521645623.17584,169392358660.91656,11870713037.740723,0.07535924977661743,0.0010349120656219706,0.0012172789496137895,0.018236688399181897
2190,STP,Sao Tome and Principe,0.0838379445340614,0.0866884346482195,0.2850490114158097,False,2025,0.261682033538818,2553874239.9082212,2579144564.999926,25270325.091704845,0.009894897993337756,4.652071310571237e-06,5.012777591469381e-06,3.607062808981443e-05,3890049730.347139,4059144868.1818223,169095137.83468342,0.04346863139448702,1.2080027982711061e-06,1.4130440701057161e-06,2.0504127183461e-05,214111566.87239367,223582005.07130662,9470438.198912948,0.04423132452511146,1.4067059994760745e-06,1.6066938936162306e-06,1.9998789414015612e-05
2190,SVK,Slovakia,0.20408857705646652,0.20531514940457601,0.12265723481094948,False,2025,0.46824920177459695,333051501320.76764,334721693636.1942,1670192315.4265747,0.005014816954144229,0.0006066780070943125,0.000650558882199859,0.004388087510554656,1374608384458.9617,1389250484170.5251,14642099711.563477,0.010651833552816955,0.00042686620739040485,0.00048361717117722814,0.0056750963786823296,67972006991.07535,68723434537.86794,751427546.7925873,0.011054956004039265,0.0004465738653333055,0.0004938569299667561,0.004728306463345063
2190,SVN,Slovenia,0.20711267753933132,0.211254931090118,0.41422535507866787,False,2025,0.36730605363845803,202253837578.4355,204710699132.3625,2456861553.927002,0.012147416253470164,0.0003684203632851505,0.00039787192205907487,0.0029451558773924374,947272309530.515,976790539733.6617,29518230203.14673,0.03116129322705156,0.00029416271769242404,0.00034003420048525027,0.004587148279282623,41889333843.4748,43246144638.61712,1356810795.1423187,0.0323903645785399,0.0002752115548563096,0.00031077329542308305,0.0035561740566773465
2190,SWE,Sweden,0.24742316860017569,0.252280085399797,0.485691679962133,False,2025,0.389844954013824,1229249856666.2393,1243939186527.6162,14689329861.376953,0.011949832478496143,0.002239169768957114,0.0024176971558693776,0.017852738691226347,6463786407565.644,6658341481803.397,194555074237.7539,0.030099242451766935,0.002007242222856942,0.002317860104316868,0.03106178814599259,304144894537.6727,313821084209.34106,9676189671.668335,0.031814407690048535,0.0019982220209109392,0.002255165479558004,0.02569434586470647
2190,THA,Thailand,0.2232864132453714,0.226635709444052,0.33492961986806014,False,2025,0.562156498432159,2113566987453.1917,2150114997467.3015,36548010014.10986,0.017292099200579173,0.003850018999234207,0.00417892367285222,0.032890467361801345,6787456983932.182,7000578145008.554,213121161076.37207,0.03139926508276807,0.002107753781595783,0.002436997386483253,0.03292436048874703,471930791782.24805,487292837837.298,15362046055.049927,0.032551480688588076,0.003100569884359563,0.003501759574552577,0.0401189690193014
2190,TUN,Tunisia,0.14896864659231823,0.152116354094814,0.3147707502495767,False,2024,0.43909955024719205,88028720140.91115,89827981977.00648,1799261836.095337,0.020439486490490665,0.00016035084150758887,0.0001745880014838433,0.0014237159976254444,324847245836.88824,337239813210.2976,12392567373.409363,0.03814890700853255,0.00010087695766979427,0.0001173978100648131,0.0016520852395018825,13113519300.64548,13664305114.036888,550785813.3914089,0.04200137284003524,8.615539339571163e-05,9.819375034332587e-05,0.0012038356947614243
2190,TUR,Türkiye,0.2959518223598651,0.305913560700498,0.9961738340632909,False,2025,0.574435263872147,3015932464235.223,3161559692489.701,145627228254.47803,0.04828597124816786,0.005493744630116675,0.006144748842570465,0.065100421245379,17210687268309.564,18366792541530.867,1156105273221.3027,0.06717368430429074,0.00534454822469109,0.006393732702448984,0.10491844777578939,892570708904.693,967163982896.696,74593273992.00305,0.08357127704038066,0.00586416039784132,0.006950185749296236,0.10860253514549165
2190,TWN,"China, Taiwan Province of China",0.25575286117723584,0.223283039488531,-3.2469821688704825,True,2024,0.349079370498657,789280880166.3859,759546213309.5358,-29734666856.850098,-0.03767311182120847,0.0014377336523572952,0.0014762399477066816,0.003850629534938644,3970384258743.7812,3570375996954.11,-400008261789.6714,-0.10074799710097403,0.0012329496091933083,0.0012428969140989533,0.0009947304905644954,201860843375.0402,169593787139.75726,-32267056235.28293,-0.15984802052636576,0.0013262191463210542,0.0012187264449381584,-0.010749270138289583
2190,UKR,Ukraine,0.18985231349103526,0.193649359760856,0.37970462698207474,False,2025,0.441631197929382,308769902632.0365,313056621539.6544,4286718907.61792,0.013883214882916993,0.0005624472744805132,0.0006084510494723413,0.004600377499182818,2352231849126.584,2425304000649.6665,73072151523.08252,0.031065029389094962,0.0007304540694583262,0.0008442816276859651,0.011382755822763886,58620680351.09383,60623214330.05068,2002533978.9568558,0.03416087918057556,0.00038513595480994594,0.00043564753006135646,0.005051157525141052
2190,USA,United States of America,0.2086493248839637,0.213498335194267,0.4849010310303298,False,2024,0.43169730901718095,71242280455856.58,72467020372548.34,1224739916691.7656,0.017191194735135463,0.12977309682260266,0.14084555816438923,1.1072461341786577,279329835729613.5,290184535010477.8,10854699280864.312,0.03885979187476226,0.08674213611450925,0.10101722154513976,1.427508543063051,14864653720308.477,15471588206028.102,606934485719.625,0.04083071810077993,0.09766028932455739,0.11118115828347766,1.3520868958920267
2190,VNM,Viet Nam,0.2726937168815761,0.292054970780168,1.936125389859189,False,2025,0.464970886707306,3626198928079.3003,3828413219622.5513,202214291543.25098,0.055764809254510044,0.006605390248326449,0.007440833002786573,0.08354427544601242,18601199913090.08,20976417293849.27,2375217380759.1914,0.12769162160811454,0.0057763532869303125,0.007302178914943078,0.15258256280127658,988841663849.9315,1118107110991.2732,129265447141.34167,0.13072411071158024,0.006496657426726586,0.00803488575507507,0.15382283283484846
2190,ZAF,South Africa,0.13734852138828693,0.13878930737765,0.14407859893630637,False,2025,0.45711016654968295,1146066010783.7915,1155601312740.233,9535301956.441406,0.008320028573153686,0.0020876442251830316,0.0022460053010549277,0.01583610758718961,3057087996496.725,3112237654705.8364,55149658209.11133,0.018039931553265776,0.0009493376975413375,0.0010834126658582747,0.013407496831693724,157410471994.52628,160385105799.92,2974633805.393738,0.018897305672885452,0.0010341816585137077,0.0011525514767323965,0.011836981821868889
2226,AGO,Angola,0.10384533241310046,0.106227544338657,0.23822119255565433,False,2024,0.6,10951191228218.867,11328599077625.57,377407849406.7031,0.034462721136144917,0.01734599132806192,0.01947360326832844,0.2127611940266519,21101830509071.863,22316855474206.246,1215024965134.3828,0.05757912635171782,0.005467367073188972,0.006789386290554452,0.13220192173654796,1137230093413.818,1203409260813.339,66179167399.520996,0.05819329595900832,0.006497577274687377,0.007742150868753687,0.12445735940663097
2226,ARE,United Arab Emirates,0.2649423251162367,0.223283039488531,-4.165928562770571,True,2024,0.464970886707306,13057362852410.873,11580054782872.834,-1477308069538.039,-0.11313984961865965,0.02068203340488232,0.019905849886819354,-0.07761835180629673,81814305597563.78,61599319125915.68,-20214986471648.1,-0.24708376272339896,0.021197632136588263,0.01874016584748509,-0.2457466289103174,3459448074004.114,2585629829363.5474,-873818244640.5664,-0.2525889176388682,0.019765596530367916,0.016634686869662938,-0.3130909660704978
2226,ARG,Argentina,0.1545897077285381,0.16000034749903702,0.541063977049891,False,2025,0.47152823209762595,1091161808994.8441,1118715460292.2322,27553651297.38806,0.0252516639331154,0.0017283309990574708,0.0019230463444419557,0.019471534538448493,4588678040405.468,4842200089435.078,253522049029.61035,0.05524947420525683,0.0011889009921102628,0.001473127203845073,0.02842262117348103,168682385137.05588,178994862399.3023,10312477262.24643,0.061135472170774995,0.0009637687559045036,0.0011515660337287012,0.018779727782419754
2226,AUS,Australia,0.2384957942255656,0.24328717473155698,0.47913805059913717,False,2025,0.453912258148193,12425120615341.562,12641595958448.502,216475343106.93945,0.017422393698106456,0.019680601858953376,0.021730614940689397,0.20500130817360207,75132745847606.14,77888278166373.48,2755532318767.3438,0.036675517281858264,0.01946647711860258,0.023695704289023557,0.42292271704209783,2963339009504.3345,3075538164828.805,112199155324.4707,0.03786240958750035,0.01693107165986996,0.019786519225073358,0.28554475652033984
2226,AUT,Austria,0.23367344731894873,0.23526710022966402,0.1593652910715282,False,2025,0.39200001955032304,522353561102.09985,527140745863.9112,4787184761.81134,0.009164644635926263,0.000827374862901828,0.0009061429115095954,0.007876804860776744,2815662101945.8735,2855349476089.806,39687374143.93262,0.014095219066416068,0.0007295224108063418,0.0008686739316886435,0.013915152088230172,122060157342.0568,124018874692.30464,1958717350.2478485,0.016047147512343547,0.000697392118871691,0.0007978772224105507,0.010048510353885966
2226,BEL,Belgium,0.2373766477271793,0.238945707368656,0.15690596414766889,False,2025,0.413874268531799,769958141731.3555,777858079730.8704,7899937999.514893,0.010260217499292635,0.0012195647917304217,0.0013371202864491925,0.011755549471877081,4224533333583.668,4284444856804.66,59911523220.99219,0.014181808614152724,0.0010945531212420152,0.0013034430951549955,0.020888997391298028,182770082574.43756,185865849093.71722,3095766519.279663,0.016938037536963067,0.0010442589779377808,0.001195770625913247,0.015151164797546626
2226,BGD,Bangladesh,0.2726170840933099,0.285411003849809,1.2793919756499073,False,2025,0.464970886707306,5842420282255.869,6104961778749.69,262541496493.8213,0.04493711232846279,0.009254022639086545,0.010494289967634561,0.12402673285480167,38897275129240.81,42476221146875.18,3578946017634.367,0.09201019880551772,0.010078067928133375,0.012922406288935769,0.2844338360802393,1592743581396.2078,1742423269737.6648,149679688341.45703,0.09397601101003779,0.00910015884984005,0.01120990528394193,0.21097464341018804
2226,BGR,Bulgaria,0.19589055019405968,0.20132259515094098,0.5432044956881293,False,2025,0.483489334583282,54242923337.9981,54623849778.408676,380926440.41057587,0.007022601603474611,8.591734526607047e-05,9.389715112033544e-05,0.0007979805854264976,234729603171.40912,238612462797.886,3882859626.4768677,0.016541840372990557,6.081713635840034e-05,7.259231416127731e-05,0.0011775177802876976,10625676096.814648,10997015194.524387,371339097.7097397,0.03494733834593916,6.0709923114678655e-05,7.074945616127399e-05,0.0010039533046595338
2226,BLR,Belarus,0.24779875653926606,0.25082190136904503,0.3023144829778973,False,2025,0.430456221103668,57235456246.75889,57787239853.96361,551783607.2047195,0.009640590700034226,9.0657327319397e-05,9.933494646397963e-05,0.000867761914458262,369275911658.34955,374205592950.33496,4929681291.985413,0.013349588035263739,9.567733753973278e-05,0.00011384338288887752,0.0018166045349144744,14182874887.90442,14494305375.040209,311430487.13578796,0.021958205906574355,8.103401949621878e-05,9.324932307360296e-05,0.0012215303577384183
2226,BRA,Brazil,0.16523265625739028,0.168390252318469,0.315759606107871,False,2025,0.48858571052551303,2480154542487.9717,2510451559685.986,30297017198.01416,0.012215777960199872,0.003928407265448396,0.004315408936506196,0.03870016710578002,9618486002697.383,9761394370789.156,142908368091.77344,0.014857678022476364,0.002492096296691831,0.0029696781069506162,0.04775818102587853,409802522984.12006,422735571568.8172,12933048584.697144,0.03155922147701932,0.002341411448634829,0.002719675408233593,0.03782639595987639
2226,BRN,Brunei Darussalam,0.26232478276458365,0.269145227116463,0.682044435187934,False,2025,0.464970886707306,75805203285.64258,77449233932.40775,1644030646.7651672,0.02168756992274361,0.00012007062715026563,0.00013313346555042754,0.0013062838400161908,457339121928.4686,478843479762.14844,21504357833.67981,0.047020595445677306,0.00011849402616696709,0.00014567703593259708,0.0027183009765629983,19885583484.33129,20845091656.733955,959508172.4026642,0.04825144674073567,0.00011361651093300171,0.0001341071983859908,0.0020490687452989096
2226,CAN,Canada,0.22563870167462657,0.229023282199746,0.33845805251194183,False,2025,0.340698301792145,5965094620052.23,6016893847197.04,51799227144.80957,0.008683722630430967,0.009448330998355103,0.010342903203219372,0.08945722048642693,36875393791652.78,37716088783992.88,840694992340.1016,0.022798264801999313,0.009554209704256935,0.011474246289731082,0.19200365854741466,1345956205434.8853,1378008777532.523,32052572097.637695,0.023813978469887396,0.007690136326682526,0.008865439382536429,0.11753030558539031
2226,CHE,Switzerland,0.25652365379916414,0.259966201233149,0.3442547433984866,False,2025,0.346538305282593,1511884682444.638,1525371376111.9097,13486693667.271729,0.008920451290944,0.0023947293079074165,0.0026220785828615866,0.022734927495417008,7336491892460.004,7492997036453.895,156505143993.89062,0.021332422401330126,0.001900844298237988,0.0022795707671837504,0.03787264689457624,387834182863.6875,396545002117.5941,8710819253.906616,0.02246016374726881,0.0022158950836038654,0.002551178001214392,0.033528291761052674
2226,CHL,Chile,0.23523347349707513,0.240869667522065,0.5636194024989882,False,2025,0.559776395559311,300986810408.538,307635629144.8351,6648818736.297058,0.022090066761637914,0.0004767439901655943,0.0005288186255087049,0.005207463534311058,1926556637577.836,1986068460714.363,59511823136.5271,0.030890253614006574,0.000499160123592046,0.0006042153203376551,0.010505519674560912,70802172889.20601,74100091710.05772,3297918820.851715,0.046579344761246616,0.00040452903262734027,0.00047672401076589104,0.007219497813855077
2226,CHN,China,0.3797604946107143,0.396519325237885,1.6758830627170707,False,2024,0.43881940841674805,95083831850760.31,98584554823710.5,3500722972950.1875,0.03681722649172132,0.15060675029326803,0.16946459980328782,1.8857849510019786,759833555982434.6,820550229586365.2,60716673603930.625,0.07990786024898094,0.19686865380216598,0.24963339866156137,5.276474485939539,36109083013126.73,39090681157574.97,2981598144448.242,0.08257197069680065,0.20630966288588842,0.25149046208913617,4.518079920324775
2226,CIV,Côte d'Ivoire,0.18874231759330037,0.200444341284085,1.170202369078463,False,2025,0.6,3329878937272.448,3597939920671.315,268060983398.8667,0.08050172046748322,0.005274316735570162,0.006184776609917737,0.0910459874347575,10076918594431.668,11527952425729.004,1451033831297.336,0.1439957877698002,0.0026108736348117246,0.003507112471462211,0.08962388366504864,628489067925.918,721186697378.6748,92697629452.75684,0.14749282713646725,0.003590879549173981,0.004639765038761798,0.10488854895878172
2226,CMR,Cameroon,0.1871666712749274,0.193425524762361,0.6258853487433602,False,2025,0.35640287399292003,1045384840700.3622,1064523842212.424,19139001512.061768,0.01830809168730577,0.001655823188855512,0.0018298921897469387,0.01740690008914267,3999030164309.186,4206227611689.619,207197447380.4331,0.051811924108410796,0.0010361265026573845,0.0012796473102926172,0.024352080763523267,195661200835.157,205906082801.98288,10244881966.825867,0.052360314273329524,0.001117912531023699,0.001324699759057538,0.020678722803383915
2226,COD,Democratic Republic of the Congo,0.2718604039937121,0.287902886433381,1.6042482439668937,False,2025,0.464970886707306,6086885050431.93,6369942295238.781,283057244806.85156,0.04650280766954283,0.009641239304418058,0.010949785427981178,0.13085461235631204,34856074749161.844,38546510074067.06,3690435324905.2188,0.10587638887806665,0.00903101535680769,0.011726882729875198,0.26958673730675087,1654783028873.711,1833924773213.3213,179141744339.61035,0.10825693835012253,0.009454621949610751,0.011798581528752882,0.23439595791421314
2226,COL,Colombia,0.15643753053822665,0.160101297503432,0.3663766965205345,False,2025,0.522350490093231,991691777480.8069,1018635473004.6998,26943695523.892944,0.027169425153789187,0.0015707767870920604,0.0017510111303627545,0.018023434327069404,3920344099430.4995,4111602975937.967,191258876507.4673,0.048786247241728364,0.001015739380315008,0.0012508599569191318,0.023512057660412373,155137812724.162,163084860911.07462,7947048186.912628,0.05122573309089147,0.00088638168497219,0.001049208809254042,0.01628271242818521
2226,CRI,Costa Rica,0.15695483519462908,0.162542427327558,0.558759213292892,False,2025,0.46931111812591497,144467432534.61438,148418307203.32928,3950874668.714905,0.027347856879565403,0.0002288272371206108,0.00025512768281674505,0.0026300445696134257,513056006206.2078,540604742346.49677,27548736140.28894,0.05369537790620179,0.00013292996139968686,0.00016446646932576298,0.0031536507926076124,22674862064.461594,24124271912.676327,1449409848.2147331,0.06392144058447875,0.00012955308631909824,0.0001552038519468795,0.0025650765627781252
2226,CYP,Cyprus,0.19459834046372806,0.200344829457622,0.5746488993893933,False,2025,0.46342241764068604,114661244571.92432,119608077331.59517,4946832759.670853,0.04314302341771478,0.00018161612856183032,0.0002056035551865627,0.0023987426624732366,645942398233.0574,687697590699.4171,41755192466.35974,0.06464228479285297,0.00016736008744634113,0.00020921606091585873,0.00418559734695176,22312887909.202118,23962859854.7525,1649971945.5503807,0.07394703689924026,0.0001274849428019162,0.00015416540513981598,0.0026680462337899773
2226,CZE,Czechia,0.2583132732973169,0.26408399182277903,0.5770718525462126,False,2025,0.488497912883758,976819534205.88,998555880684.4117,21736346478.53174,0.022252161957635935,0.0015472200983721188,0.0017164947694291817,0.016927467105706286,4564762148624.405,4764024174303.779,199262025679.37402,0.04365222528394427,0.0011827045173924168,0.001449343992672807,0.02666394752803903,252325451301.4813,263702623029.2501,11377171727.768799,0.04508927525576968,0.0014416643805829665,0.0016965346357719372,0.025487025518897078
2226,DEU,Germany,0.20153145249731616,0.20312556628657,0.1594113789253837,False,2025,0.362648844718933,6262960658895.12,6302112571951.251,39151913056.13086,0.00625134264583387,0.009920131884580085,0.010833187681688729,0.09130557971086442,33165424295193.48,33600154387531.73,434730092338.25,0.013107930972595865,0.008592977215030141,0.010222068598458527,0.16290913834283854,1262183558520.682,1280120184979.31,17936626458.628174,0.014210790766162771,0.007211500340893439,0.008235671707851328,0.10241713669578885
2226,DNK,Denmark,0.21421563625027934,0.218499948975285,0.4284312725005651,False,2025,0.398817181587219,809355974058.0295,830451414452.1232,21095440394.093628,0.026064477276078177,0.0012819684557374901,0.0014275270285275558,0.014555857279006566,3916940328931.468,4079681308927.132,162740979995.66406,0.04154798550123929,0.0010148574822852093,0.001241148529221556,0.022629104693634675,173376704935.8054,181453591684.24216,8076886748.436768,0.046585766821599955,0.0009905898062980152,0.0011673843041120964,0.017679449781408126
2226,EGY,Egypt,0.11229200541518618,0.11705318644479,0.47611810296038226,False,2025,0.6,4986415604515.794,5293075279113.265,306659674597.4707,0.061499020322283965,0.007898165599662466,0.009098675603978802,0.12005100043163355,10933926373157.852,12058426409736.715,1124500036578.8633,0.10284503463819228,0.0028329195899652352,0.0036684968922503663,0.08355773022851311,559934608064.6564,619571327512.3539,59636719447.69751,0.10650657878394826,0.003199192850894784,0.003986021088380738,0.07868282374859539
2226,ESP,Spain,0.2018667437774424,0.20608575872239102,0.42190149449486125,False,2025,0.40550738573074296,1660623799351.8064,1690600387427.015,29976588075.208496,0.01805140218206514,0.0026303226217532344,0.00290610348238543,0.02757808606321955,9646878435527.914,9869363949933.355,222485514405.4414,0.02306295408326726,0.0024994526183303085,0.0030025253502051963,0.050307273187488774,335224719014.474,348408663539.2646,13183944524.790588,0.039328676487670786,0.0019153103042176686,0.0022414921713987267,0.03261818671810581
2226,EST,Estonia,0.23883288348834752,0.242245805393396,0.3412921905048466,False,2025,0.39328759908676103,93739890791.29924,94943557303.50821,1203666512.208969,0.01284049407406277,0.00014847803301703527,0.0001632058081624552,0.0014727775145419934,528055306577.71173,541580480386.9396,13525173809.227844,0.025613176575922544,0.0001368161968111966,0.00016476331502083015,0.002794711820963355,22388168415.568794,22999678505.90239,611510090.3335953,0.027313984734380927,0.0001279150588445956,0.0001479687640139805,0.00200537051693849
2226,FIN,Finland,0.2160788879597316,0.21834123391666999,0.22623459569383886,False,2025,0.417123079299927,357550831407.31067,362191936351.453,4641104944.142334,0.012980266122931575,0.0005663378066991588,0.0006225996724896173,0.005626186579045848,2211430046763.3125,2256633850902.6045,45203804139.29199,0.020440983066795655,0.000572969241561133,0.0006865285724428063,0.011355933088167335,77259186039.56917,79081434297.64424,1822248258.0750732,0.023586169509238527,0.0004414212518458925,0.0005087715502837249,0.006735029843783243
2226,FRA,France,0.2183198873935455,0.220193072027382,0.1873184633836511,False,2025,0.369021415710449,4639750774128.396,4739109338413.354,99358564284.95703,0.02141463391503439,0.007349070527142044,0.008146420794762136,0.07973502676200923,27092098391253.87,27748086465839.816,655988074585.9453,0.024213261930191337,0.007019412208066887,0.008441712501030256,0.14223002929633694,1012949866541.827,1043519043898.8903,30569177357.063232,0.03017837147402493,0.005787500762912729,0.006713494847814668,0.09259940849019391
2226,GBR,United Kingdom,0.18734281467337913,0.18883593690632602,0.14931222329468974,False,2025,0.40487867593765303,7349539278718.774,7477130956397.799,127591677679.02441,0.01736050014025738,0.011641203403096894,0.012853017467782654,0.12118140646857606,35560773985040.41,36306773293043.09,745999308002.6875,0.020978151609312896,0.009213599014518688,0.01104549469950908,0.18318956849903925,1376883375027.732,1411951029522.6719,35067654494.93994,0.02546886332637551,0.00786683906738617,0.009083807351181925,0.12169682837957549
2226,GRC,Greece,0.1658238817372449,0.16881202808615,0.29881463489050963,False,2025,0.45988798141479503,573316312923.1014,594422645744.534,21106332821.432617,0.03681446410240833,0.0009080966248288218,0.00102179896186823,0.011370233703940824,3025691332828.9614,3158150636402.666,132459303573.70459,0.04377819446964465,0.0007839398179049217,0.0009607941700872941,0.01768543521823724,95069536472.19366,100345692368.46988,5276155896.276215,0.05549786074553342,0.0005431808947672739,0.0006455754618517457,0.010239456708447173
2226,HKG,"China, Hong Kong SAR",0.16538902686608864,0.169391441316248,0.4002414450159364,False,2025,0.47343987226486195,154821484147.08002,158080223921.85025,3258739774.770233,0.021048369305609025,0.0002452273972253253,0.00027173629714750687,0.0026508899922181544,1382435193860.1692,1422817901604.8704,40382707744.70117,0.029211284495688127,0.0003581812798884595,0.0004328593858698699,0.007467810598141045,25605774601.049133,26777436973.71744,1171662372.6683083,0.04575773984280492,0.00014629888895140497,0.00017227302770542682,0.002597413875402184
2226,HRV,Croatia,0.2507343768038038,0.257348749663888,0.6614372860084206,False,2025,0.387384355068207,120869000455.99802,123760395510.77345,2891395054.7754364,0.023921725536466563,0.00019144881958948768,0.00021274129537059733,0.0021292475781109644,650069544407.3466,678069684754.2118,28000140346.865234,0.04307253060500214,0.00016842940809555428,0.00020628699357002784,0.0037857585474473563,30306013504.233337,31849583042.605804,1543569538.372467,0.05093278065611801,0.00017315375821647477,0.00020490475273232995,0.003175099451585518
2226,HUN,Hungary,0.2158582673730332,0.219445831776773,0.3587564403739779,False,2025,0.46341598033904996,812681833673.0872,823027124628.3718,10345290955.284668,0.012729816918051362,0.001287236406121964,0.0014147648437608296,0.01275284376388657,3922991756934.5615,4037631001484.2417,114639244549.68018,0.029222402608171587,0.0010164253736676969,0.0012283556973104323,0.021193032364273535,175424092542.21216,180609871938.91885,5185779396.706696,0.02956138647522914,0.0010022875790362755,0.0011619562209387755,0.015966864190250007
2226,IDN,Indonesia,0.2741019913604466,0.287670039932789,1.3568048572342395,False,2025,0.490695595741272,26686609909960.383,27998616754274.477,1312006844314.0938,0.04916348868367902,0.04226989506682484,0.048128983204249264,0.5859088137424424,176044927833024.97,193521970452700.88,17477042619675.906,0.09927603615057018,0.04561226294668708,0.058874576421899916,1.326231347521284,7314852918979.569,8054363199764.994,739510280785.4248,0.10109708137352232,0.04179349664531553,0.05181786203155257,1.0024365386237042
2226,IND,India,0.2975177759350861,0.316790977460161,1.927320152507489,False,2025,0.466519355773926,83179489540678.4,87479978440142.81,4300488899464.4062,0.051701313908175395,0.13175102819201623,0.1503760864333036,1.8625058241287378,412866074583773.3,461558041901725.94,48691967317952.625,0.11793646975484952,0.1069713066288574,0.1404183418942983,3.3447035265440905,24747376731558.395,27712867878246.652,2965491146688.258,0.11983052502314716,0.14139442280884967,0.1782911359467288,3.6896713137879122
2226,IRL,Ireland,0.21690080514461454,0.222358029402053,0.5457224257438442,False,2025,0.6,2056103154185.2236,2148796914855.968,92693760670.74438,0.0450822520660333,0.003256736800485798,0.00369373285587963,0.043699605539383214,5876771526630.531,6275918893352.349,399147366721.8174,0.06791949711046023,0.0015226388595786077,0.001909302936715533,0.03866640771369252,445970429603.15656,477802247572.5841,31831817969.42755,0.07137652152801444,0.0025480572008725454,0.003073947664019458,0.05258904631469125
2226,ISL,Iceland,0.26163598374596975,0.26661230015681797,0.4976316410848225,False,2025,0.382582187652588,57162658774.94582,59192574048.766205,2029915273.8203812,0.03551121164276714,9.05420207478598e-05,0.00010175068387171015,0.001120866312385035,425697298670.3181,442457759629.37854,16760460959.060425,0.03937178133714348,0.00011029580551767773,0.00013460752348596662,0.0024311717968288887,14955808462.118141,15781468319.34433,825659857.2261887,0.05520663488821207,8.54501844005241e-05,0.0001015303044753386,0.0016080120074814506
2226,ISR,Israel,0.22992885234885263,0.23804534083676698,0.8116488487914353,False,2025,0.50093686580658,6234552440551.905,6446884855283.137,212332414731.23145,0.034057362858982546,0.009875135071104914,0.01108204793268157,0.12069128615766564,27969976197889.47,29903152214737.605,1933176016848.1367,0.06911611233312413,0.00724686547152758,0.009097341331342898,0.1850475859815318,1433503487564.838,1534650902711.2654,101147415146.42749,0.07055958776790389,0.008190338734377018,0.009873198758358726,0.16828600239817085
2226,ITA,Italy,0.21721567853933324,0.218347372224523,0.11316936851897552,False,2025,0.488353967666626,1644483601962.2795,1657235186232.6992,12751584270.419678,0.0077541571440444,0.002604757574251322,0.0028487494630072244,0.02439918887559025,11869707570197.521,11935046841780.262,65339271582.740234,0.005504707777872655,0.003075375300250868,0.003630961516884144,0.05555862166332758,357207621447.04333,361852948071.92786,4645326624.8845215,0.013004556302764104,0.0020409098711872326,0.0023279861702100555,0.028707629902282282
2226,JOR,Jordan,0.2674840570829466,0.223283039488531,-4.420101759441558,True,2024,0.506775557994843,479944006526.512,405518416111.10345,-74425590415.40857,-0.15507140292061822,0.0007602008221454635,0.0006970769023810944,-0.006312391976436916,4345440902379.7593,3099412712965.146,-1246028189414.6133,-0.2867437890438763,0.0011258796007268584,0.0009429245175915265,-0.01829550831353319,128377370038.35564,90545384517.86206,-37831985520.493576,-0.29469357028571636,0.0007334855865811336,0.000582525039680027,-0.015096054690110654
2226,JPN,Japan,0.2761506616359199,0.278136184893082,0.1985523257162114,False,2024,0.412512123584747,6229525057715.53,6265363132512.849,35838074797.31836,0.005752938541106177,0.009867172016012067,0.010770016234005463,0.09028442179933957,38389388842386.44,38863055835458.95,473666993072.5156,0.012338487466347239,0.009946477412302151,0.011823184444747671,0.18767070324455204,1720287466365.6858,1742624198646.893,22336732281.207275,0.012984302169216118,0.009828882309852694,0.01121119796298288,0.13823156531301856
2226,KAZ,Kazakhstan,0.23246166013740122,0.24317581805313399,1.071415791573277,False,2024,0.6,7154869967807.3,7615408623435.929,460538655628.6289,0.06436715938944824,0.011332859579257061,0.013090713621589426,0.17578540423323646,21296723129506.03,23643900262262.375,2347177132756.3438,0.11021306510316574,0.0055178626685976825,0.007193108925286461,0.16752462566887788,1663232950783.7192,1851883221812.9229,188650271029.2036,0.11342384176570766,0.009502900676047314,0.011914117467318706,0.24112167912713928
2226,KHM,Cambodia,0.29715577623013867,0.309107381550115,1.1951605319976355,False,2025,0.464970886707306,777925725197.4634,807173151479.075,29247426281.611572,0.03759668222077063,0.0012321849378705595,0.0013875122257433114,0.015532728787275192,5096543079745.438,5496039291420.011,399496211674.57227,0.07838572252282938,0.0013204860028285252,0.0016720426343506988,0.03515566315221736,231165122720.44577,249503179311.25122,18338056590.80545,0.07932882077969071,0.0013207645988155632,0.0016051823094296723,0.028441771061410916
2226,KOR,Republic of Korea,0.278120731685448,0.283299339709431,0.5178608023983011,False,2025,0.454076826572418,1997210166476.2974,2018719472888.4346,21509306412.137207,0.010769676007651384,0.0031634540486103345,0.003470132701820185,0.030667865320985067,12438997132299.746,12693169301992.746,254172169693.0,0.020433493712527943,0.003222875063629679,0.003861602712901977,0.06387276492722982,555465552830.0032,571901893727.8641,16436340897.860962,0.029590207374913857,0.0031736588521902327,0.0036793390973030335,0.050568024511280084
2226,LAO,Lao People's Democratic Republic,0.27888489031351466,0.223283039488531,-5.560185082498364,True,2024,0.6,320348671654.7231,230374391658.8196,-89974279995.90347,-0.2808635963157019,0.0005074119485887884,0.0003960083215590907,-0.011140362702969768,1730102957320.1965,1014125842316.3151,-715977115003.8815,-0.41383497552820664,0.00044826006625409837,0.0003085242945036488,-0.013973577175044955,89340404156.50757,51438694389.90253,-37901709766.60504,-0.4242392915551219,0.0005104474311052872,0.00033093158364859155,-0.017951584745669567
2226,LTU,Lithuania,0.2229240625907989,0.229415611293443,0.6491548702644123,False,2025,0.42919749021530096,123672269135.8418,129564065140.37946,5891796004.537659,0.04764039704055322,0.00019588901912554366,0.00022271767101007158,0.002682865188452792,640242214207.1327,675229535725.596,34987321518.46326,0.054647008182350305,0.0001658832014273268,0.00020542294402235286,0.003953974259502606,27569524665.584522,29724019205.843624,2154494540.259102,0.07814768540237445,0.0001575187976280988,0.00019122990707403956,0.003371110944594077
2226,LUX,Luxembourg,0.14739917745039963,0.14974577235541,0.23465949050103796,False,2025,0.5016680955886841,83837652317.54967,84776251184.26714,938598866.7174683,0.011195433564412825,0.00013279351622661874,0.00014572844098606754,0.0012934924759448795,340284062367.65063,345220178111.0255,4936115743.374878,0.014505868153301245,8.816571042592956e-05,0.00010502524189390204,0.0016859531467972478,12357600990.97941,12694885210.984324,337284220.00491333,0.027293664866758386,7.060529600268348e-05,8.16727274464574e-05,0.0011067431443773916
2226,LVA,Latvia,0.22959540020558616,0.234687826182146,0.5092425976559845,False,2025,0.37774294614791903,93639040015.59134,98757123201.14478,5118083185.553436,0.054657578555923375,0.00014831829179396633,0.0001697612409056684,0.0021442949111702063,671440909556.2593,712020313267.8772,40579403711.61792,0.06043629920976362,0.0001739666100967755,0.00021661568580235433,0.004264907570557884,21499092867.24659,23177094564.079044,1678001696.8324547,0.07804988364829357,0.00012283531542968363,0.00014911017278792903,0.002627485735824539
2226,MAR,Morocco,0.2556015473335152,0.268054454719604,1.2452907386088785,False,2025,0.535323172807693,1473455764366.0232,1533529076553.0457,60073312187.02246,0.04077035336915589,0.0023338603425275776,0.0026361014837413877,0.030224114121381013,6991884595252.55,7627355000946.172,635470405693.6221,0.09088685561616719,0.0018115584616787998,0.002320446065372825,0.05088876036940253,376617573299.4429,411069300412.0845,34451727112.6416,0.09147668498530089,0.002151808855297245,0.0026446202841686767,0.04928114288714315
2226,MEX,Mexico,0.2204445563175797,0.224057642595625,0.36130862780452966,False,2025,0.6,2586809629782.229,2650577213438.742,63767583656.51318,0.024651053916898195,0.004097342149402638,0.004556281737299873,0.04589395878972346,13423004794028.822,13946490209638.219,523485415609.3965,0.03899912304600138,0.0034778259830387953,0.004242896564890597,0.07650705818518021,570248101115.3861,593882081960.7654,23633980845.379272,0.041445084690596955,0.0032581191125696787,0.0038207489559139865,0.056262984334430784
2226,MLT,Malta,0.17154534066438287,0.177892518268965,0.6347177604582116,False,2025,0.5405064821243291,46186863802.99358,48619221257.24475,2432357454.2511673,0.05266340370340354,7.315705865245914e-05,8.35753317326425e-05,0.0010418273080183352,149502550071.91318,160196360599.5991,10693810527.685913,0.07152928510277594,3.873528030042524e-05,4.8736031638002076e-05,0.0010000751337576835,7923141285.303988,8648995705.727262,725854420.423274,0.09161194964042914,4.5268959252554194e-05,5.5643438851123887e-05,0.0010374479598569692
2226,MMR,Myanmar,0.28595886947164084,0.223283039488531,-6.267582998310983,True,2024,0.464970886707306,226021911590.57172,185151390515.5883,-40870521074.98343,-0.18082548186309697,0.00035800435191922844,0.0003182710146924563,-0.003973333722677214,1022966251207.431,664634046887.9073,-358332204319.5237,-0.35028741553944304,0.00026504487354453047,0.00020219951199630106,-0.006284536154822941,64632970314.25904,41341165239.848526,-23291805074.410515,-0.3603703336108627,0.0003692812224558835,0.00026596898395202646,-0.010331223850385707
2226,MYS,Malaysia,0.20375990177515943,0.213336617158592,0.9576715383432577,False,2025,0.6,5275239283952.019,5595165783958.401,319926500006.3828,0.06064682240664265,0.008355643962923091,0.00961796228736951,0.12623183244464195,16975765275556.715,18796843210541.246,1821077934984.5312,0.10727515993677697,0.00439832648972621,0.005718504103181201,0.13201776134549903,1074882238338.5256,1193653740791.1868,118771502452.66113,0.1104972230597553,0.006141352084544339,0.007679388589723522,0.15380365051791836
2226,NGA,Nigeria,0.30704124547710465,0.223283039488531,-8.375820598857365,True,2024,0.6,165586698677302.3,102161880279852.12,-63424818397450.19,-0.38303087690064624,0.26227881327628333,0.17561394061915112,-8.666487265713222,1330903059563077.0,602954357673783.1,-727948701889293.9,-0.5469584705352414,0.34482959013121545,0.1834348954113147,-16.139469471990076,50841946196320.94,22811015148748.8,-28030931047572.137,-0.5513347372528499,0.29048604686007445,0.14675499557953997,-14.373105128053448
2226,NLD,Netherlands,0.19556185909109577,0.19797313681368903,0.24112777225932525,False,2025,0.44134414196014404,1382233077691.956,1431684376821.1548,49451299129.19873,0.035776382382464895,0.0021893694009491394,0.0024610327692453525,0.02716633682962131,6371209935191.083,6621841817300.5,250631882109.417,0.03933819237772458,0.0016507451048411576,0.0020145419727507215,0.036379686790956385,270312070370.64594,283435047006.4356,13122976635.789673,0.04854750517724102,0.0015444311363952716,0.0018234834705634616,0.027905233416818997
2226,NOR,Norway,0.23038959210277993,0.233787838586296,0.3398246483516082,False,2025,0.6,911647191969.3901,915774495519.1454,4127303549.755249,0.0045273035293831405,0.0014439912477653798,0.001574195457602095,0.013020420983671514,4877410611521.896,4975240077769.98,97829466248.08398,0.02005766461757016,0.001263709997499653,0.0015136015383202187,0.024989154082056576,210034024699.4725,214096939939.87662,4062915240.404114,0.019344081256441863,0.0012000318261907133,0.0013773957568123847,0.017736393062167136
2226,NZL,New Zealand,0.22885845135204397,0.233735424950356,0.48769735983120455,False,2024,0.445564746856689,463514289879.1124,473086950168.9756,9572660289.86316,0.02065235203937245,0.0007341771945282276,0.0008132256703487332,0.007904847582050557,2501507638421.687,2600201718645.622,98694080223.93506,0.039453839240005506,0.0006481267343019231,0.0007910511371843085,0.014292440288238534,106079162561.27606,110577179336.21341,4498016774.937347,0.042402453661331385,0.0006060845205977209,0.0007113998811041121,0.010531536050639126
2226,PAK,Pakistan,0.12135563818513165,0.125728081828942,0.4372443643810342,False,2025,0.464970886707306,6036247806961.355,6206278023154.373,170030216193.01758,0.028168196805460628,0.009561033127043105,0.010668450279483759,0.11074171524406533,8186035655566.479,8705652484096.716,519616828530.2373,0.06347600357407428,0.002120956368403871,0.0026484930950138623,0.052753672660999125,732532704857.3966,780303431148.3174,47770726290.92078,0.06521309693636189,0.004185334070573816,0.005020093399707918,0.0834759329134102
2226,PER,Peru,0.1995266901374752,0.205153342799352,0.5626652661876785,False,2025,0.599466234445572,1549391555429.276,1610571233615.395,61179678186.11914,0.03948626024953947,0.0024541378124231456,0.0027685351934426663,0.031439738101952074,7062911446233.581,7533169544707.515,470258098473.9336,0.06658133859581473,0.0018299611242439762,0.0022917923221922303,0.046183119794825415,309144968781.7579,330414072392.6744,21269103610.916504,0.06879977278857646,0.0017663033500199155,0.0021257237092345903,0.035942035921467476
2226,PHL,Philippines,0.21848133534218775,0.227364786437201,0.8883451095013262,False,2025,0.550943464040756,9188341130361.709,9614395817161.78,426054686800.0703,0.04636905408226808,0.014553748742496484,0.016526926985867604,0.19731782433711192,41504063644429.164,45114334767052.9,3610271122623.7344,0.08698596729114064,0.010753472352814958,0.013724991243902264,0.2971518891087306,2007481039740.973,2185975051691.7065,178494011950.73364,0.08891441982125266,0.011469766108660594,0.014063502082483921,0.25937359738233273
2226,POL,Poland,0.1648081900254588,0.170286414261905,0.54782242364462,False,2025,0.45203083753585804,891966092035.444,914899835090.2909,22933743054.846924,0.02571145165676949,0.0014128176355375824,0.0015726919362867666,0.01598743007491842,3286862281766.3433,3443760392098.9263,156898110332.583,0.04773492068802675,0.0008516077600808332,0.0010476843218837253,0.019607656180289208,147003317192.44333,155795012326.33383,8791695133.890503,0.05980610030984007,0.0008399051507914256,0.001002309463045514,0.016240431225408847
2226,PRT,Portugal,0.20303210584877082,0.206950625491652,0.3918519642881174,False,2025,0.382742583751678,530389862065.5931,540370161630.1433,9980299564.550232,0.018816912385320014,0.0008401038531931537,0.000928883975284391,0.00887801220912373,3188721472150.695,3299864595167.9937,111143123017.29883,0.03485507404393529,0.000826180021439959,0.0010039073591265638,0.017772733768660485,107686170616.01645,111829942946.38324,4143772330.366791,0.03848007879435613,0.0006152661796807796,0.000719459553892623,0.010419337421184342
2226,ROU,Romania,0.25432522773158667,0.256090244812044,0.17650170804573428,False,2025,0.500472068786621,999772449891.7058,1007639419403.0399,7866969511.334106,0.007868760048535291,0.0015835760589377737,0.0017321091651781165,0.014853310624034288,4546368290113.064,4611174693206.819,64806403093.75488,0.014254543177834632,0.001177938770822205,0.001402843078927253,0.022490430810504794,254267355998.4744,258046625597.19037,3779269598.715973,0.014863369243272615,0.001452759475499875,0.001660146694563396,0.020738721906352106
2226,RUS,Russian Federation,0.22840404986219537,0.230895938046192,0.24918881839966212,False,2025,0.47085404396057096,14041143504802.31,14172740284007.607,131596779205.29688,0.009372226639538905,0.02224027947231698,0.024362617091898003,0.2122337619581024,75982468116463.25,77498320287637.25,1515852171174.0,0.01995002543021576,0.01968663543861693,0.023577068638098383,0.38904331994814545,3207054041193.1074,3272428162560.9897,65374121367.882324,0.020384477632176556,0.018323540308538104,0.021053213870551566,0.2729673562013462
2226,SAU,Saudi Arabia,0.2920396788575627,0.301136714853976,0.9097035996413261,False,2025,0.6,993124097586.7852,1015360051520.2423,22235953933.457153,0.0223899047334455,0.0015730454911644803,0.0017453807555840352,0.017233526441955485,6003529938231.293,6173632279732.462,170102341501.16895,0.02833372086943952,0.0015554812599351928,0.0018781846040713682,0.03227033441361754,290031642524.95154,305762190308.76953,15730547783.817993,0.054237350265892756,0.0016570991396766006,0.001967125469627124,0.031002632995052362
2226,SEN,Senegal,0.2810765497018498,0.287184343126871,0.6107793425021213,False,2025,0.47669756412506104,228621711214.14835,232065650492.08972,3443939277.9413757,0.0150639204809182,0.00036212226939372715,0.0003989155568948531,0.003679328750112596,996916677454.1976,1033961823830.1077,37045146375.910034,0.03715972178388202,0.0002582955736793928,0.00031455893236313987,0.005626335868374707,64260201775.00552,66645621398.88082,2385419623.8752975,0.0371212594729686,0.0003671514051010673,0.00042876556830154575,0.006161416320047845
2226,SGP,Singapore,0.21336277754234786,0.220845410150758,0.7482632608410145,False,2025,0.560532212257385,740065322056.3674,772544964715.2247,32479642658.8573,0.04388753491192967,0.0011722164640418735,0.0013279871629954699,0.015577069895359634,3091894162662.6313,3293604636155.9453,201710473493.31396,0.06523847935325443,0.0008010926033862064,0.0010020029116140118,0.020091030822780537,157902392676.71875,170613009592.43668,12710616915.717926,0.08049667076129106,0.0009021771444643551,0.001097641262577629,0.019546411811327394
2226,STP,Sao Tome and Principe,0.0838379445340614,0.0866884346482195,0.2850490114158097,False,2025,0.261682033538818,2834041090.0484776,2860747392.448509,26706302.400031567,0.009423399856060218,4.488941079275396e-06,4.917559478424383e-06,4.286183991489871e-05,4378298243.70397,4566721725.405364,188423481.70139408,0.0430357803907828,1.134392755355377e-06,1.389319293261549e-06,2.5492653790617184e-05,237600179.71473518,247993713.37533695,10393533.660601765,0.04374379545116645,1.357531371282776e-06,1.5954711385191259e-06,2.3793976723634996e-05
2226,SVK,Slovakia,0.20408857705646652,0.20531514940457601,0.12265723481094948,False,2025,0.46824920177459695,357970401133.255,359856488424.3253,1886087291.0703125,0.005268835873299518,0.0005670023784956036,0.0006185850908034715,0.0051582712307867845,1478557140676.5667,1494717848604.3398,16160707927.773193,0.010930053011260887,0.0003830859423919736,0.00045473327912575444,0.007164733673378082,73057669795.61855,73883988685.04643,826318889.427887,0.011310501576898684,0.00041741584025502146,0.0004753337088317837,0.005791786857676227
2226,SVN,Slovenia,0.20711267753933132,0.211254931090118,0.41422535507866787,False,2025,0.36730605363845803,216825006998.921,219607984860.80508,2782977861.884094,0.012835133273617022,0.0003434370391979682,0.00037750111398882215,0.003406407479085395,1022782215423.0494,1055465578291.0237,32683362867.974243,0.03195534921816719,0.00026499719089503784,0.0003211009515065239,0.005610376061148607,44907207757.03078,46393269708.609055,1486061951.5782776,0.033091835939089674,0.0002565778502359516,0.0002984717710549052,0.004189392081895362
2226,SWE,Sweden,0.24742316860017569,0.252280085399797,0.485691679962133,False,2025,0.389844954013824,1310440897888.5479,1326615299306.1406,16174401417.592773,0.012342717205830366,0.002075655148102956,0.0022804214229282505,0.020476627482529437,6898215208232.173,7109224904358.515,211009696126.3418,0.030589027705967716,0.001787289243795506,0.0021628169863763804,0.037552774258087444,324233439218.8438,334678621001.63043,10445181782.786621,0.032215004744580236,0.001852511500146776,0.0021531597443332036,0.030064824418642753
2226,THA,Thailand,0.2232864132453714,0.226635709444052,0.33492961986806014,False,2025,0.562156498432159,2302828120118.8535,2344078100844.6597,41249980725.80615,0.01791274840072613,0.0036475334755062543,0.0040294167578038475,0.03818832822975932,7387050666327.768,7623409081593.891,236358415266.12305,0.03199631706108508,0.001913943795714597,0.0023192456108202123,0.04053018151056152,514190231261.9201,531251803377.19556,17061572115.275452,0.03318143962673722,0.0029378318256461852,0.0034178161536366058,0.047998432799042055
2226,TUN,Tunisia,0.14896864659231823,0.152116354094814,0.3147707502495767,False,2024,0.43909955024719205,91775963152.80467,94169063770.14839,2393100617.3437195,0.02607546175635626,0.00014536729637877016,0.00016187447145443075,0.001650717507566059,337944585903.83124,352533831437.9388,14589245534.107544,0.04317052600528774,8.755956506895268e-05,0.00010725025149209584,0.0019690686423143164,13671741020.579779,14324654649.237013,652913628.6572342,0.047756436263268684,7.811365024123182e-05,9.215787267768845e-05,0.0014044222436456627
2226,TUR,Türkiye,0.2959518223598651,0.305913560700498,0.9961738340632909,False,2025,0.574435263872147,2982790036640.541,3151834337729.276,169044301088.73486,0.056673215014197316,0.004724549962717743,0.005417931294051861,0.0693381331334118,17106579181969.488,18312036777172.65,1205457595203.1602,0.07046748402355772,0.0044322196462620355,0.005571012976750342,0.11387933304883067,882762147060.617,964188864992.8588,81426717932.24182,0.0922408354315746,0.005043671723878782,0.0062031229954985145,0.11594512716197325
2226,TWN,"China, Taiwan Province of China",0.25575286117723584,0.223283039488531,-3.2469821688704825,True,2024,0.349079370498657,787055537268.3562,758119266836.3821,-28936270431.97412,-0.03676522057440013,0.0012466459803003975,0.0013031897175711563,0.005654373727075881,3950251958009.742,3552935657073.2905,-397316300936.45166,-0.10057998962087263,0.0010234883403474303,0.0010808983671214746,0.005741002677404428,201291705561.76868,169275174194.04407,-32016531367.72461,-0.15905539315876066,0.001150082484816277,0.0010890342792102962,-0.006104820560598077
2226,UKR,Ukraine,0.18985231349103526,0.193649359760856,0.37970462698207474,False,2025,0.441631197929382,327554588604.143,332585393658.7714,5030805054.628418,0.01535867678137844,0.0005188256633446124,0.0005717067012940164,0.005288103794940399,2509442174932.5015,2593079118750.2607,83636943817.75928,0.03332889861070775,0.0006501825286388928,0.0007888842511667617,0.013870172252786889,62186996441.100845,64404948547.83334,2217952106.732498,0.03566585031700617,0.0003553061224785313,0.00041435016713652116,0.005904404465798988
2226,USA,United States of America,0.2086493248839637,0.213498335194267,0.4849010310303298,False,2024,0.43169730901718095,76687909988351.72,78068938172587.08,1381028184235.3594,0.018008421202835318,0.12146877850123106,0.13419872299614188,1.2729944494910828,301792813579049.25,313773639351913.6,11980825772864.375,0.039698843821959366,0.07819284166735188,0.0954583609601939,1.7265519292842022,16000880645831.764,16667588330231.502,666707684399.7383,0.04166693691158905,0.09142121639363776,0.10723117036985018,1.5809953976212419
2226,VNM,Viet Nam,0.2726937168815761,0.292054970780168,1.936125389859189,False,2025,0.464970886707306,4009810241365.422,4231675917020.5654,221865675655.14355,0.055330716991633444,0.006351284734638952,0.007274154324249454,0.09228695896105026,20714798522621.04,23361773510558.496,2646974987937.457,0.12778183601674423,0.005367089235297967,0.007107278396768191,0.1740189161470224,1093450058707.7467,1235881986296.5818,142431927588.83508,0.1302591978980393,0.006247439540697882,0.007951064617382287,0.17036250766844047
2226,ZAF,South Africa,0.13734852138828693,0.13878930737765,0.14407859893630637,False,2025,0.45711016654968295,1290189337941.0813,1302032132005.2585,11842794064.177246,0.009179113263388375,0.0020435779634471627,0.0022381635193855416,0.019458555593837884,3485525824704.0454,3551147158759.553,65621334055.50781,0.01882681046010603,0.000903080380564336,0.0010803542579414871,0.017727387737715112,177205597877.14035,180708137784.45477,3502539907.3144226,0.01976540216152084,0.001012466230345278,0.001162588415675976,0.015012218533069797
