iso3,country_name,original_2026_to_2060_rate,original_source_method,original_source_year,original_oecd_2024_projected_fallback,new_2061_forward_rate,new_source,new_source_years,new_calculation_method,new_fallback_used,new_fallback_donor_count,new_fallback_donor_iso3,new_source_path,new_source_sha256,new_policy_id,rate_change_percentage_points
AGO,Angola,0.10384533241310046,WDI_GFCF_SHARE_APPLIED_TO_REAL_GDP_LEVEL,2024,False,0.106227544338657,World Bank WDI NE.GDI.FTOT.ZS,2024,latest_available_2025_then_2024_WDI_GFCF_GDP_percentage_divided_by_100,False,0,,/home/ubuntu/LOOM_Earth2026/raw/WB_WDI_NE.GDI.FTOT.ZS_1990_2026.json,bdcba23035a47cefebc486ba17e12a1d8fbc977759668100b69c86b6bf86c5bc,WDI_NATIONAL_GFCF_GDP_LATEST_2024_2025_MEDIAN_2024_FALLBACK_v1,0.23822119255565433
ARE,United Arab Emirates,0.2649423251162367,WDI_GFCF_SHARE_APPLIED_TO_REAL_GDP_LEVEL,2009,False,0.223283039488531,World Bank WDI NE.GDI.FTOT.ZS,2024,unweighted_median_of_74_modeled_country_WDI_2024_GFCF_GDP_percentages_divided_by_100,True,74,AGO;ARG;AUS;AUT;BEL;BGD;BGR;BLR;BRA;BRN;CAN;CHE;CHL;CHN;CIV;CMR;COD;COL;CRI;CYP;CZE;DEU;DNK;EGY;ESP;EST;FIN;FRA;GBR;GRC;HKG;HRV;HUN;IDN;IND;IRL;ISL;ISR;ITA;JPN;KAZ;KHM;KOR;LTU;LUX;LVA;MAR;MEX;MLT;MYS;NLD;NOR;NZL;PAK;PER;PHL;POL;PRT;ROU;RUS;SAU;SEN;SGP;STP;SVK;SVN;SWE;THA;TUN;TUR;UKR;USA;VNM;ZAF,/home/ubuntu/LOOM_Earth2026/raw/WB_WDI_NE.GDI.FTOT.ZS_1990_2026.json,bdcba23035a47cefebc486ba17e12a1d8fbc977759668100b69c86b6bf86c5bc,WDI_NATIONAL_GFCF_GDP_LATEST_2024_2025_MEDIAN_2024_FALLBACK_v1,-4.165928562770571
ARG,Argentina,0.1545897077285381,WDI_GFCF_SHARE_APPLIED_TO_REAL_GDP_LEVEL,2025,False,0.16000034749903702,World Bank WDI NE.GDI.FTOT.ZS,2025,latest_available_2025_then_2024_WDI_GFCF_GDP_percentage_divided_by_100,False,0,,/home/ubuntu/LOOM_Earth2026/raw/WB_WDI_NE.GDI.FTOT.ZS_1990_2026.json,bdcba23035a47cefebc486ba17e12a1d8fbc977759668100b69c86b6bf86c5bc,WDI_NATIONAL_GFCF_GDP_LATEST_2024_2025_MEDIAN_2024_FALLBACK_v1,0.541063977049891
AUS,Australia,0.2384957942255656,WDI_GFCF_SHARE_APPLIED_TO_REAL_GDP_LEVEL,2025,False,0.24328717473155698,World Bank WDI NE.GDI.FTOT.ZS,2025,latest_available_2025_then_2024_WDI_GFCF_GDP_percentage_divided_by_100,False,0,,/home/ubuntu/LOOM_Earth2026/raw/WB_WDI_NE.GDI.FTOT.ZS_1990_2026.json,bdcba23035a47cefebc486ba17e12a1d8fbc977759668100b69c86b6bf86c5bc,WDI_NATIONAL_GFCF_GDP_LATEST_2024_2025_MEDIAN_2024_FALLBACK_v1,0.47913805059913717
AUT,Austria,0.23367344731894873,WDI_GFCF_SHARE_APPLIED_TO_REAL_GDP_LEVEL,2025,False,0.23526710022966402,World Bank WDI NE.GDI.FTOT.ZS,2025,latest_available_2025_then_2024_WDI_GFCF_GDP_percentage_divided_by_100,False,0,,/home/ubuntu/LOOM_Earth2026/raw/WB_WDI_NE.GDI.FTOT.ZS_1990_2026.json,bdcba23035a47cefebc486ba17e12a1d8fbc977759668100b69c86b6bf86c5bc,WDI_NATIONAL_GFCF_GDP_LATEST_2024_2025_MEDIAN_2024_FALLBACK_v1,0.1593652910715282
BEL,Belgium,0.2373766477271793,WDI_GFCF_SHARE_APPLIED_TO_REAL_GDP_LEVEL,2025,False,0.238945707368656,World Bank WDI NE.GDI.FTOT.ZS,2025,latest_available_2025_then_2024_WDI_GFCF_GDP_percentage_divided_by_100,False,0,,/home/ubuntu/LOOM_Earth2026/raw/WB_WDI_NE.GDI.FTOT.ZS_1990_2026.json,bdcba23035a47cefebc486ba17e12a1d8fbc977759668100b69c86b6bf86c5bc,WDI_NATIONAL_GFCF_GDP_LATEST_2024_2025_MEDIAN_2024_FALLBACK_v1,0.15690596414766889
BGD,Bangladesh,0.2726170840933099,WDI_GFCF_SHARE_APPLIED_TO_REAL_GDP_LEVEL,2025,False,0.285411003849809,World Bank WDI NE.GDI.FTOT.ZS,2025,latest_available_2025_then_2024_WDI_GFCF_GDP_percentage_divided_by_100,False,0,,/home/ubuntu/LOOM_Earth2026/raw/WB_WDI_NE.GDI.FTOT.ZS_1990_2026.json,bdcba23035a47cefebc486ba17e12a1d8fbc977759668100b69c86b6bf86c5bc,WDI_NATIONAL_GFCF_GDP_LATEST_2024_2025_MEDIAN_2024_FALLBACK_v1,1.2793919756499073
BGR,Bulgaria,0.19589055019405968,WDI_GFCF_SHARE_APPLIED_TO_REAL_GDP_LEVEL,2025,False,0.20132259515094098,World Bank WDI NE.GDI.FTOT.ZS,2025,latest_available_2025_then_2024_WDI_GFCF_GDP_percentage_divided_by_100,False,0,,/home/ubuntu/LOOM_Earth2026/raw/WB_WDI_NE.GDI.FTOT.ZS_1990_2026.json,bdcba23035a47cefebc486ba17e12a1d8fbc977759668100b69c86b6bf86c5bc,WDI_NATIONAL_GFCF_GDP_LATEST_2024_2025_MEDIAN_2024_FALLBACK_v1,0.5432044956881293
BLR,Belarus,0.24779875653926606,WDI_GFCF_SHARE_APPLIED_TO_REAL_GDP_LEVEL,2025,False,0.25082190136904503,World Bank WDI NE.GDI.FTOT.ZS,2025,latest_available_2025_then_2024_WDI_GFCF_GDP_percentage_divided_by_100,False,0,,/home/ubuntu/LOOM_Earth2026/raw/WB_WDI_NE.GDI.FTOT.ZS_1990_2026.json,bdcba23035a47cefebc486ba17e12a1d8fbc977759668100b69c86b6bf86c5bc,WDI_NATIONAL_GFCF_GDP_LATEST_2024_2025_MEDIAN_2024_FALLBACK_v1,0.3023144829778973
BRA,Brazil,0.16523265625739028,WDI_GFCF_SHARE_APPLIED_TO_REAL_GDP_LEVEL,2025,False,0.168390252318469,World Bank WDI NE.GDI.FTOT.ZS,2025,latest_available_2025_then_2024_WDI_GFCF_GDP_percentage_divided_by_100,False,0,,/home/ubuntu/LOOM_Earth2026/raw/WB_WDI_NE.GDI.FTOT.ZS_1990_2026.json,bdcba23035a47cefebc486ba17e12a1d8fbc977759668100b69c86b6bf86c5bc,WDI_NATIONAL_GFCF_GDP_LATEST_2024_2025_MEDIAN_2024_FALLBACK_v1,0.315759606107871
BRN,Brunei Darussalam,0.26232478276458365,WDI_GFCF_SHARE_APPLIED_TO_REAL_GDP_LEVEL,2025,False,0.269145227116463,World Bank WDI NE.GDI.FTOT.ZS,2025,latest_available_2025_then_2024_WDI_GFCF_GDP_percentage_divided_by_100,False,0,,/home/ubuntu/LOOM_Earth2026/raw/WB_WDI_NE.GDI.FTOT.ZS_1990_2026.json,bdcba23035a47cefebc486ba17e12a1d8fbc977759668100b69c86b6bf86c5bc,WDI_NATIONAL_GFCF_GDP_LATEST_2024_2025_MEDIAN_2024_FALLBACK_v1,0.682044435187934
CAN,Canada,0.22563870167462657,WDI_GFCF_SHARE_APPLIED_TO_REAL_GDP_LEVEL,2025,False,0.229023282199746,World Bank WDI NE.GDI.FTOT.ZS,2025,latest_available_2025_then_2024_WDI_GFCF_GDP_percentage_divided_by_100,False,0,,/home/ubuntu/LOOM_Earth2026/raw/WB_WDI_NE.GDI.FTOT.ZS_1990_2026.json,bdcba23035a47cefebc486ba17e12a1d8fbc977759668100b69c86b6bf86c5bc,WDI_NATIONAL_GFCF_GDP_LATEST_2024_2025_MEDIAN_2024_FALLBACK_v1,0.33845805251194183
CHE,Switzerland,0.25652365379916414,WDI_GFCF_SHARE_APPLIED_TO_REAL_GDP_LEVEL,2025,False,0.259966201233149,World Bank WDI NE.GDI.FTOT.ZS,2025,latest_available_2025_then_2024_WDI_GFCF_GDP_percentage_divided_by_100,False,0,,/home/ubuntu/LOOM_Earth2026/raw/WB_WDI_NE.GDI.FTOT.ZS_1990_2026.json,bdcba23035a47cefebc486ba17e12a1d8fbc977759668100b69c86b6bf86c5bc,WDI_NATIONAL_GFCF_GDP_LATEST_2024_2025_MEDIAN_2024_FALLBACK_v1,0.3442547433984866
CHL,Chile,0.23523347349707513,WDI_GFCF_SHARE_APPLIED_TO_REAL_GDP_LEVEL,2025,False,0.240869667522065,World Bank WDI NE.GDI.FTOT.ZS,2025,latest_available_2025_then_2024_WDI_GFCF_GDP_percentage_divided_by_100,False,0,,/home/ubuntu/LOOM_Earth2026/raw/WB_WDI_NE.GDI.FTOT.ZS_1990_2026.json,bdcba23035a47cefebc486ba17e12a1d8fbc977759668100b69c86b6bf86c5bc,WDI_NATIONAL_GFCF_GDP_LATEST_2024_2025_MEDIAN_2024_FALLBACK_v1,0.5636194024989882
CHN,China,0.3797604946107143,WDI_GFCF_SHARE_APPLIED_TO_REAL_GDP_LEVEL,2024,False,0.396519325237885,World Bank WDI NE.GDI.FTOT.ZS,2024,latest_available_2025_then_2024_WDI_GFCF_GDP_percentage_divided_by_100,False,0,,/home/ubuntu/LOOM_Earth2026/raw/WB_WDI_NE.GDI.FTOT.ZS_1990_2026.json,bdcba23035a47cefebc486ba17e12a1d8fbc977759668100b69c86b6bf86c5bc,WDI_NATIONAL_GFCF_GDP_LATEST_2024_2025_MEDIAN_2024_FALLBACK_v1,1.6758830627170707
CIV,Côte d'Ivoire,0.18874231759330037,WDI_GFCF_SHARE_APPLIED_TO_REAL_GDP_LEVEL,2025,False,0.200444341284085,World Bank WDI NE.GDI.FTOT.ZS,2025,latest_available_2025_then_2024_WDI_GFCF_GDP_percentage_divided_by_100,False,0,,/home/ubuntu/LOOM_Earth2026/raw/WB_WDI_NE.GDI.FTOT.ZS_1990_2026.json,bdcba23035a47cefebc486ba17e12a1d8fbc977759668100b69c86b6bf86c5bc,WDI_NATIONAL_GFCF_GDP_LATEST_2024_2025_MEDIAN_2024_FALLBACK_v1,1.170202369078463
CMR,Cameroon,0.1871666712749274,WDI_GFCF_SHARE_APPLIED_TO_REAL_GDP_LEVEL,2025,False,0.193425524762361,World Bank WDI NE.GDI.FTOT.ZS,2025,latest_available_2025_then_2024_WDI_GFCF_GDP_percentage_divided_by_100,False,0,,/home/ubuntu/LOOM_Earth2026/raw/WB_WDI_NE.GDI.FTOT.ZS_1990_2026.json,bdcba23035a47cefebc486ba17e12a1d8fbc977759668100b69c86b6bf86c5bc,WDI_NATIONAL_GFCF_GDP_LATEST_2024_2025_MEDIAN_2024_FALLBACK_v1,0.6258853487433602
COD,Democratic Republic of the Congo,0.2718604039937121,WDI_GFCF_SHARE_APPLIED_TO_REAL_GDP_LEVEL,2025,False,0.287902886433381,World Bank WDI NE.GDI.FTOT.ZS,2025,latest_available_2025_then_2024_WDI_GFCF_GDP_percentage_divided_by_100,False,0,,/home/ubuntu/LOOM_Earth2026/raw/WB_WDI_NE.GDI.FTOT.ZS_1990_2026.json,bdcba23035a47cefebc486ba17e12a1d8fbc977759668100b69c86b6bf86c5bc,WDI_NATIONAL_GFCF_GDP_LATEST_2024_2025_MEDIAN_2024_FALLBACK_v1,1.6042482439668937
COL,Colombia,0.15643753053822665,WDI_GFCF_SHARE_APPLIED_TO_REAL_GDP_LEVEL,2025,False,0.160101297503432,World Bank WDI NE.GDI.FTOT.ZS,2025,latest_available_2025_then_2024_WDI_GFCF_GDP_percentage_divided_by_100,False,0,,/home/ubuntu/LOOM_Earth2026/raw/WB_WDI_NE.GDI.FTOT.ZS_1990_2026.json,bdcba23035a47cefebc486ba17e12a1d8fbc977759668100b69c86b6bf86c5bc,WDI_NATIONAL_GFCF_GDP_LATEST_2024_2025_MEDIAN_2024_FALLBACK_v1,0.3663766965205345
CRI,Costa Rica,0.15695483519462908,WDI_GFCF_SHARE_APPLIED_TO_REAL_GDP_LEVEL,2025,False,0.162542427327558,World Bank WDI NE.GDI.FTOT.ZS,2025,latest_available_2025_then_2024_WDI_GFCF_GDP_percentage_divided_by_100,False,0,,/home/ubuntu/LOOM_Earth2026/raw/WB_WDI_NE.GDI.FTOT.ZS_1990_2026.json,bdcba23035a47cefebc486ba17e12a1d8fbc977759668100b69c86b6bf86c5bc,WDI_NATIONAL_GFCF_GDP_LATEST_2024_2025_MEDIAN_2024_FALLBACK_v1,0.558759213292892
CYP,Cyprus,0.19459834046372806,WDI_GFCF_SHARE_APPLIED_TO_REAL_GDP_LEVEL,2025,False,0.200344829457622,World Bank WDI NE.GDI.FTOT.ZS,2025,latest_available_2025_then_2024_WDI_GFCF_GDP_percentage_divided_by_100,False,0,,/home/ubuntu/LOOM_Earth2026/raw/WB_WDI_NE.GDI.FTOT.ZS_1990_2026.json,bdcba23035a47cefebc486ba17e12a1d8fbc977759668100b69c86b6bf86c5bc,WDI_NATIONAL_GFCF_GDP_LATEST_2024_2025_MEDIAN_2024_FALLBACK_v1,0.5746488993893933
CZE,Czechia,0.2583132732973169,WDI_GFCF_SHARE_APPLIED_TO_REAL_GDP_LEVEL,2025,False,0.26408399182277903,World Bank WDI NE.GDI.FTOT.ZS,2025,latest_available_2025_then_2024_WDI_GFCF_GDP_percentage_divided_by_100,False,0,,/home/ubuntu/LOOM_Earth2026/raw/WB_WDI_NE.GDI.FTOT.ZS_1990_2026.json,bdcba23035a47cefebc486ba17e12a1d8fbc977759668100b69c86b6bf86c5bc,WDI_NATIONAL_GFCF_GDP_LATEST_2024_2025_MEDIAN_2024_FALLBACK_v1,0.5770718525462126
DEU,Germany,0.20153145249731616,WDI_GFCF_SHARE_APPLIED_TO_REAL_GDP_LEVEL,2025,False,0.20312556628657,World Bank WDI NE.GDI.FTOT.ZS,2025,latest_available_2025_then_2024_WDI_GFCF_GDP_percentage_divided_by_100,False,0,,/home/ubuntu/LOOM_Earth2026/raw/WB_WDI_NE.GDI.FTOT.ZS_1990_2026.json,bdcba23035a47cefebc486ba17e12a1d8fbc977759668100b69c86b6bf86c5bc,WDI_NATIONAL_GFCF_GDP_LATEST_2024_2025_MEDIAN_2024_FALLBACK_v1,0.1594113789253837
DNK,Denmark,0.21421563625027934,WDI_GFCF_SHARE_APPLIED_TO_REAL_GDP_LEVEL,2025,False,0.218499948975285,World Bank WDI NE.GDI.FTOT.ZS,2025,latest_available_2025_then_2024_WDI_GFCF_GDP_percentage_divided_by_100,False,0,,/home/ubuntu/LOOM_Earth2026/raw/WB_WDI_NE.GDI.FTOT.ZS_1990_2026.json,bdcba23035a47cefebc486ba17e12a1d8fbc977759668100b69c86b6bf86c5bc,WDI_NATIONAL_GFCF_GDP_LATEST_2024_2025_MEDIAN_2024_FALLBACK_v1,0.4284312725005651
EGY,Egypt,0.11229200541518618,WDI_GFCF_SHARE_APPLIED_TO_REAL_GDP_LEVEL,2025,False,0.11705318644479,World Bank WDI NE.GDI.FTOT.ZS,2025,latest_available_2025_then_2024_WDI_GFCF_GDP_percentage_divided_by_100,False,0,,/home/ubuntu/LOOM_Earth2026/raw/WB_WDI_NE.GDI.FTOT.ZS_1990_2026.json,bdcba23035a47cefebc486ba17e12a1d8fbc977759668100b69c86b6bf86c5bc,WDI_NATIONAL_GFCF_GDP_LATEST_2024_2025_MEDIAN_2024_FALLBACK_v1,0.47611810296038226
ESP,Spain,0.2018667437774424,WDI_GFCF_SHARE_APPLIED_TO_REAL_GDP_LEVEL,2025,False,0.20608575872239102,World Bank WDI NE.GDI.FTOT.ZS,2025,latest_available_2025_then_2024_WDI_GFCF_GDP_percentage_divided_by_100,False,0,,/home/ubuntu/LOOM_Earth2026/raw/WB_WDI_NE.GDI.FTOT.ZS_1990_2026.json,bdcba23035a47cefebc486ba17e12a1d8fbc977759668100b69c86b6bf86c5bc,WDI_NATIONAL_GFCF_GDP_LATEST_2024_2025_MEDIAN_2024_FALLBACK_v1,0.42190149449486125
EST,Estonia,0.23883288348834752,WDI_GFCF_SHARE_APPLIED_TO_REAL_GDP_LEVEL,2025,False,0.242245805393396,World Bank WDI NE.GDI.FTOT.ZS,2025,latest_available_2025_then_2024_WDI_GFCF_GDP_percentage_divided_by_100,False,0,,/home/ubuntu/LOOM_Earth2026/raw/WB_WDI_NE.GDI.FTOT.ZS_1990_2026.json,bdcba23035a47cefebc486ba17e12a1d8fbc977759668100b69c86b6bf86c5bc,WDI_NATIONAL_GFCF_GDP_LATEST_2024_2025_MEDIAN_2024_FALLBACK_v1,0.3412921905048466
FIN,Finland,0.2160788879597316,WDI_GFCF_SHARE_APPLIED_TO_REAL_GDP_LEVEL,2025,False,0.21834123391666999,World Bank WDI NE.GDI.FTOT.ZS,2025,latest_available_2025_then_2024_WDI_GFCF_GDP_percentage_divided_by_100,False,0,,/home/ubuntu/LOOM_Earth2026/raw/WB_WDI_NE.GDI.FTOT.ZS_1990_2026.json,bdcba23035a47cefebc486ba17e12a1d8fbc977759668100b69c86b6bf86c5bc,WDI_NATIONAL_GFCF_GDP_LATEST_2024_2025_MEDIAN_2024_FALLBACK_v1,0.22623459569383886
FRA,France,0.2183198873935455,WDI_GFCF_SHARE_APPLIED_TO_REAL_GDP_LEVEL,2025,False,0.220193072027382,World Bank WDI NE.GDI.FTOT.ZS,2025,latest_available_2025_then_2024_WDI_GFCF_GDP_percentage_divided_by_100,False,0,,/home/ubuntu/LOOM_Earth2026/raw/WB_WDI_NE.GDI.FTOT.ZS_1990_2026.json,bdcba23035a47cefebc486ba17e12a1d8fbc977759668100b69c86b6bf86c5bc,WDI_NATIONAL_GFCF_GDP_LATEST_2024_2025_MEDIAN_2024_FALLBACK_v1,0.1873184633836511
GBR,United Kingdom,0.18734281467337913,WDI_GFCF_SHARE_APPLIED_TO_REAL_GDP_LEVEL,2025,False,0.18883593690632602,World Bank WDI NE.GDI.FTOT.ZS,2025,latest_available_2025_then_2024_WDI_GFCF_GDP_percentage_divided_by_100,False,0,,/home/ubuntu/LOOM_Earth2026/raw/WB_WDI_NE.GDI.FTOT.ZS_1990_2026.json,bdcba23035a47cefebc486ba17e12a1d8fbc977759668100b69c86b6bf86c5bc,WDI_NATIONAL_GFCF_GDP_LATEST_2024_2025_MEDIAN_2024_FALLBACK_v1,0.14931222329468974
GRC,Greece,0.1658238817372449,WDI_GFCF_SHARE_APPLIED_TO_REAL_GDP_LEVEL,2025,False,0.16881202808615,World Bank WDI NE.GDI.FTOT.ZS,2025,latest_available_2025_then_2024_WDI_GFCF_GDP_percentage_divided_by_100,False,0,,/home/ubuntu/LOOM_Earth2026/raw/WB_WDI_NE.GDI.FTOT.ZS_1990_2026.json,bdcba23035a47cefebc486ba17e12a1d8fbc977759668100b69c86b6bf86c5bc,WDI_NATIONAL_GFCF_GDP_LATEST_2024_2025_MEDIAN_2024_FALLBACK_v1,0.29881463489050963
HKG,"China, Hong Kong SAR",0.16538902686608864,WDI_GFCF_SHARE_APPLIED_TO_REAL_GDP_LEVEL,2025,False,0.169391441316248,World Bank WDI NE.GDI.FTOT.ZS,2025,latest_available_2025_then_2024_WDI_GFCF_GDP_percentage_divided_by_100,False,0,,/home/ubuntu/LOOM_Earth2026/raw/WB_WDI_NE.GDI.FTOT.ZS_1990_2026.json,bdcba23035a47cefebc486ba17e12a1d8fbc977759668100b69c86b6bf86c5bc,WDI_NATIONAL_GFCF_GDP_LATEST_2024_2025_MEDIAN_2024_FALLBACK_v1,0.4002414450159364
HRV,Croatia,0.2507343768038038,WDI_GFCF_SHARE_APPLIED_TO_REAL_GDP_LEVEL,2025,False,0.257348749663888,World Bank WDI NE.GDI.FTOT.ZS,2025,latest_available_2025_then_2024_WDI_GFCF_GDP_percentage_divided_by_100,False,0,,/home/ubuntu/LOOM_Earth2026/raw/WB_WDI_NE.GDI.FTOT.ZS_1990_2026.json,bdcba23035a47cefebc486ba17e12a1d8fbc977759668100b69c86b6bf86c5bc,WDI_NATIONAL_GFCF_GDP_LATEST_2024_2025_MEDIAN_2024_FALLBACK_v1,0.6614372860084206
HUN,Hungary,0.2158582673730332,WDI_GFCF_SHARE_APPLIED_TO_REAL_GDP_LEVEL,2025,False,0.219445831776773,World Bank WDI NE.GDI.FTOT.ZS,2025,latest_available_2025_then_2024_WDI_GFCF_GDP_percentage_divided_by_100,False,0,,/home/ubuntu/LOOM_Earth2026/raw/WB_WDI_NE.GDI.FTOT.ZS_1990_2026.json,bdcba23035a47cefebc486ba17e12a1d8fbc977759668100b69c86b6bf86c5bc,WDI_NATIONAL_GFCF_GDP_LATEST_2024_2025_MEDIAN_2024_FALLBACK_v1,0.3587564403739779
IDN,Indonesia,0.2741019913604466,WDI_GFCF_SHARE_APPLIED_TO_REAL_GDP_LEVEL,2025,False,0.287670039932789,World Bank WDI NE.GDI.FTOT.ZS,2025,latest_available_2025_then_2024_WDI_GFCF_GDP_percentage_divided_by_100,False,0,,/home/ubuntu/LOOM_Earth2026/raw/WB_WDI_NE.GDI.FTOT.ZS_1990_2026.json,bdcba23035a47cefebc486ba17e12a1d8fbc977759668100b69c86b6bf86c5bc,WDI_NATIONAL_GFCF_GDP_LATEST_2024_2025_MEDIAN_2024_FALLBACK_v1,1.3568048572342395
IND,India,0.2975177759350861,WDI_GFCF_SHARE_APPLIED_TO_REAL_GDP_LEVEL,2025,False,0.316790977460161,World Bank WDI NE.GDI.FTOT.ZS,2025,latest_available_2025_then_2024_WDI_GFCF_GDP_percentage_divided_by_100,False,0,,/home/ubuntu/LOOM_Earth2026/raw/WB_WDI_NE.GDI.FTOT.ZS_1990_2026.json,bdcba23035a47cefebc486ba17e12a1d8fbc977759668100b69c86b6bf86c5bc,WDI_NATIONAL_GFCF_GDP_LATEST_2024_2025_MEDIAN_2024_FALLBACK_v1,1.927320152507489
IRL,Ireland,0.21690080514461454,WDI_GFCF_SHARE_APPLIED_TO_REAL_GDP_LEVEL,2025,False,0.222358029402053,World Bank WDI NE.GDI.FTOT.ZS,2025,latest_available_2025_then_2024_WDI_GFCF_GDP_percentage_divided_by_100,False,0,,/home/ubuntu/LOOM_Earth2026/raw/WB_WDI_NE.GDI.FTOT.ZS_1990_2026.json,bdcba23035a47cefebc486ba17e12a1d8fbc977759668100b69c86b6bf86c5bc,WDI_NATIONAL_GFCF_GDP_LATEST_2024_2025_MEDIAN_2024_FALLBACK_v1,0.5457224257438442
ISL,Iceland,0.26163598374596975,WDI_GFCF_SHARE_APPLIED_TO_REAL_GDP_LEVEL,2025,False,0.26661230015681797,World Bank WDI NE.GDI.FTOT.ZS,2025,latest_available_2025_then_2024_WDI_GFCF_GDP_percentage_divided_by_100,False,0,,/home/ubuntu/LOOM_Earth2026/raw/WB_WDI_NE.GDI.FTOT.ZS_1990_2026.json,bdcba23035a47cefebc486ba17e12a1d8fbc977759668100b69c86b6bf86c5bc,WDI_NATIONAL_GFCF_GDP_LATEST_2024_2025_MEDIAN_2024_FALLBACK_v1,0.4976316410848225
ISR,Israel,0.22992885234885263,WDI_GFCF_SHARE_APPLIED_TO_REAL_GDP_LEVEL,2025,False,0.23804534083676698,World Bank WDI NE.GDI.FTOT.ZS,2025,latest_available_2025_then_2024_WDI_GFCF_GDP_percentage_divided_by_100,False,0,,/home/ubuntu/LOOM_Earth2026/raw/WB_WDI_NE.GDI.FTOT.ZS_1990_2026.json,bdcba23035a47cefebc486ba17e12a1d8fbc977759668100b69c86b6bf86c5bc,WDI_NATIONAL_GFCF_GDP_LATEST_2024_2025_MEDIAN_2024_FALLBACK_v1,0.8116488487914353
ITA,Italy,0.21721567853933324,WDI_GFCF_SHARE_APPLIED_TO_REAL_GDP_LEVEL,2025,False,0.218347372224523,World Bank WDI NE.GDI.FTOT.ZS,2025,latest_available_2025_then_2024_WDI_GFCF_GDP_percentage_divided_by_100,False,0,,/home/ubuntu/LOOM_Earth2026/raw/WB_WDI_NE.GDI.FTOT.ZS_1990_2026.json,bdcba23035a47cefebc486ba17e12a1d8fbc977759668100b69c86b6bf86c5bc,WDI_NATIONAL_GFCF_GDP_LATEST_2024_2025_MEDIAN_2024_FALLBACK_v1,0.11316936851897552
JOR,Jordan,0.2674840570829466,WDI_GFCF_SHARE_APPLIED_TO_REAL_GDP_LEVEL,2007,False,0.223283039488531,World Bank WDI NE.GDI.FTOT.ZS,2024,unweighted_median_of_74_modeled_country_WDI_2024_GFCF_GDP_percentages_divided_by_100,True,74,AGO;ARG;AUS;AUT;BEL;BGD;BGR;BLR;BRA;BRN;CAN;CHE;CHL;CHN;CIV;CMR;COD;COL;CRI;CYP;CZE;DEU;DNK;EGY;ESP;EST;FIN;FRA;GBR;GRC;HKG;HRV;HUN;IDN;IND;IRL;ISL;ISR;ITA;JPN;KAZ;KHM;KOR;LTU;LUX;LVA;MAR;MEX;MLT;MYS;NLD;NOR;NZL;PAK;PER;PHL;POL;PRT;ROU;RUS;SAU;SEN;SGP;STP;SVK;SVN;SWE;THA;TUN;TUR;UKR;USA;VNM;ZAF,/home/ubuntu/LOOM_Earth2026/raw/WB_WDI_NE.GDI.FTOT.ZS_1990_2026.json,bdcba23035a47cefebc486ba17e12a1d8fbc977759668100b69c86b6bf86c5bc,WDI_NATIONAL_GFCF_GDP_LATEST_2024_2025_MEDIAN_2024_FALLBACK_v1,-4.420101759441558
JPN,Japan,0.2761506616359199,WDI_GFCF_SHARE_APPLIED_TO_REAL_GDP_LEVEL,2024,False,0.278136184893082,World Bank WDI NE.GDI.FTOT.ZS,2024,latest_available_2025_then_2024_WDI_GFCF_GDP_percentage_divided_by_100,False,0,,/home/ubuntu/LOOM_Earth2026/raw/WB_WDI_NE.GDI.FTOT.ZS_1990_2026.json,bdcba23035a47cefebc486ba17e12a1d8fbc977759668100b69c86b6bf86c5bc,WDI_NATIONAL_GFCF_GDP_LATEST_2024_2025_MEDIAN_2024_FALLBACK_v1,0.1985523257162114
KAZ,Kazakhstan,0.23246166013740122,WDI_GFCF_SHARE_APPLIED_TO_REAL_GDP_LEVEL,2024,False,0.24317581805313399,World Bank WDI NE.GDI.FTOT.ZS,2024,latest_available_2025_then_2024_WDI_GFCF_GDP_percentage_divided_by_100,False,0,,/home/ubuntu/LOOM_Earth2026/raw/WB_WDI_NE.GDI.FTOT.ZS_1990_2026.json,bdcba23035a47cefebc486ba17e12a1d8fbc977759668100b69c86b6bf86c5bc,WDI_NATIONAL_GFCF_GDP_LATEST_2024_2025_MEDIAN_2024_FALLBACK_v1,1.071415791573277
KHM,Cambodia,0.29715577623013867,WDI_GFCF_SHARE_APPLIED_TO_REAL_GDP_LEVEL,2025,False,0.309107381550115,World Bank WDI NE.GDI.FTOT.ZS,2025,latest_available_2025_then_2024_WDI_GFCF_GDP_percentage_divided_by_100,False,0,,/home/ubuntu/LOOM_Earth2026/raw/WB_WDI_NE.GDI.FTOT.ZS_1990_2026.json,bdcba23035a47cefebc486ba17e12a1d8fbc977759668100b69c86b6bf86c5bc,WDI_NATIONAL_GFCF_GDP_LATEST_2024_2025_MEDIAN_2024_FALLBACK_v1,1.1951605319976355
KOR,Republic of Korea,0.278120731685448,WDI_GFCF_SHARE_APPLIED_TO_REAL_GDP_LEVEL,2025,False,0.283299339709431,World Bank WDI NE.GDI.FTOT.ZS,2025,latest_available_2025_then_2024_WDI_GFCF_GDP_percentage_divided_by_100,False,0,,/home/ubuntu/LOOM_Earth2026/raw/WB_WDI_NE.GDI.FTOT.ZS_1990_2026.json,bdcba23035a47cefebc486ba17e12a1d8fbc977759668100b69c86b6bf86c5bc,WDI_NATIONAL_GFCF_GDP_LATEST_2024_2025_MEDIAN_2024_FALLBACK_v1,0.5178608023983011
LAO,Lao People's Democratic Republic,0.27888489031351466,WDI_GFCF_SHARE_APPLIED_TO_REAL_GDP_LEVEL,2016,False,0.223283039488531,World Bank WDI NE.GDI.FTOT.ZS,2024,unweighted_median_of_74_modeled_country_WDI_2024_GFCF_GDP_percentages_divided_by_100,True,74,AGO;ARG;AUS;AUT;BEL;BGD;BGR;BLR;BRA;BRN;CAN;CHE;CHL;CHN;CIV;CMR;COD;COL;CRI;CYP;CZE;DEU;DNK;EGY;ESP;EST;FIN;FRA;GBR;GRC;HKG;HRV;HUN;IDN;IND;IRL;ISL;ISR;ITA;JPN;KAZ;KHM;KOR;LTU;LUX;LVA;MAR;MEX;MLT;MYS;NLD;NOR;NZL;PAK;PER;PHL;POL;PRT;ROU;RUS;SAU;SEN;SGP;STP;SVK;SVN;SWE;THA;TUN;TUR;UKR;USA;VNM;ZAF,/home/ubuntu/LOOM_Earth2026/raw/WB_WDI_NE.GDI.FTOT.ZS_1990_2026.json,bdcba23035a47cefebc486ba17e12a1d8fbc977759668100b69c86b6bf86c5bc,WDI_NATIONAL_GFCF_GDP_LATEST_2024_2025_MEDIAN_2024_FALLBACK_v1,-5.560185082498364
LTU,Lithuania,0.2229240625907989,WDI_GFCF_SHARE_APPLIED_TO_REAL_GDP_LEVEL,2025,False,0.229415611293443,World Bank WDI NE.GDI.FTOT.ZS,2025,latest_available_2025_then_2024_WDI_GFCF_GDP_percentage_divided_by_100,False,0,,/home/ubuntu/LOOM_Earth2026/raw/WB_WDI_NE.GDI.FTOT.ZS_1990_2026.json,bdcba23035a47cefebc486ba17e12a1d8fbc977759668100b69c86b6bf86c5bc,WDI_NATIONAL_GFCF_GDP_LATEST_2024_2025_MEDIAN_2024_FALLBACK_v1,0.6491548702644123
LUX,Luxembourg,0.14739917745039963,WDI_GFCF_SHARE_APPLIED_TO_REAL_GDP_LEVEL,2025,False,0.14974577235541,World Bank WDI NE.GDI.FTOT.ZS,2025,latest_available_2025_then_2024_WDI_GFCF_GDP_percentage_divided_by_100,False,0,,/home/ubuntu/LOOM_Earth2026/raw/WB_WDI_NE.GDI.FTOT.ZS_1990_2026.json,bdcba23035a47cefebc486ba17e12a1d8fbc977759668100b69c86b6bf86c5bc,WDI_NATIONAL_GFCF_GDP_LATEST_2024_2025_MEDIAN_2024_FALLBACK_v1,0.23465949050103796
LVA,Latvia,0.22959540020558616,WDI_GFCF_SHARE_APPLIED_TO_REAL_GDP_LEVEL,2025,False,0.234687826182146,World Bank WDI NE.GDI.FTOT.ZS,2025,latest_available_2025_then_2024_WDI_GFCF_GDP_percentage_divided_by_100,False,0,,/home/ubuntu/LOOM_Earth2026/raw/WB_WDI_NE.GDI.FTOT.ZS_1990_2026.json,bdcba23035a47cefebc486ba17e12a1d8fbc977759668100b69c86b6bf86c5bc,WDI_NATIONAL_GFCF_GDP_LATEST_2024_2025_MEDIAN_2024_FALLBACK_v1,0.5092425976559845
MAR,Morocco,0.2556015473335152,WDI_GFCF_SHARE_APPLIED_TO_REAL_GDP_LEVEL,2025,False,0.268054454719604,World Bank WDI NE.GDI.FTOT.ZS,2025,latest_available_2025_then_2024_WDI_GFCF_GDP_percentage_divided_by_100,False,0,,/home/ubuntu/LOOM_Earth2026/raw/WB_WDI_NE.GDI.FTOT.ZS_1990_2026.json,bdcba23035a47cefebc486ba17e12a1d8fbc977759668100b69c86b6bf86c5bc,WDI_NATIONAL_GFCF_GDP_LATEST_2024_2025_MEDIAN_2024_FALLBACK_v1,1.2452907386088785
MEX,Mexico,0.2204445563175797,WDI_GFCF_SHARE_APPLIED_TO_REAL_GDP_LEVEL,2025,False,0.224057642595625,World Bank WDI NE.GDI.FTOT.ZS,2025,latest_available_2025_then_2024_WDI_GFCF_GDP_percentage_divided_by_100,False,0,,/home/ubuntu/LOOM_Earth2026/raw/WB_WDI_NE.GDI.FTOT.ZS_1990_2026.json,bdcba23035a47cefebc486ba17e12a1d8fbc977759668100b69c86b6bf86c5bc,WDI_NATIONAL_GFCF_GDP_LATEST_2024_2025_MEDIAN_2024_FALLBACK_v1,0.36130862780452966
MLT,Malta,0.17154534066438287,WDI_GFCF_SHARE_APPLIED_TO_REAL_GDP_LEVEL,2025,False,0.177892518268965,World Bank WDI NE.GDI.FTOT.ZS,2025,latest_available_2025_then_2024_WDI_GFCF_GDP_percentage_divided_by_100,False,0,,/home/ubuntu/LOOM_Earth2026/raw/WB_WDI_NE.GDI.FTOT.ZS_1990_2026.json,bdcba23035a47cefebc486ba17e12a1d8fbc977759668100b69c86b6bf86c5bc,WDI_NATIONAL_GFCF_GDP_LATEST_2024_2025_MEDIAN_2024_FALLBACK_v1,0.6347177604582116
MMR,Myanmar,0.28595886947164084,OECD_2024_DESTINATION_GFCF_TO_BOUNDED_VA_SHARE_FALLBACK,2024,True,0.223283039488531,World Bank WDI NE.GDI.FTOT.ZS,2024,unweighted_median_of_74_modeled_country_WDI_2024_GFCF_GDP_percentages_divided_by_100,True,74,AGO;ARG;AUS;AUT;BEL;BGD;BGR;BLR;BRA;BRN;CAN;CHE;CHL;CHN;CIV;CMR;COD;COL;CRI;CYP;CZE;DEU;DNK;EGY;ESP;EST;FIN;FRA;GBR;GRC;HKG;HRV;HUN;IDN;IND;IRL;ISL;ISR;ITA;JPN;KAZ;KHM;KOR;LTU;LUX;LVA;MAR;MEX;MLT;MYS;NLD;NOR;NZL;PAK;PER;PHL;POL;PRT;ROU;RUS;SAU;SEN;SGP;STP;SVK;SVN;SWE;THA;TUN;TUR;UKR;USA;VNM;ZAF,/home/ubuntu/LOOM_Earth2026/raw/WB_WDI_NE.GDI.FTOT.ZS_1990_2026.json,bdcba23035a47cefebc486ba17e12a1d8fbc977759668100b69c86b6bf86c5bc,WDI_NATIONAL_GFCF_GDP_LATEST_2024_2025_MEDIAN_2024_FALLBACK_v1,-6.267582998310983
MYS,Malaysia,0.20375990177515943,WDI_GFCF_SHARE_APPLIED_TO_REAL_GDP_LEVEL,2025,False,0.213336617158592,World Bank WDI NE.GDI.FTOT.ZS,2025,latest_available_2025_then_2024_WDI_GFCF_GDP_percentage_divided_by_100,False,0,,/home/ubuntu/LOOM_Earth2026/raw/WB_WDI_NE.GDI.FTOT.ZS_1990_2026.json,bdcba23035a47cefebc486ba17e12a1d8fbc977759668100b69c86b6bf86c5bc,WDI_NATIONAL_GFCF_GDP_LATEST_2024_2025_MEDIAN_2024_FALLBACK_v1,0.9576715383432577
NGA,Nigeria,0.30704124547710465,OECD_2024_DESTINATION_GFCF_TO_BOUNDED_VA_SHARE_FALLBACK,2024,True,0.223283039488531,World Bank WDI NE.GDI.FTOT.ZS,2024,unweighted_median_of_74_modeled_country_WDI_2024_GFCF_GDP_percentages_divided_by_100,True,74,AGO;ARG;AUS;AUT;BEL;BGD;BGR;BLR;BRA;BRN;CAN;CHE;CHL;CHN;CIV;CMR;COD;COL;CRI;CYP;CZE;DEU;DNK;EGY;ESP;EST;FIN;FRA;GBR;GRC;HKG;HRV;HUN;IDN;IND;IRL;ISL;ISR;ITA;JPN;KAZ;KHM;KOR;LTU;LUX;LVA;MAR;MEX;MLT;MYS;NLD;NOR;NZL;PAK;PER;PHL;POL;PRT;ROU;RUS;SAU;SEN;SGP;STP;SVK;SVN;SWE;THA;TUN;TUR;UKR;USA;VNM;ZAF,/home/ubuntu/LOOM_Earth2026/raw/WB_WDI_NE.GDI.FTOT.ZS_1990_2026.json,bdcba23035a47cefebc486ba17e12a1d8fbc977759668100b69c86b6bf86c5bc,WDI_NATIONAL_GFCF_GDP_LATEST_2024_2025_MEDIAN_2024_FALLBACK_v1,-8.375820598857365
NLD,Netherlands,0.19556185909109577,WDI_GFCF_SHARE_APPLIED_TO_REAL_GDP_LEVEL,2025,False,0.19797313681368903,World Bank WDI NE.GDI.FTOT.ZS,2025,latest_available_2025_then_2024_WDI_GFCF_GDP_percentage_divided_by_100,False,0,,/home/ubuntu/LOOM_Earth2026/raw/WB_WDI_NE.GDI.FTOT.ZS_1990_2026.json,bdcba23035a47cefebc486ba17e12a1d8fbc977759668100b69c86b6bf86c5bc,WDI_NATIONAL_GFCF_GDP_LATEST_2024_2025_MEDIAN_2024_FALLBACK_v1,0.24112777225932525
NOR,Norway,0.23038959210277993,WDI_GFCF_SHARE_APPLIED_TO_REAL_GDP_LEVEL,2025,False,0.233787838586296,World Bank WDI NE.GDI.FTOT.ZS,2025,latest_available_2025_then_2024_WDI_GFCF_GDP_percentage_divided_by_100,False,0,,/home/ubuntu/LOOM_Earth2026/raw/WB_WDI_NE.GDI.FTOT.ZS_1990_2026.json,bdcba23035a47cefebc486ba17e12a1d8fbc977759668100b69c86b6bf86c5bc,WDI_NATIONAL_GFCF_GDP_LATEST_2024_2025_MEDIAN_2024_FALLBACK_v1,0.3398246483516082
NZL,New Zealand,0.22885845135204397,WDI_GFCF_SHARE_APPLIED_TO_REAL_GDP_LEVEL,2024,False,0.233735424950356,World Bank WDI NE.GDI.FTOT.ZS,2024,latest_available_2025_then_2024_WDI_GFCF_GDP_percentage_divided_by_100,False,0,,/home/ubuntu/LOOM_Earth2026/raw/WB_WDI_NE.GDI.FTOT.ZS_1990_2026.json,bdcba23035a47cefebc486ba17e12a1d8fbc977759668100b69c86b6bf86c5bc,WDI_NATIONAL_GFCF_GDP_LATEST_2024_2025_MEDIAN_2024_FALLBACK_v1,0.48769735983120455
PAK,Pakistan,0.12135563818513165,WDI_GFCF_SHARE_APPLIED_TO_REAL_GDP_LEVEL,2025,False,0.125728081828942,World Bank WDI NE.GDI.FTOT.ZS,2025,latest_available_2025_then_2024_WDI_GFCF_GDP_percentage_divided_by_100,False,0,,/home/ubuntu/LOOM_Earth2026/raw/WB_WDI_NE.GDI.FTOT.ZS_1990_2026.json,bdcba23035a47cefebc486ba17e12a1d8fbc977759668100b69c86b6bf86c5bc,WDI_NATIONAL_GFCF_GDP_LATEST_2024_2025_MEDIAN_2024_FALLBACK_v1,0.4372443643810342
PER,Peru,0.1995266901374752,WDI_GFCF_SHARE_APPLIED_TO_REAL_GDP_LEVEL,2025,False,0.205153342799352,World Bank WDI NE.GDI.FTOT.ZS,2025,latest_available_2025_then_2024_WDI_GFCF_GDP_percentage_divided_by_100,False,0,,/home/ubuntu/LOOM_Earth2026/raw/WB_WDI_NE.GDI.FTOT.ZS_1990_2026.json,bdcba23035a47cefebc486ba17e12a1d8fbc977759668100b69c86b6bf86c5bc,WDI_NATIONAL_GFCF_GDP_LATEST_2024_2025_MEDIAN_2024_FALLBACK_v1,0.5626652661876785
PHL,Philippines,0.21848133534218775,WDI_GFCF_SHARE_APPLIED_TO_REAL_GDP_LEVEL,2025,False,0.227364786437201,World Bank WDI NE.GDI.FTOT.ZS,2025,latest_available_2025_then_2024_WDI_GFCF_GDP_percentage_divided_by_100,False,0,,/home/ubuntu/LOOM_Earth2026/raw/WB_WDI_NE.GDI.FTOT.ZS_1990_2026.json,bdcba23035a47cefebc486ba17e12a1d8fbc977759668100b69c86b6bf86c5bc,WDI_NATIONAL_GFCF_GDP_LATEST_2024_2025_MEDIAN_2024_FALLBACK_v1,0.8883451095013262
POL,Poland,0.1648081900254588,WDI_GFCF_SHARE_APPLIED_TO_REAL_GDP_LEVEL,2025,False,0.170286414261905,World Bank WDI NE.GDI.FTOT.ZS,2025,latest_available_2025_then_2024_WDI_GFCF_GDP_percentage_divided_by_100,False,0,,/home/ubuntu/LOOM_Earth2026/raw/WB_WDI_NE.GDI.FTOT.ZS_1990_2026.json,bdcba23035a47cefebc486ba17e12a1d8fbc977759668100b69c86b6bf86c5bc,WDI_NATIONAL_GFCF_GDP_LATEST_2024_2025_MEDIAN_2024_FALLBACK_v1,0.54782242364462
PRT,Portugal,0.20303210584877082,WDI_GFCF_SHARE_APPLIED_TO_REAL_GDP_LEVEL,2025,False,0.206950625491652,World Bank WDI NE.GDI.FTOT.ZS,2025,latest_available_2025_then_2024_WDI_GFCF_GDP_percentage_divided_by_100,False,0,,/home/ubuntu/LOOM_Earth2026/raw/WB_WDI_NE.GDI.FTOT.ZS_1990_2026.json,bdcba23035a47cefebc486ba17e12a1d8fbc977759668100b69c86b6bf86c5bc,WDI_NATIONAL_GFCF_GDP_LATEST_2024_2025_MEDIAN_2024_FALLBACK_v1,0.3918519642881174
ROU,Romania,0.25432522773158667,WDI_GFCF_SHARE_APPLIED_TO_REAL_GDP_LEVEL,2025,False,0.256090244812044,World Bank WDI NE.GDI.FTOT.ZS,2025,latest_available_2025_then_2024_WDI_GFCF_GDP_percentage_divided_by_100,False,0,,/home/ubuntu/LOOM_Earth2026/raw/WB_WDI_NE.GDI.FTOT.ZS_1990_2026.json,bdcba23035a47cefebc486ba17e12a1d8fbc977759668100b69c86b6bf86c5bc,WDI_NATIONAL_GFCF_GDP_LATEST_2024_2025_MEDIAN_2024_FALLBACK_v1,0.17650170804573428
RUS,Russian Federation,0.22840404986219537,WDI_GFCF_SHARE_APPLIED_TO_REAL_GDP_LEVEL,2025,False,0.230895938046192,World Bank WDI NE.GDI.FTOT.ZS,2025,latest_available_2025_then_2024_WDI_GFCF_GDP_percentage_divided_by_100,False,0,,/home/ubuntu/LOOM_Earth2026/raw/WB_WDI_NE.GDI.FTOT.ZS_1990_2026.json,bdcba23035a47cefebc486ba17e12a1d8fbc977759668100b69c86b6bf86c5bc,WDI_NATIONAL_GFCF_GDP_LATEST_2024_2025_MEDIAN_2024_FALLBACK_v1,0.24918881839966212
SAU,Saudi Arabia,0.2920396788575627,WDI_GFCF_SHARE_APPLIED_TO_REAL_GDP_LEVEL,2025,False,0.301136714853976,World Bank WDI NE.GDI.FTOT.ZS,2025,latest_available_2025_then_2024_WDI_GFCF_GDP_percentage_divided_by_100,False,0,,/home/ubuntu/LOOM_Earth2026/raw/WB_WDI_NE.GDI.FTOT.ZS_1990_2026.json,bdcba23035a47cefebc486ba17e12a1d8fbc977759668100b69c86b6bf86c5bc,WDI_NATIONAL_GFCF_GDP_LATEST_2024_2025_MEDIAN_2024_FALLBACK_v1,0.9097035996413261
SEN,Senegal,0.2810765497018498,WDI_GFCF_SHARE_APPLIED_TO_REAL_GDP_LEVEL,2025,False,0.287184343126871,World Bank WDI NE.GDI.FTOT.ZS,2025,latest_available_2025_then_2024_WDI_GFCF_GDP_percentage_divided_by_100,False,0,,/home/ubuntu/LOOM_Earth2026/raw/WB_WDI_NE.GDI.FTOT.ZS_1990_2026.json,bdcba23035a47cefebc486ba17e12a1d8fbc977759668100b69c86b6bf86c5bc,WDI_NATIONAL_GFCF_GDP_LATEST_2024_2025_MEDIAN_2024_FALLBACK_v1,0.6107793425021213
SGP,Singapore,0.21336277754234786,WDI_GFCF_SHARE_APPLIED_TO_REAL_GDP_LEVEL,2025,False,0.220845410150758,World Bank WDI NE.GDI.FTOT.ZS,2025,latest_available_2025_then_2024_WDI_GFCF_GDP_percentage_divided_by_100,False,0,,/home/ubuntu/LOOM_Earth2026/raw/WB_WDI_NE.GDI.FTOT.ZS_1990_2026.json,bdcba23035a47cefebc486ba17e12a1d8fbc977759668100b69c86b6bf86c5bc,WDI_NATIONAL_GFCF_GDP_LATEST_2024_2025_MEDIAN_2024_FALLBACK_v1,0.7482632608410145
STP,Sao Tome and Principe,0.0838379445340614,WDI_GFCF_SHARE_APPLIED_TO_REAL_GDP_LEVEL,2025,False,0.0866884346482195,World Bank WDI NE.GDI.FTOT.ZS,2025,latest_available_2025_then_2024_WDI_GFCF_GDP_percentage_divided_by_100,False,0,,/home/ubuntu/LOOM_Earth2026/raw/WB_WDI_NE.GDI.FTOT.ZS_1990_2026.json,bdcba23035a47cefebc486ba17e12a1d8fbc977759668100b69c86b6bf86c5bc,WDI_NATIONAL_GFCF_GDP_LATEST_2024_2025_MEDIAN_2024_FALLBACK_v1,0.2850490114158097
SVK,Slovakia,0.20408857705646652,WDI_GFCF_SHARE_APPLIED_TO_REAL_GDP_LEVEL,2025,False,0.20531514940457601,World Bank WDI NE.GDI.FTOT.ZS,2025,latest_available_2025_then_2024_WDI_GFCF_GDP_percentage_divided_by_100,False,0,,/home/ubuntu/LOOM_Earth2026/raw/WB_WDI_NE.GDI.FTOT.ZS_1990_2026.json,bdcba23035a47cefebc486ba17e12a1d8fbc977759668100b69c86b6bf86c5bc,WDI_NATIONAL_GFCF_GDP_LATEST_2024_2025_MEDIAN_2024_FALLBACK_v1,0.12265723481094948
SVN,Slovenia,0.20711267753933132,WDI_GFCF_SHARE_APPLIED_TO_REAL_GDP_LEVEL,2025,False,0.211254931090118,World Bank WDI NE.GDI.FTOT.ZS,2025,latest_available_2025_then_2024_WDI_GFCF_GDP_percentage_divided_by_100,False,0,,/home/ubuntu/LOOM_Earth2026/raw/WB_WDI_NE.GDI.FTOT.ZS_1990_2026.json,bdcba23035a47cefebc486ba17e12a1d8fbc977759668100b69c86b6bf86c5bc,WDI_NATIONAL_GFCF_GDP_LATEST_2024_2025_MEDIAN_2024_FALLBACK_v1,0.41422535507866787
SWE,Sweden,0.24742316860017569,WDI_GFCF_SHARE_APPLIED_TO_REAL_GDP_LEVEL,2025,False,0.252280085399797,World Bank WDI NE.GDI.FTOT.ZS,2025,latest_available_2025_then_2024_WDI_GFCF_GDP_percentage_divided_by_100,False,0,,/home/ubuntu/LOOM_Earth2026/raw/WB_WDI_NE.GDI.FTOT.ZS_1990_2026.json,bdcba23035a47cefebc486ba17e12a1d8fbc977759668100b69c86b6bf86c5bc,WDI_NATIONAL_GFCF_GDP_LATEST_2024_2025_MEDIAN_2024_FALLBACK_v1,0.485691679962133
THA,Thailand,0.2232864132453714,WDI_GFCF_SHARE_APPLIED_TO_REAL_GDP_LEVEL,2025,False,0.226635709444052,World Bank WDI NE.GDI.FTOT.ZS,2025,latest_available_2025_then_2024_WDI_GFCF_GDP_percentage_divided_by_100,False,0,,/home/ubuntu/LOOM_Earth2026/raw/WB_WDI_NE.GDI.FTOT.ZS_1990_2026.json,bdcba23035a47cefebc486ba17e12a1d8fbc977759668100b69c86b6bf86c5bc,WDI_NATIONAL_GFCF_GDP_LATEST_2024_2025_MEDIAN_2024_FALLBACK_v1,0.33492961986806014
TUN,Tunisia,0.14896864659231823,WDI_GFCF_SHARE_APPLIED_TO_REAL_GDP_LEVEL,2024,False,0.152116354094814,World Bank WDI NE.GDI.FTOT.ZS,2024,latest_available_2025_then_2024_WDI_GFCF_GDP_percentage_divided_by_100,False,0,,/home/ubuntu/LOOM_Earth2026/raw/WB_WDI_NE.GDI.FTOT.ZS_1990_2026.json,bdcba23035a47cefebc486ba17e12a1d8fbc977759668100b69c86b6bf86c5bc,WDI_NATIONAL_GFCF_GDP_LATEST_2024_2025_MEDIAN_2024_FALLBACK_v1,0.3147707502495767
TUR,Türkiye,0.2959518223598651,WDI_GFCF_SHARE_APPLIED_TO_REAL_GDP_LEVEL,2025,False,0.305913560700498,World Bank WDI NE.GDI.FTOT.ZS,2025,latest_available_2025_then_2024_WDI_GFCF_GDP_percentage_divided_by_100,False,0,,/home/ubuntu/LOOM_Earth2026/raw/WB_WDI_NE.GDI.FTOT.ZS_1990_2026.json,bdcba23035a47cefebc486ba17e12a1d8fbc977759668100b69c86b6bf86c5bc,WDI_NATIONAL_GFCF_GDP_LATEST_2024_2025_MEDIAN_2024_FALLBACK_v1,0.9961738340632909
TWN,"China, Taiwan Province of China",0.25575286117723584,OECD_2024_DESTINATION_GFCF_TO_BOUNDED_VA_SHARE_FALLBACK,2024,True,0.223283039488531,World Bank WDI NE.GDI.FTOT.ZS,2024,unweighted_median_of_74_modeled_country_WDI_2024_GFCF_GDP_percentages_divided_by_100,True,74,AGO;ARG;AUS;AUT;BEL;BGD;BGR;BLR;BRA;BRN;CAN;CHE;CHL;CHN;CIV;CMR;COD;COL;CRI;CYP;CZE;DEU;DNK;EGY;ESP;EST;FIN;FRA;GBR;GRC;HKG;HRV;HUN;IDN;IND;IRL;ISL;ISR;ITA;JPN;KAZ;KHM;KOR;LTU;LUX;LVA;MAR;MEX;MLT;MYS;NLD;NOR;NZL;PAK;PER;PHL;POL;PRT;ROU;RUS;SAU;SEN;SGP;STP;SVK;SVN;SWE;THA;TUN;TUR;UKR;USA;VNM;ZAF,/home/ubuntu/LOOM_Earth2026/raw/WB_WDI_NE.GDI.FTOT.ZS_1990_2026.json,bdcba23035a47cefebc486ba17e12a1d8fbc977759668100b69c86b6bf86c5bc,WDI_NATIONAL_GFCF_GDP_LATEST_2024_2025_MEDIAN_2024_FALLBACK_v1,-3.2469821688704825
UKR,Ukraine,0.18985231349103526,WDI_GFCF_SHARE_APPLIED_TO_REAL_GDP_LEVEL,2025,False,0.193649359760856,World Bank WDI NE.GDI.FTOT.ZS,2025,latest_available_2025_then_2024_WDI_GFCF_GDP_percentage_divided_by_100,False,0,,/home/ubuntu/LOOM_Earth2026/raw/WB_WDI_NE.GDI.FTOT.ZS_1990_2026.json,bdcba23035a47cefebc486ba17e12a1d8fbc977759668100b69c86b6bf86c5bc,WDI_NATIONAL_GFCF_GDP_LATEST_2024_2025_MEDIAN_2024_FALLBACK_v1,0.37970462698207474
USA,United States of America,0.2086493248839637,WDI_GFCF_SHARE_APPLIED_TO_REAL_GDP_LEVEL,2024,False,0.213498335194267,World Bank WDI NE.GDI.FTOT.ZS,2024,latest_available_2025_then_2024_WDI_GFCF_GDP_percentage_divided_by_100,False,0,,/home/ubuntu/LOOM_Earth2026/raw/WB_WDI_NE.GDI.FTOT.ZS_1990_2026.json,bdcba23035a47cefebc486ba17e12a1d8fbc977759668100b69c86b6bf86c5bc,WDI_NATIONAL_GFCF_GDP_LATEST_2024_2025_MEDIAN_2024_FALLBACK_v1,0.4849010310303298
VNM,Viet Nam,0.2726937168815761,WDI_GFCF_SHARE_APPLIED_TO_REAL_GDP_LEVEL,2025,False,0.292054970780168,World Bank WDI NE.GDI.FTOT.ZS,2025,latest_available_2025_then_2024_WDI_GFCF_GDP_percentage_divided_by_100,False,0,,/home/ubuntu/LOOM_Earth2026/raw/WB_WDI_NE.GDI.FTOT.ZS_1990_2026.json,bdcba23035a47cefebc486ba17e12a1d8fbc977759668100b69c86b6bf86c5bc,WDI_NATIONAL_GFCF_GDP_LATEST_2024_2025_MEDIAN_2024_FALLBACK_v1,1.936125389859189
ZAF,South Africa,0.13734852138828693,WDI_GFCF_SHARE_APPLIED_TO_REAL_GDP_LEVEL,2025,False,0.13878930737765,World Bank WDI NE.GDI.FTOT.ZS,2025,latest_available_2025_then_2024_WDI_GFCF_GDP_percentage_divided_by_100,False,0,,/home/ubuntu/LOOM_Earth2026/raw/WB_WDI_NE.GDI.FTOT.ZS_1990_2026.json,bdcba23035a47cefebc486ba17e12a1d8fbc977759668100b69c86b6bf86c5bc,WDI_NATIONAL_GFCF_GDP_LATEST_2024_2025_MEDIAN_2024_FALLBACK_v1,0.14407859893630637
