iso3,name,population,median_age_approx,under_20_share,age_20_64_share,age_65_plus_share,age_80_plus_share,age_100_plus_share,age_120_plus_share,age_150_plus_share
ABW,Aruba,44740.689243331224,49.220660798665705,0.1969425235797428,0.4703007358073075,0.33275674061294963,0.18186807077290365,0.03769004382838348,0.0019706624158709017,1.2403912180669959e-05
AFG,Afghanistan,101581021.86046277,44.894630325199614,0.21672167346030727,0.5114329819511562,0.2718453445885366,0.12296070451828535,0.012987816037307438,0.0001239187277295691,4.142067666567887e-08
AGO,Angola,125096854.95493816,44.192796898026884,0.22030968639189033,0.5181776144461921,0.26151269916191744,0.11401423353531034,0.010613428197863324,7.323449549802564e-05,1.3950396003009744e-08
AIA,Anguilla,4914.15401514686,51.13551260974017,0.18921767582373306,0.4531805158162022,0.35760180836006467,0.20828202007239432,0.053983053552784196,0.004816076741079988,7.528523394894436e-05
ALB,Albania,587114.5213924556,51.351847825825,0.1883432453515376,0.4513904939257425,0.36026626072272,0.211087620699854,0.05576434060570228,0.005193879007523787,8.779121521440283e-05
AND,Andorra,23852.81825939988,53.10767910032727,0.1817869271940468,0.4364729999799172,0.381740072826036,0.2349113781802639,0.07342140111246905,0.010045652808008149,0.00032653398329532065
ARE,United Arab Emirates,25197806.50214659,53.984637683150034,0.17863221365648663,0.4294012720563282,0.3919665142871851,0.2463946244552386,0.08271376540928077,0.013279233229220758,0.0005676740087645933
ARG,Argentina,22307881.89309815,50.5421664047366,0.1915421014439365,0.45844776900848716,0.3500101295475764,0.20004870771769712,0.04850595529095311,0.003694199084060914,4.408804272621745e-05
ARM,Armenia,1011121.4730687024,49.67227977252848,0.19509823457713377,0.4661197489972859,0.3387820164255803,0.18823990340090574,0.04139746594046569,0.0025023097047189467,2.0139631984464596e-05
ASM,American Samoa,20913.25343999353,47.915929602357444,0.20257356421847172,0.4822722568096358,0.3151541789718924,0.16402188167200749,0.028610310499871058,0.0009811369018799304,3.0034185768442995e-06
ATG,Antigua and Barbuda,40024.45988455156,50.84893049440592,0.19032748433494637,0.45573203706809173,0.353940478596962,0.2042779261674645,0.05125902612925193,0.00423408947335909,5.789479533306969e-05
AUS,Australia,32438208.976382185,53.28316658449284,0.18114461973687856,0.4350509588071075,0.3838044214560139,0.23719891511373556,0.07518423070112881,0.010592584413839461,0.00035605484338942174
AUT,Austria,4779214.714207116,52.34080222103208,0.18460505241191283,0.4428751204835416,0.3725198271045455,0.22461185358509989,0.06551485343709194,0.00766304129032177,0.00018902526107424333
AZE,Azerbaijan,6537318.200059461,49.11820834398223,0.19737698342652507,0.4712172628970467,0.33140575367642816,0.18048628956292,0.036936933591839666,0.001872693218358697,1.117925573519415e-05
BDI,Burundi,29399479.290537994,43.5533630638373,0.22362618144258645,0.524548625237009,0.25182519332040465,0.10576581432273342,0.008619996596297587,4.168020732671846e-05,4.2131202756051125e-09
BEL,Belgium,7311833.066194187,52.38938745967125,0.18441988785444008,0.4424769159304234,0.3731031962151365,0.22524661259194373,0.06597228894631016,0.007786957709211744,0.00019488188231580125
BEN,Benin,30026634.232298937,42.418047301336514,0.22971033610785477,0.5360472539640248,0.2342424099281204,0.09141552512681884,0.00571945549885946,1.3255620901522967e-05,3.4826521408475155e-10
BES,"Bonaire, Sint Eustatius and Saba",16369.197066420485,50.391846066926924,0.19214396594422198,0.4597805404201428,0.3480754936356352,0.19798085179316047,0.04719646472413858,0.003452725251526124,3.850037267373264e-05
BFA,Burkina Faso,34870433.29010539,42.357024189895334,0.23006775564075105,0.5365734035415928,0.23335884081765615,0.0907727001930291,0.0056273996894695205,1.2772180256403707e-05,3.253098007960162e-10
BGD,Bangladesh,135556325.18736535,50.984813174519545,0.18976845185854335,0.4546071241954647,0.35562442394599203,0.20602990763879894,0.05232992713102001,0.004444591938557769,6.382640602716401e-05
BGR,Bulgaria,2105866.3218486044,49.54464863907614,0.19561605965255588,0.4672943857048259,0.3370895546426183,0.18644385826468132,0.04032945231213518,0.0023407033034416875,1.7572684489473244e-05
BHR,Bahrain,2552594.8587524295,53.26530909547718,0.18118124126109494,0.43525945207226346,0.3835593066666416,0.236875179939004,0.07493713163893446,0.010566734980410396,0.0003676434041316064
BHS,Bahamas,259128.852755475,50.010627923613235,0.19371129069386478,0.46311393882198704,0.3431747704841482,0.1928403121353939,0.04412449449133539,0.0029331784233139553,2.770136962057104e-05
BIH,Bosnia and Herzegovina,750565.4799420288,50.874830942681825,0.19023132917438682,0.4554828595668419,0.35428581125877123,0.204674518529358,0.05152858158054246,0.004288790534988626,5.950165500392984e-05
BLM,Saint Barthélemy,4616.7107255943665,53.0896224852599,0.18187016566821848,0.43658119959926184,0.3815486347325196,0.23474735565784347,0.07339091779558342,0.010070764194372707,0.0003302988226393653
BLR,Belarus,2265111.633188689,49.23461692484399,0.19693584734752886,0.4700090497378454,0.33305510291462576,0.1823363494333036,0.03811721868482867,0.002045128343807732,1.354297130131346e-05
BLZ,Belize,249482.38071537836,49.24721344067841,0.1968388785286237,0.4700286457756506,0.3331324756957257,0.1822864533569403,0.037940426773510914,0.0020050601251809332,1.2872413312148593e-05
BMU,Bermuda,19919.81130194925,52.45009181060338,0.18423288714561314,0.4418599786030689,0.373907134251318,0.2262614708249665,0.06693728969307677,0.008125529412437812,0.0002156506904039447
BOL,Bolivia (Plurinational State of),12241634.441517891,46.25267853212334,0.21017140877349036,0.49807444473527274,0.2917541464912368,0.14131557481937704,0.01910225209773516,0.00034569372533312185,3.531929254861886e-07
BRA,Brazil,96456012.66382432,50.063216361173495,0.19347714045101327,0.46269921234650874,0.3438236472024779,0.1934742635228757,0.04443308987769436,0.002975162878060128,2.8508334927923217e-05
BRB,Barbados,116685.07869785937,49.643662342727794,0.19518299614074675,0.4664835214014792,0.33833348245777406,0.1876688681037093,0.040967621868163745,0.0024289036738318914,1.8935429599470693e-05
BRN,Brunei Darussalam,301435.66132527345,49.91393453447652,0.1940714149300749,0.4640702555582803,0.34185832951164474,0.19136708242577968,0.043117605677637325,0.002756355344263656,2.4480873752418338e-05
BTN,Bhutan,406352.1503981717,49.55933566558907,0.19551672759850428,0.4672850963230411,0.33719817607845465,0.1864491921941416,0.04022420525426371,0.0023180543587510336,1.7360682144553466e-05
BWA,Botswana,2628899.6946913437,45.97383816973589,0.21150093001745943,0.5007488668291864,0.28775020315335426,0.13757818672447697,0.017768379138670395,0.0002866297874921585,2.403753120097974e-07
CAF,Central African Republic,14341202.424718974,42.47594238734098,0.22940859864922605,0.5353942556929452,0.23519714565782873,0.09220924909708524,0.005875717869169553,1.4397089501088479e-05,4.2168123604780985e-10
CAN,Canada,37054446.291265264,52.74058631161844,0.18312214968891793,0.4395297450265938,0.3773481052844883,0.22997482415548431,0.0695597893906168,0.008831638347295943,0.00025028091833861877
CHE,Switzerland,6293680.460875694,53.15769627767733,0.1816012297670404,0.43607299212487893,0.3823257781080806,0.23554935788160564,0.0738959847559236,0.010180819316434766,0.0003305690096075213
CHL,Chile,6924541.27418677,52.61499761280779,0.18357139446712717,0.4406145020331311,0.3758141034997417,0.22822831300347973,0.06818436561441228,0.008422886294410447,0.0002298730472156233
CHN,China,268197504.81930485,51.14281385161816,0.18917404133295432,0.4531624890186666,0.3576634696483791,0.20831015049209356,0.05393597487536042,0.004796315659326935,7.51477396131547e-05
CIV,Côte d'Ivoire,85532757.84559011,42.73998396382701,0.22796654037126327,0.5327328714519812,0.2393005881767555,0.09547746255276646,0.006476596476942636,1.8908947406512822e-05,7.644083642071946e-10
CMR,Cameroon,72653316.7538642,45.18534413185729,0.21531449636443303,0.5084607474911087,0.2762247561444583,0.12697463208322568,0.014247428230501642,0.00015987154068107084,7.12056263273266e-08
COD,Democratic Republic of the Congo,347091223.16966826,42.8549441578749,0.22735504049667302,0.5315275959893567,0.24111736351397023,0.09696974391242646,0.006776395367874584,2.155470198612307e-05,1.024154124964259e-09
COG,Congo,16837247.80504667,45.38597323878198,0.21432312525867667,0.5065266898453422,0.27915018489598104,0.1296062925055545,0.015058568448482997,0.00018471918043115487,9.5948287007287e-08
COK,Cook Islands,4960.512129667876,50.14658095208353,0.19314346513089337,0.46194105620301323,0.3449154786660933,0.19464663917458203,0.0451565347600833,0.0030964626347368134,3.085098343669496e-05
COL,Colombia,27645478.266820133,50.861483840643004,0.1902729854404675,0.4556350502732774,0.35409196428625517,0.20442897189515816,0.0513358319886393,0.004246386241825398,5.8258165539467195e-05
COM,Comoros,1491528.2646936758,46.217459538371244,0.2103250059289518,0.4984604810720517,0.2912145129989964,0.14077100451055008,0.018874848985339986,0.000334127712022616,3.279628833681969e-07
CPV,Cabo Verde,228556.01510652847,50.04230215021782,0.19356368392611142,0.46288587610841486,0.3435504399654738,0.19318771078990793,0.044266852787295224,0.002948854818694,2.8039714994231966e-05
CRI,Costa Rica,2030521.634741756,52.4662097117737,0.18413694493910912,0.4418234662447685,0.37403958881612237,0.2262952167032373,0.06677775187419556,0.008024143675785888,0.00020822991048307694
CUB,Cuba,2989776.988345289,51.11047945054115,0.1892925992300644,0.4534603581995563,0.3572470425703793,0.20783663616414527,0.0535852211860146,0.004713973139120167,7.203120727413006e-05
CUW,Curaçao,59907.4150081546,49.90089631383525,0.19417060439658637,0.4640406835135075,0.3417887120899061,0.19144296501606844,0.043316071001725666,0.002804383255747551,2.561991569611598e-05
CYM,Cayman Islands,80368.77514172057,52.680834706538505,0.18333415415932242,0.4400493192410186,0.3766165265996591,0.2291359273483301,0.06889525603576596,0.008630328740387421,0.00023917523848815807
CYP,Cyprus,806782.2569612702,52.50689417267078,0.183974669506367,0.44150931533501386,0.37451601515861904,0.22679351623834304,0.06709655387985465,0.008100016571780552,0.000211122873261177
CZE,Czechia,5385764.707833545,51.300407606280345,0.18856492241456552,0.4517747625407245,0.3596603150447099,0.21049019134433494,0.055424255267469545,0.005121697560496272,8.463737661434192e-05
DEU,Germany,48259913.22768502,52.05402053143854,0.18567576647958448,0.44531639347731866,0.36900784004309684,0.2207114120735906,0.06261986513203137,0.006872697104691247,0.0001517865735230136
DJI,Djibouti,1335158.8049932343,45.7960820552426,0.2123565177193205,0.5024572343604887,0.28518624792019087,0.13520737841387198,0.016952438821378493,0.0002536673938707244,1.8694616277013603e-07
DMA,Dominica,29070.55238863321,47.5947033213649,0.20400496496482926,0.48527790198962695,0.31071713304554377,0.15962363054176207,0.026602155600889455,0.0008153898512709861,2.0621549108356446e-06
DNK,Denmark,3979219.145262196,51.94333981289218,0.18608653743345344,0.4462796061639824,0.3676338564025642,0.21917541400008378,0.06148021262975345,0.006572140609045121,0.00013889652906104978
DOM,Dominican Republic,7497305.351300303,48.540746469913074,0.19984210865069377,0.47648828840087576,0.32366960294843045,0.17257715998602036,0.03278797602404478,0.001387684155476095,6.080460361194426e-06
DZA,Algeria,44029230.814467765,50.94678904970076,0.1899144943028738,0.4549499412867866,0.35513556441033967,0.20549440080794737,0.05196588347831751,0.004369270744944028,6.176998850373198e-05
ECU,Ecuador,11711998.06934514,50.592010633531125,0.1913388513901132,0.45801825989324396,0.3506428887166429,0.20071347671561948,0.04891718718653631,0.003770462090506899,4.5876100838792956e-05
EGY,Egypt,143640546.10926756,47.972621281852355,0.202297133737534,0.4818274675804284,0.3158753986820376,0.1646671811938591,0.02884805487781761,0.0009985999516659134,3.109970144192096e-06
ERI,Eritrea,6671102.990368672,47.80723058247749,0.20303763223223323,0.48334695114864507,0.31361541661912173,0.162436556303268,0.027832673346189524,0.0009125988174735177,2.5818230064590845e-06
ESH,Western Sahara,554831.2011606614,47.74805563780716,0.2032845589727412,0.48395418776211746,0.3127612532651415,0.16155182690441752,0.027382046726576768,0.0008729596759431457,2.3712113740186705e-06
ESP,Spain,20558756.792825658,52.78939652314447,0.1829646191538376,0.4390668240539357,0.3779685567922266,0.2307341215628922,0.07023980204532172,0.00906606331138153,0.00026514424113400375
EST,Estonia,484603.03831515094,51.3897971814593,0.1882488583383713,0.45091265519712787,0.3608384864645008,0.2118663873436909,0.05650146734776585,0.005396368840395274,9.486837040144401e-05
ETH,Ethiopia,296219346.8344531,47.67253638069578,0.20366585248775285,0.48450919299192263,0.31182495452032455,0.16074843703529962,0.02713046034389269,0.0008586841999150918,2.290784368245956e-06
FIN,Finland,2840638.2619067044,51.96767723909948,0.1860176522667278,0.44600832286862324,0.3679740248646489,0.21962283431409182,0.06189791099920381,0.006700027592158746,0.00014526007912932804
FJI,Fiji,554245.7128619202,44.87620839050025,0.21685951645411575,0.5114324510586499,0.2717080324872343,0.1229672502310151,0.013067368601152771,0.00012751329423086046,4.470658959425898e-08
FLK,Falkland Islands (Malvinas),1432.5956815352035,51.675042391178486,0.18710156449967436,0.44859766076825214,0.3643007747320735,0.21549388568091996,0.05884388590630568,0.005915729828831076,0.00011291688381928259
FRA,France,49675919.36927452,53.1438596136467,0.18167168716687224,0.4361350383655834,0.3821932744675443,0.23545949772334934,0.07392235574546227,0.010217789603650827,0.00033322334134508604
FRO,Faroe Islands,43470.12514038518,52.657601989222066,0.18341885121030999,0.44024028624205336,0.3763408625476366,0.2288291518064677,0.06863503277382069,0.008541236191287778,0.0002327633842701917
FSM,Micronesia (Fed. States of),84742.27183923553,44.90101464539457,0.2167779343112708,0.5110177265861889,0.27220433910254027,0.12353591778328205,0.013317409383562039,0.0001363289339613947,5.296672767318762e-08
GAB,Gabon,5742894.48260833,46.79266560864124,0.20765500739978235,0.49287065699345706,0.29947433560676057,0.1486783258909842,0.02195317574413194,0.0004973702723856051,7.479166198549591e-07
GBR,United Kingdom,49900149.970638804,51.82195421633455,0.18654616291261786,0.4473211370739849,0.3661327000133972,0.2175210158177751,0.06028824512086079,0.0062696749963079175,0.00012658487348448505
GEO,Georgia,1834872.0839062554,49.149367579346666,0.1972914066637176,0.4707844074826793,0.33192418585360317,0.1811607339959391,0.03745751913401322,0.0019561828068692037,1.2326047898655616e-05
GGY,Guernsey,34560.189713869084,53.02304504367291,0.18209446021193207,0.4371719747165528,0.3807335650715151,0.23377774056499778,0.07252742802385458,0.009751914715049062,0.00030469782558098334
GHA,Ghana,50574589.289851665,45.25705957089472,0.21497999044314997,0.5076888582409321,0.27733115131591796,0.1280277556932674,0.014608307915094484,0.00017171065341564036,8.336491236842225e-08
GIB,Gibraltar,33900.986701062815,53.96512296244576,0.17873740740142322,0.42946537677435676,0.39179721582422006,0.24629654265437811,0.08266322715343682,0.013227560452206726,0.0005526701998227382
GIN,Guinea,22889565.029192768,42.497448123323835,0.22926267919749,0.5352974554234655,0.2354398653790444,0.09233146402337333,0.005870580227180274,1.4204029757243592e-05,4.0279670380074067e-10
GLP,Guadeloupe,165391.40125381303,52.73411257776992,0.1831818179678236,0.43948685165972823,0.37733133037244815,0.2300673248593311,0.06981864866137988,0.008968115486856583,0.00025942581274929276
GMB,Gambia,4032845.0642702575,44.97863903024407,0.21631773460709816,0.5105628563208875,0.27311940907201443,0.12413075864717664,0.013354865175873023,0.00013393460693044264,4.888664561274317e-08
GNB,Guinea-Bissau,3385919.273056678,43.782900753157136,0.2224274252122197,0.5222485434707042,0.2553240313170762,0.10872051367327884,0.009306346834064044,5.135282818005461e-05,6.579642855637895e-09
GNQ,Equatorial Guinea,3777858.9899187163,44.41684121724249,0.2191544231880931,0.5160146865127445,0.26483089029916235,0.11686055923382671,0.011337012509801025,8.693652142099812e-05,1.9869888380226515e-08
GRC,Greece,3731383.774936209,52.44514316255069,0.18421976833289613,0.4419860995998342,0.37379413206726964,0.22604270585466169,0.06659333064182484,0.007969879205893888,0.00020507261795805633
GRD,Grenada,40760.8556996511,49.96820767274533,0.19386740546694664,0.46353906254124855,0.3425935319918048,0.1921837166713527,0.04366892069141575,0.0028515398304439056,2.620312853082218e-05
GRL,Greenland,23184.007651262174,46.297985816410446,0.20995022665228175,0.4976658074640373,0.292383965883681,0.14188959643278076,0.01929527668756382,0.00035408913447253465,3.70434850188517e-07
GTM,Guatemala,16859626.445454184,47.88629597508343,0.2026773212649331,0.48264230479637243,0.3146803739386944,0.1634694603739548,0.028286709939177375,0.0009498875889693874,2.8109907226207213e-06
GUF,French Guiana,656893.6047319854,51.198432586217805,0.18895266266554125,0.4526843252374646,0.358363012096994,0.20904776905485223,0.05441606467190886,0.004892598640405572,7.643147315211008e-05
GUM,Guam,148382.86278453423,51.925511501365754,0.18618239630173208,0.4463488403579849,0.367468763340283,0.21908085133708305,0.06151588406747207,0.0066001262182407185,0.0001398291506625322
GUY,Guyana,600338.2192511896,47.29826636643809,0.2053683359174343,0.48796873828895004,0.30666292579361565,0.15572920411917685,0.02496463456229418,0.0006978637511024376,1.5160110051692863e-06
HKG,"China, Hong Kong SAR",573386.1748642732,53.925685024981846,0.17888308419121093,0.4297614600409643,0.39135545576782477,0.24583860351843362,0.08238246602604787,0.01322185596433316,0.0005830841444002086
HND,Honduras,11711440.537801282,48.83700363097446,0.19856200853060965,0.473800643583291,0.3276373478860994,0.1765938081630724,0.03483672192176498,0.0016153359753258666,8.27489267976449e-06
HRV,Croatia,1206572.0937311437,50.69757585831859,0.19093646562246627,0.4570331423943607,0.352030391983173,0.20225635466407763,0.04996581126242431,0.0039790104358538554,5.120789033942448e-05
HTI,Haiti,10046676.494202102,43.639896919134046,0.22320118399631128,0.5235641457956055,0.2532346702080833,0.10703001270436782,0.008950303824039097,4.67244208874146e-05,5.4909460660682625e-09
HUN,Hungary,4876593.470324938,50.754587924177144,0.19071033307408486,0.45652999397395144,0.3527596729519636,0.20304212167653762,0.050472848867723026,0.004077511747518948,5.368883592143932e-05
IDN,Indonesia,188638534.93623626,47.55413262773225,0.2041672935864778,0.4857205577252471,0.31011214868827514,0.15897552385375419,0.02625616078647866,0.0007852460455559611,1.903157948876944e-06
IMN,Isle of Man,34930.75082658615,52.555688811845194,0.18379247125078443,0.44110535800810885,0.37510217074110663,0.2274390899977472,0.0675853619002578,0.008242468798969267,0.00021864796409902038
IND,India,941284320.984432,49.34853994648524,0.19639304770538313,0.4691844486082407,0.3344225036863761,0.18355715578659404,0.03858623824948756,0.002088172529776739,1.3988099046043516e-05
IRL,Ireland,3446538.346661208,52.05538955152342,0.18566951198723777,0.4453096070777183,0.36902088093504404,0.22072287597437362,0.06262286780627116,0.006872400689196311,0.00015183365564751846
IRN,Iran (Islamic Republic of),47471809.75068931,51.21998701724516,0.18885054188612238,0.4525507866821323,0.35859867143174534,0.20925800332475022,0.05450172034971023,0.004909937376179947,7.814645617918864e-05
IRQ,Iraq,74494214.2170025,47.05665917625368,0.20641017523532454,0.4904611068112182,0.3031287179534572,0.15212058965760972,0.0232787238265468,0.0005749117461536235,1.0028653035050427e-06
ISL,Iceland,212453.0801509099,51.888361328179805,0.18629007329657601,0.44675777542548156,0.36695215127794245,0.21842416834598977,0.06092495756262184,0.0064323857818744746,0.00013430828998011542
ISR,Israel,16759060.539887173,53.38762144655878,0.1807679652540347,0.4341956529594877,0.38503638178647753,0.23858344384488311,0.07626803363397361,0.010936970665061498,0.0003752917571369883
ITA,Italy,20678607.483859334,52.472527404012396,0.18411705384214622,0.44176027432343756,0.3741226718344161,0.2264010472942753,0.06686508069694684,0.00804845002388425,0.00020913615575158192
JAM,Jamaica,507701.34392380866,46.72613939068556,0.20795665115048445,0.49353181724839884,0.29851153160111676,0.147737678079988,0.021559523829763918,0.00047353187263406924,6.765968676416514e-07
JEY,Jersey,67672.43801717465,51.954794793203156,0.1860416924831468,0.4461874135994156,0.36777089391743756,0.21932139123156208,0.06158196347613774,0.006598630220754739,0.00014026118183821474
JOR,Jordan,16038436.986356815,51.23889787329396,0.18878102590174212,0.4523743734960588,0.35884460060219914,0.20953375381593706,0.05469804648559634,0.004950775850182235,7.887596841730435e-05
JPN,Japan,48839870.93889362,54.1752453190621,0.17801638951412352,0.42775437833017943,0.3942292321556971,0.2491064709610604,0.08511079018675234,0.014199824002667878,0.0006438857127999534
KAZ,Kazakhstan,25650533.398819894,49.44309099201407,0.19604903633670911,0.4681691565068697,0.3357818071564212,0.1851158546085651,0.03961158873697949,0.0022422565021093153,1.6080370434665024e-05
KEN,Kenya,74944620.81304783,44.114494387117965,0.22071685942477162,0.5189357880926947,0.26034735248253366,0.11302255712593105,0.010369548561278486,6.893644559723609e-05,1.2321386578736876e-08
KGZ,Kyrgyzstan,8368174.489594415,47.76578929194628,0.2032529946930277,0.483625486088141,0.31312151921883136,0.16204137284471062,0.027730712318779844,0.0009087648081159533,2.5760127590883216e-06
KHM,Cambodia,15505312.004783146,47.195740654492305,0.20579213182794823,0.48908577338087916,0.30512209479117264,0.1541022474935128,0.024150001308251203,0.0006339036515145068,1.2268322643984032e-06
KIR,Kiribati,157515.37271637708,43.63813076882055,0.22317316132406778,0.5237324020775261,0.2530944365984062,0.10681191763971383,0.008844065800630928,4.449871129316701e-05,4.815629289337728e-09
KNA,Saint Kitts and Nevis,17336.64848338434,47.723707048464426,0.2034420151268551,0.48401959391077465,0.3125383909623701,0.1614648337167029,0.02747513875335371,0.0008883174599360127,2.4662775199909035e-06
KOR,Republic of Korea,10896675.565422706,53.0533142451052,0.18201078635185752,0.436856593033857,0.38113262061428554,0.23430952025115814,0.07308854539202768,0.009988824863800112,0.0003260342812460132
KWT,Kuwait,8407663.630348418,53.744517116179885,0.17947496734030002,0.4313387347964726,0.3891862978632274,0.24324034125606522,0.0800992152492254,0.01234779458101288,0.0004995642806276633
LAO,Lao People's Democratic Republic,5765064.304028906,46.704076743573374,0.2080392176746425,0.49381032095031635,0.2981504613750412,0.14733682138186957,0.021353396412416376,0.00045994900019042257,6.343680821540675e-07
LBN,Lebanon,4725068.759714916,50.325193705012474,0.19240179430595652,0.4604018177978496,0.3471963878961938,0.19701491492247866,0.04656036431932877,0.00333566938274477,3.584322010611273e-05
LBR,Liberia,9051647.283648824,42.47276455470406,0.2294044108123549,0.5355196562528434,0.2350759329348017,0.09205917454952242,0.005828151004383185,1.3949402818378632e-05,3.8835637359018436e-10
LBY,Libya,6487378.888607543,49.90848279355672,0.1940915114825894,0.464126114525388,0.34178237399202266,0.19127850121428638,0.04306167925072424,0.002747666307432025,2.4298929689017617e-05
LCA,Saint Lucia,58955.74227566177,47.968810134491974,0.20234419247881372,0.4817676984515764,0.31588810906960985,0.16476211275851646,0.028979720461049865,0.0010155987240576228,3.2319601584538405e-06
LIE,Liechtenstein,29086.372125729114,54.105502981816564,0.1782270348545079,0.4283804699927318,0.3933924951527603,0.2480674052730493,0.08399767128110053,0.013672112819209452,0.0005900713566332675
LKA,Sri Lanka,13322468.36762971,50.98138858599329,0.18981012921125157,0.4545563572719862,0.35563351351676215,0.20611916092010746,0.0524835211785116,0.004485953429532292,6.486827439642332e-05
LSO,Lesotho,2209959.399990084,43.67635303622289,0.22300436321291495,0.5232251509033374,0.2537704858837475,0.10746507183984878,0.009042212187256583,4.790591748752761e-05,5.762401261777913e-09
LTU,Lithuania,598322.7948462194,49.853639018349,0.19437666709015775,0.4644275777196474,0.34119575519019496,0.19084567747134992,0.04302253664476439,0.002768916075514841,2.5027111340904618e-05
LUX,Luxembourg,487879.16930248553,52.29361039584616,0.18476367166216667,0.4433197137773698,0.3719166145604636,0.2238935319456202,0.06491450308022405,0.007485113626020243,0.00018051452445447678
LVA,Latvia,496564.00357552554,49.88240533444294,0.19425156903303378,0.464195693179311,0.3415527377876552,0.19119576635156416,0.043197099930530114,0.0027909878789149863,2.5296049984130648e-05
MAC,"China, Macao SAR",150316.3456481219,52.69197647639138,0.18330557986619175,0.4399287260613163,0.376765694072492,0.22933832712869232,0.0690995034177852,0.00871150407845564,0.0002475869276147439
MAF,Saint Martin (French part),14792.500052790268,52.5753847978199,0.18375031923534868,0.4408598003811617,0.37538988038348964,0.2278506241332265,0.06802010854017959,0.008396076104340755,0.00022562952546639387
MAR,Morocco,23728982.4376933,49.46500367559498,0.1959084467153215,0.46813170420664596,0.33595984907803256,0.1851569843056821,0.039487053747181186,0.0022126793766412993,1.5727208116103808e-05
MCO,Monaco,39658.20436992079,55.50574089661123,0.17345934544110883,0.41736734274613807,0.409173311812753,0.26619826165808663,0.0998518739949652,0.02023837700169771,0.0012474966346611347
MDA,Republic of Moldova,873903.768261365,47.295677858047995,0.20538814968972557,0.48796587499700594,0.30664597531326854,0.15574128091285924,0.024986189020961506,0.0007002960981621583,1.5339274919314636e-06
MDG,Madagascar,65713455.74568041,43.75179979444336,0.22257162418647666,0.5226308594333603,0.2547975163801631,0.10822679300792197,0.00916467953905708,4.8937748784651887e-05,5.876361013308438e-09
MDV,Maldives,338528.2337157652,52.517331872963496,0.1839259109986754,0.44145341418091166,0.3746206748204129,0.226871884516486,0.06711791649940789,0.008095629776994488,0.00020925507842649987
MEX,Mexico,81363421.1790374,50.166453507368324,0.1930517192034345,0.4617947002040262,0.3451535805925393,0.19486477311346231,0.04526292951218455,0.0031132746991994493,3.1196385313687767e-05
MHL,Marshall Islands,15226.312082373555,44.03890417632847,0.22111119909573285,0.5196581998772595,0.2592306010270077,0.11208156234942936,0.010137269156980799,6.489046371222687e-05,1.0871154904714999e-08
MKD,North Macedonia,440980.3330664917,49.81361422396535,0.19447838478602533,0.4649770985921204,0.34054451662185425,0.18997787273866013,0.04228718864251412,0.0026263233078530116,2.2304934816669113e-05
MLI,Mali,60753790.972636566,42.42059746328482,0.22968032401097255,0.536091975379618,0.23422770060940948,0.09136400739614922,0.005696187124931367,1.3029446521842586e-05,3.3268343987320443e-10
MLT,Malta,194706.79248568148,53.42009340107249,0.18065389803866502,0.433923220066353,0.38542288189498203,0.23904384546873492,0.07667984041686418,0.01111500812468196,0.0003993422234478555
MMR,Myanmar,30655410.666195307,45.50518844010267,0.21376535063213817,0.5052738969080006,0.28096075245986124,0.13132840705807328,0.01565527162090381,0.00020574003307169758,1.212408952151556e-07
MNE,Montenegro,183059.59700505115,50.35330863854208,0.19231156699751528,0.46008244639105383,0.347605986611431,0.19752132783293666,0.04694733681404653,0.0034116036670693594,3.7549120940957806e-05
MNG,Mongolia,4141162.2158856094,49.793488872216706,0.19460640175341803,0.4650155986482863,0.3403779995982957,0.18993016431336107,0.04241575622012867,0.002662021155137878,2.2770173838187776e-05
MNP,Northern Mariana Islands,26423.965044456578,51.112258980429196,0.18927596161636734,0.4534626188617235,0.3572614195219092,0.20783849618170763,0.05352198487551113,0.004688213618113512,7.111748469981401e-05
MOZ,Mozambique,79739455.32507071,43.209318280608436,0.2254755779871877,0.5278717715090941,0.24665265050371823,0.10154689503414435,0.007734941433468032,3.137316318817785e-05,2.342978300981769e-09
MRT,Mauritania,14695459.854908425,47.451330476950304,0.20463185419242855,0.4866796274917246,0.3086885183158468,0.15757879198835317,0.025648118656500296,0.000740200037806376,1.6814979062498617e-06
MSR,Montserrat,1675.1712211603958,49.976351443636204,0.193818663008229,0.46351697435306144,0.3426643626387096,0.1922149597826207,0.04364598597336071,0.0028448153991939315,2.6124016497375185e-05
MTQ,Martinique,141758.8671181373,52.833221111642246,0.1828063110368748,0.4386950050321586,0.3784986839309667,0.23133178086522008,0.07072962408618338,0.00922386137979623,0.0002729697445161476
MUS,Mauritius,291439.44694910944,50.031001743880324,0.1936118286411787,0.46297918901152957,0.34340898234729167,0.19304458784731907,0.04418973677848815,0.0029373284267561893,2.7871335425705276e-05
MWI,Malawi,46735668.556480676,46.09490959063113,0.21093063505422072,0.4995537930155597,0.28951557193021965,0.13924549029543853,0.01837963268612711,0.00031389566531197247,2.907706071585558e-07
MYS,Malaysia,29183500.01165732,51.112671800332606,0.18928126550506671,0.45345181729354755,0.35726691720138576,0.20784708493135362,0.05358295625457828,0.004711331596850847,7.17043383162088e-05
MYT,Mayotte,1316666.616163182,51.267866753163865,0.188666401529958,0.4521256780167048,0.3592079204533372,0.2099182059996323,0.05495347407449442,0.005004265973162206,7.970507542828479e-05
NAM,Namibia,4266339.123628203,45.10655513224727,0.2157558282674901,0.5090243668671047,0.2752198048654053,0.12622425518723593,0.014126249011073663,0.00015939807112839576,7.323847900693691e-08
NCL,New Caledonia,224779.59305686623,50.994683328220866,0.18974294959531,0.4544812373416217,0.35577581306306827,0.20623220590489233,0.05250094476072221,0.004481638288503527,6.472537184651734e-05
NER,Niger,67933615.13240564,43.18797511801109,0.2255149198950517,0.5283986208422643,0.24608645926268397,0.1008851801613281,0.007505274931113606,2.8044114169062304e-05,1.7589257319838598e-09
NGA,Nigeria,319394676.09250575,40.67891502807572,0.2395590362730184,0.5538900268864442,0.20655093684053755,0.07063964931710708,0.0027378430208599195,1.489866059623346e-06,2.397868670633193e-12
NIC,Nicaragua,5591925.840898621,49.40667750352828,0.19615885256210813,0.4686360916905889,0.33520505574730297,0.18438933997953894,0.039078151720817945,0.0021570432137869105,1.4891180960826566e-05
NIU,Niue,1648.7260478411795,46.172110661482336,0.21056067571161813,0.4988158919732657,0.29062343231511617,0.14027868293175952,0.018736681760783292,0.0003290974559262621,3.198913737195797e-07
NLD,Netherlands,11555785.040196609,51.7323253025992,0.1868851359435583,0.4480961779019464,0.3650186861544954,0.21628991486413865,0.05940488727259605,0.006049896813555763,0.00011798102816480638
NOR,Norway,3543372.220341971,52.30793482512486,0.18471457231911328,0.4431878072854009,0.3720976203954859,0.22410507912702732,0.06508453891847003,0.007532368034117966,0.00018241219237900909
NPL,Nepal,19453536.66765357,47.9332624913233,0.20245986446364175,0.48223721929296426,0.31530291624339407,0.16406222863334027,0.028540893949574066,0.0009711107223508614,2.947324703633466e-06
NRU,Nauru,14447.674240872291,42.013552041202075,0.23201817444694067,0.5398479290814293,0.22813389647163,0.08682126718566781,0.0050040877422683145,9.335273779562517e-06,1.686583128629847e-10
NZL,New Zealand,3892440.843293457,51.810615193055035,0.1865871586584668,0.4474215870176529,0.36599125432388024,0.21736319263262666,0.060167653853989686,0.006238661819911078,0.00012547546025921285
OMN,Oman,10058640.92031848,53.38087085348508,0.18077280201614898,0.4342879071759113,0.38493929080793976,0.2384645849517016,0.07622654139693394,0.010997237718142656,0.0003956331190580873
PAK,Pakistan,378828593.35691833,45.245162717230286,0.21501692695523836,0.507887648185769,0.27709542485899263,0.1277537057060184,0.014479235697663585,0.00016654885522590898,7.742779980764923e-08
PAN,Panama,4007764.500050231,52.192908159031276,0.1851569153331381,0.44412667246507936,0.3707164122017826,0.2226087302456195,0.06402633213542253,0.00725111175321398,0.00016858459733353439
PER,Peru,24711989.44267321,51.239466219012144,0.18878115945183266,0.4523626702083775,0.3588561703397897,0.209553095733521,0.0547229205108633,0.004959211035267667,7.937491787414944e-05
PHL,Philippines,68544036.41827843,46.68991996006956,0.20814569407228958,0.49379508980224845,0.2980592161254619,0.14737072229119005,0.02146129041942747,0.0004701308592817576,6.709440927906622e-07
PLW,Palau,6730.134147850482,45.49210962450023,0.21382724845177387,0.5054076305770581,0.280765120971168,0.1311448201797054,0.015591371792216632,0.00020338986358899846,1.1827122290047313e-07
PNG,Papua New Guinea,12875777.164923705,43.667631552448086,0.2230410718092566,0.5233425692669508,0.25361635892379253,0.1073142266488194,0.008990489992866993,4.6923679035410946e-05,5.4718270627727295e-09
POL,Poland,10076874.518055508,51.171906600308304,0.1890839649280028,0.4528373290204554,0.3580787060515418,0.20883014654046417,0.0543752981524706,0.004905876851189744,7.836718781364332e-05
PRI,Puerto Rico,387918.87456587097,52.23569322353561,0.1850320240190611,0.44366948025623953,0.3712984957246993,0.2233682125470404,0.06477464947917295,0.007517222858225164,0.00018658369113637514
PRK,Dem. People's Republic of Korea,11469159.246971484,48.484981185706616,0.20006592974469548,0.47705810678728594,0.32287596346801845,0.17172706855429598,0.032307539638591065,0.0013335438119981304,5.6231906898455585e-06
PRT,Portugal,6182031.796442146,52.63714430112576,0.18351753885436067,0.44035513724377,0.3761273239018693,0.22865411599200477,0.068609781180961,0.00856186725136146,0.0002348164191561108
PRY,Paraguay,6185116.332321159,48.75058224775235,0.19894763775030144,0.4745374193773193,0.3265149428723793,0.17549458912989221,0.03430847903680644,0.0015575608948620366,7.68526067760429e-06
PSE,State of Palestine,8485268.67859963,50.71634818119618,0.1908380291341806,0.45693637467479026,0.35222559619102906,0.20239489339763164,0.04997503312491366,0.00397073646947174,5.071809820799604e-05
PYF,French Polynesia,99084.65818161154,53.07502572377488,0.18191379238309252,0.4367198613186471,0.38136634629826033,0.23451505360148658,0.07314597796887388,0.009965028039451528,0.0003202175520225439
QAT,Qatar,6909955.540803102,55.04263453089986,0.1749908390558832,0.4210282417789577,0.4039809191651591,0.2601663172663745,0.09455279249192865,0.018054002592125383,0.0010436810023115293
REU,Réunion,592965.2180861422,53.623584241896374,0.1799507608438693,0.43221063747711147,0.3878386016790193,0.24182502538584366,0.0790393914484572,0.011948503280396454,0.00045333870580658653
ROU,Romania,6391129.939270271,49.68878078477477,0.19502247716588098,0.465996706304593,0.3389808165295261,0.18842407002304526,0.041478651590785856,0.00251133741490141,2.025677466074174e-05
RUS,Russian Federation,86577968.93498762,49.63447215506647,0.19529597793041384,0.4663260470621176,0.33837797500746863,0.1879513562130541,0.04140517693473823,0.002531084212097324,2.102045165549637e-05
RWA,Rwanda,25307182.85659675,46.95793287829593,0.20688429183993023,0.49132860251180166,0.3017871056482681,0.15087894346069883,0.02282230519560401,0.0005487462459992968,9.129995000014844e-07
SAU,Saudi Arabia,59559323.4576253,53.03081290616345,0.18204138076290208,0.43716141146745224,0.38079720776964565,0.2338049237387439,0.07253639784651714,0.009780884279013526,0.00031176288753416247
SDN,Sudan,108525749.71477634,45.47741538306597,0.2139148767148595,0.505485544319227,0.28059957896591353,0.13104040414684723,0.015595830686337192,0.00020493404991619673,1.2129158923126884e-07
SEN,Senegal,37256558.05855836,46.72477634896919,0.2079395968444555,0.49362438649011325,0.2984360166654312,0.14759657070103205,0.021452095840153604,0.0004656271491245637,6.491678731024645e-07
SGP,Singapore,2281318.195847373,52.75858147334522,0.18307202301943706,0.43933704224552,0.3775909347350429,0.23029853809270437,0.06988973224898885,0.008958680777538428,0.00026053601152116484
SHN,Saint Helena,1627.6983664794664,50.02914298803452,0.19362913891913092,0.4629705368325282,0.34340032424834094,0.19305355804407212,0.044234019654399326,0.0029493097523055206,2.7927212678237518e-05
SLB,Solomon Islands,1391538.0881518777,46.65593989242088,0.20825315353137408,0.49429940777421183,0.2974474386944141,0.1466410133756744,0.021056488596233644,0.0004426608076037813,5.854893291862477e-07
SLE,Sierra Leone,10840705.323256247,42.69095145497376,0.2282129105073348,0.533316143006435,0.23847094648623007,0.0947600494412509,0.006320674753030517,1.752264000801705e-05,6.397445111050486e-10
SLV,El Salvador,2949193.588934875,49.102549329137226,0.19747304413750283,0.47126247413362504,0.3312644817288721,0.1804280940558342,0.03700693052884809,0.0018919020728297247,1.1466073113750755e-05
SMR,San Marino,20574.579900539284,54.35941516455747,0.17734444409165492,0.42636738810424035,0.39628816780410475,0.25135559852429024,0.08682986298984903,0.014785780863950689,0.0006914846559135484
SOM,Somalia,49997701.76594774,41.41118649847648,0.23543075603682673,0.5459237755610828,0.21864546840209037,0.07965473065153411,0.003932061453453258,4.670717617294124e-06,3.601271460644735e-11
SPM,Saint Pierre and Miquelon,958.8643885153995,50.1509224519793,0.19316035862752332,0.46179402104480183,0.34504562032767483,0.1948870118253049,0.045422917408732645,0.0031597923574840417,3.2507498073096214e-05
SRB,Serbia,2128844.149795112,50.80434597732085,0.1905115508278587,0.45609632825888363,0.35339212091325767,0.20371725670888485,0.0509059208732773,0.004163516379566515,5.6052986711619195e-05
SSD,South Sudan,15896002.305207219,40.724502168056425,0.23942805197779857,0.5528103721136153,0.20776157590858613,0.07178996514454783,0.002938704464101521,1.9746745235644525e-06,5.062434389180292e-12
STP,Sao Tome and Principe,429206.33608692663,47.60292374850188,0.2039795630622098,0.48515526029722245,0.3108651766405678,0.15980498239989496,0.02671726611634052,0.0008268807012905905,2.1232483787971815e-06
SUR,Suriname,472966.561471216,48.935792342556674,0.1981586644465906,0.4728454028747419,0.3289959326786674,0.17803290957566162,0.03565187756049092,0.001716556455222123,9.36065894879949e-06
SVK,Slovakia,2025305.6408339818,51.009783841591705,0.18970653826334447,0.454284420835884,0.3560090409007716,0.20655154935720016,0.05279637831905475,0.004555862560643633,6.711266545214668e-05
SVN,Slovenia,1044321.1128974387,52.6504651215995,0.18346065371053769,0.4402589944893973,0.3762803518000651,0.22881591494808165,0.06869524082640203,0.008578940279238723,0.00023673064716111367
SWE,Sweden,7599014.52278515,52.64144803501259,0.18348159657070606,0.4403712274925446,0.37614717593674935,0.2286220139533018,0.06850061943433992,0.008510522291133237,0.00023231690296536892
SWZ,Eswatini,856566.9726287208,43.14554156533856,0.22582366854281258,0.5284793183159411,0.24569701314124637,0.10078265435537018,0.0075830852835537714,2.9794846345000803e-05,2.1091511413258204e-09
SXM,Sint Maarten (Dutch part),24346.168867143613,49.72375325675079,0.1948650169805427,0.4657294473206845,0.33940553569877274,0.1888252192721375,0.04167501516066282,0.0025377398224619777,2.0707218531954407e-05
SYC,Seychelles,76075.1264643202,48.533805563329,0.19988279090513358,0.47651735940862194,0.32359984968624456,0.1725366467660785,0.032801922014635,0.001392049713787827,6.126582737559585e-06
SYR,Syrian Arab Republic,29684520.096394274,48.31708364576874,0.20079461835638757,0.4786042190954373,0.3206011625481752,0.16942695690474782,0.031164343641995818,0.0012171766273689152,4.656959083000288e-06
TCA,Turks and Caicos Islands,22532.130017905434,50.92999866905708,0.18999542609119904,0.4550559807668044,0.3549485931419966,0.20533281972022915,0.051906824211044256,0.004361050875312773,6.162006769458253e-05
TCD,Chad,50622419.94143193,40.57177473549461,0.24027858470905084,0.5545786051593372,0.20514281013161195,0.0698362812893014,0.002690904352662141,1.4661050408935824e-06,2.408502609122138e-12
TGO,Togo,21059092.994351175,43.343776270065206,0.22466708618291514,0.5269144818168578,0.24841843200022698,0.10276044071255189,0.007879567724618102,3.191021262026642e-05,2.31402781374137e-09
THA,Thailand,26763580.84097414,51.2466022346486,0.18879586202633167,0.4521806715429651,0.3590234664307032,0.20986267923948523,0.055087805927863595,0.0050650919172986674,8.343499771029666e-05
TJK,Tajikistan,14487369.526072076,47.322962441450294,0.20521145145032313,0.48788964840401144,0.30689890014566545,0.15582965882947755,0.024879509362158617,0.0006838211943965255,1.43266375861274e-06
TKL,Tokelau,3082.822598677547,49.93025083715029,0.19400056109556202,0.4639398507658672,0.3420595881385708,0.1915565791041747,0.04323175413138526,0.002776032175201095,2.47174562615856e-05
TKM,Turkmenistan,6304965.434060836,46.342899138283336,0.20975881125378182,0.49715517143984866,0.2930860173063696,0.14261297423396865,0.019610275106017587,0.00037119358528513624,4.110756374679728e-07
TLS,Timor-Leste,1229262.4780091986,45.98710196492606,0.21140121863485456,0.5007521973855883,0.28784658397955715,0.13756977711126195,0.017685436822501833,0.00028048508390210675,2.2800565991509386e-07
TON,Tonga,87422.69759475405,48.488906078603094,0.20007982248410425,0.47691239361527255,0.32300778390062324,0.17195238716857786,0.03250265921943203,0.00135906206549405,5.82622557533597e-06
TTO,Trinidad and Tobago,498294.92103007913,48.20708451727342,0.20129540812760252,0.4795587061972673,0.31914588567513014,0.16802053798551073,0.030534291655419588,0.001159237885024581,4.2281572660493255e-06
TUN,Tunisia,6493976.730597049,50.59111071051539,0.19133860110961443,0.45803910859183095,0.3506222902985547,0.20068073737168976,0.04888178715780672,0.0037625331420712686,4.56895104065952e-05
TUR,Türkiye,34354784.46882697,50.632064078516656,0.19118664466515958,0.45764189691400126,0.3511714584208392,0.20130327388460745,0.04932069841779012,0.0038511625537096445,4.800783312485231e-05
TUV,Tuvalu,8923.788358726835,45.23549068321634,0.21510386908510173,0.5078240101789202,0.27707212073597814,0.1278507865809042,0.014585799061416571,0.00017192708005066997,8.448051399847178e-08
TWN,"China, Taiwan Province of China",5208619.7310798755,52.250256816405056,0.18495043745460416,0.4436215303212529,0.371428032224143,0.22342563531625825,0.0646677274230299,0.007440643587331243,0.0001798232488484128
TZA,United Republic of Tanzania,234855461.1167441,46.60685034272758,0.20852257680735864,0.4946220392884398,0.29685538390420163,0.1461889223225393,0.020981103004462934,0.000442917251427279,5.902713809175736e-07
UGA,Uganda,90206495.47525068,47.96836471766191,0.20235298540284222,0.4817431162395239,0.31590389835763394,0.1648005159788337,0.02901638413293478,0.0010203110103180115,3.2584125644338514e-06
UKR,Ukraine,6739919.043565388,50.00524573766915,0.19375967148035625,0.4630763878028862,0.34316394071675765,0.192922477432326,0.0442711692712596,0.0029733710700876863,2.9007647563409984e-05
URY,Uruguay,1233996.028361987,51.091980773244444,0.18939780319713792,0.45352941487955295,0.3570727819233091,0.20774237704925946,0.0536531686733876,0.004750674972220948,7.33884038104764e-05
USA,United States of America,295569354.96590185,51.443591282679954,0.18800342667670097,0.4505539793485209,0.361442593974778,0.21240921880744415,0.056719988259545495,0.005413134370299801,9.436029404874843e-05
UZB,Uzbekistan,56951238.99868078,48.17441625873709,0.20144057984939306,0.479845490676835,0.31871392947377186,0.16759787491113762,0.030326219388657632,0.0011387020156470658,4.0628423903666155e-06
VAT,Holy See,825.1847986486015,53.91477491978452,0.17889954742421263,0.42991603374443493,0.39118441883135235,0.24556131278708962,0.08204642171474168,0.013040441754636258,0.0005559192049417938
VCT,Saint Vincent and the Grenadines,38860.16804076093,47.192109467742256,0.20581767450072272,0.48909355261585485,0.30508877288342245,0.15409302045785744,0.024172404893419763,0.0006368229705418667,1.2416742176136983e-06
VEN,Venezuela (Bolivarian Republic of),18028953.234121725,48.390145322524866,0.20051166496280357,0.47781582511688425,0.3216725099203122,0.17060832270518683,0.03185001467480455,0.0012934440630823353,5.287798352757836e-06
VGB,British Virgin Islands,16361.325119929174,50.42925752274411,0.19199500887375812,0.4594498227983402,0.3485551683279017,0.19849267838418233,0.04752438423797273,0.003512944713867178,3.989850718956486e-05
VIR,United States Virgin Islands,41048.27856706734,50.2623948678359,0.19273261642910883,0.46072196155428863,0.3465454220166026,0.19656196303783896,0.046590173275412795,0.0033915676544868764,3.7817006082760564e-05
VNM,Viet Nam,56395515.699421145,49.99086728122783,0.19380713963109236,0.46323242976691686,0.3429604306019908,0.19267162019331938,0.04406958703483411,0.0029304932069585733,2.777236125607066e-05
VUT,Vanuatu,727589.430930745,48.17666952494246,0.20141117985713392,0.47988791277332143,0.31870090736954454,0.16752846019691342,0.030238846152497313,0.0011269791477622512,3.966853328338526e-06
WLF,Wallis and Futuna Islands,3719.1319457524937,50.917548726906574,0.190025762883742,0.45522215151028134,0.3547520856059767,0.2050728970949752,0.05168036024143604,0.004313156341136777,6.0785767374028844e-05
WSM,Samoa,309297.9444552185,47.5250929437445,0.2042999899992788,0.4859794632543226,0.30972054674639854,0.15859983823313392,0.026090056242198657,0.0007724297484628353,1.8358929058605946e-06
XKX,Kosovo (under UNSC res. 1244),565877.430791138,50.31439965743832,0.19244012805100277,0.46051295646096224,0.3470469154880349,0.19684555714212096,0.04644048485683842,0.003314511637233418,3.565729096412708e-05
YEM,Yemen,82341309.27328345,45.72460352899368,0.21266668439503983,0.503275110204031,0.2840582054009291,0.13407238789262446,0.016493740614342525,0.00023385108336120046,1.562677845975446e-07
ZAF,South Africa,71184541.25892855,46.523202833897024,0.20894798814617555,0.4952989295287935,0.2957530823250311,0.14524451773882951,0.02070773741450197,0.00043288476356629035,5.754058526248123e-07
ZMB,Zambia,52524850.73358077,45.17036397168155,0.2154037831577645,0.5085481144847689,0.2760481023574667,0.12685870533612034,0.014243463062329917,0.00016060836530750348,7.246002133886551e-08
ZWE,Zimbabwe,29339516.405488387,45.36124863351383,0.21448002345814499,0.506630632659541,0.27888934388231407,0.12947249922530532,0.015088493782376294,0.00018778020185156462,1.010637242447289e-07
