body_id,canonical_name,body_class,parent_body_id,naif_id,game_interval_status,game_interval_sources,master_1950_2500_sources,governed_coverage_rows,local_candidate_files
AMUN,3554 Amun,NEAR_EARTH_ASTEROID,,20003554,GOVERNED_FULL_GAME_INTERVAL,JPL_HORIZONS_AMU,JPL_HORIZONS_AMU,1,kernels/spk/phase4d/amun_2026_2251.bsp
APOPHIS,99942 Apophis,NEAR_EARTH_ASTEROID,,20099942,GOVERNED_FULL_GAME_INTERVAL,HORIZONS_4E_APOPHIS,HORIZONS_4E_APOPHIS,1,kernels/spk/phase4e/apophis_2026_2251.bsp
ARIEL,Ariel,NATURAL_SATELLITE,URANUS_SYSTEM_BARYCENTER,701,GOVERNED_FULL_GAME_INTERVAL,JPL_URA184_PART_3,JPL_URA184_PART_3,1,kernels/spk/satellite_systems/ura184_part-3.bsp
ARROKOTH,486958 Arrokoth,TRANS_NEPTUNIAN_OBJECT,,20486958,GOVERNED_FULL_GAME_INTERVAL,HORIZONS_4E_ARROKOTH,HORIZONS_4E_ARROKOTH,1,kernels/spk/phase4e/arrokoth_2026_2251.bsp
ASTEROID_6178,6178 (1986 DA),ASTEROID,,20006178,GOVERNED_FULL_GAME_INTERVAL,JPL_HORIZONS_6178,JPL_HORIZONS_6178,1,kernels/spk/phase4d/1986da_2026_2251.bsp
ATLAS3I,3I/ATLAS,INTERSTELLAR_OBJECT,,1004083,GOVERNED_FULL_GAME_INTERVAL,HORIZONS_4E_ATLAS3I,HORIZONS_4E_ATLAS3I,1,kernels/spk/phase4e/atlas3i_2026_2251.bsp
BENNU,101955 Bennu,NEAR_EARTH_ASTEROID,,2101955,GOVERNED_FULL_GAME_INTERVAL,PROP_BENNU_2101955_PHASE4D,JPL_BENNU_SB441;PROP_BENNU_2101955_PHASE4D,2,kernels/spk/phase4d/bennu_sb-101955-118_long.bsp;kernels/spk/phase4d/propagated_bennu_2101955_2026_2251.bsp;kernels/spk/phase4d/propagated_bennu_2101955_2251.bsp
BORISOV,2I/Borisov,INTERSTELLAR_OBJECT,,1003639,GOVERNED_FULL_GAME_INTERVAL,HORIZONS_4E_BORISOV,HORIZONS_4E_BORISOV,1,kernels/spk/phase4e/borisov_2026_2251.bsp
BORRELLY,19P/Borrelly,COMET,,1000005,GOVERNED_FULL_GAME_INTERVAL,HORIZONS_4E_BORRELLY,HORIZONS_4E_BORRELLY,1,kernels/spk/phase4e/borrelly_2026_2251.bsp
BRAILLE,9969 Braille,ASTEROID,,20009969,GOVERNED_FULL_GAME_INTERVAL,HORIZONS_4E_BRAILLE,HORIZONS_4E_BRAILLE,1,kernels/spk/phase4e/braille_2026_2251.bsp
CALLISTO,Callisto,NATURAL_SATELLITE,JUPITER_SYSTEM_BARYCENTER,504,GOVERNED_FULL_GAME_INTERVAL,PROP_CALLISTO_504_PHASE4B,JPL_JUP365_PRE2250;PROP_CALLISTO_504_PHASE4B,2,kernels/spk/phase4b/jup365.bsp;kernels/spk/phase4b/propagated_504_from_5_2251.bsp;kernels/spk/phase4e/p10-a.bsp;kernels/spk/phase4e/p11-a.bsp;kernels/spk/satellites/candidate/jup365.bsp
CERES,Ceres,DWARF_PLANET,,20000001,GOVERNED_FULL_GAME_INTERVAL,CERES_SPK_PHASE4B_2251,CERES_SPK_PHASE4B_2251,2,kernels/spk/phase4b/2000001_ceres_2025_2251.bsp;kernels/spk/phase4b/2000001_ceres_2025_2251_guard.bsp;kernels/spk/small_bodies/2000001_ceres_2025_2227.bsp
CHARON,Charon,NATURAL_SATELLITE,PLUTO_SYSTEM_BARYCENTER,901,GOVERNED_FULL_GAME_INTERVAL,PROP_CHARON_901_PHASE4B,JPL_PLU060_PRE2250;PROP_CHARON_901_PHASE4B,2,kernels/spk/phase4b/plu060.bsp;kernels/spk/phase4b/propagated_901_from_9_2251.bsp;kernels/spk/satellites/candidate/plu060.bsp
CHIRON,2060 Chiron,CENTAUR,,20002060,GOVERNED_FULL_GAME_INTERVAL,JPL_HORIZONS_CHI,JPL_HORIZONS_CHI,1,kernels/spk/phase4d/chiron_2026_2251.bsp
COMET_67P,67P/Churyumov-Gerasimenko,COMET,,1000012,GOVERNED_FULL_GAME_INTERVAL,JPL_HORIZONS_67P,JPL_HORIZONS_67P,1,kernels/spk/phase4d/67p_2026_2251.bsp
COMET_HALLEY,1P/Halley,COMET,,1000036,GOVERNED_FULL_GAME_INTERVAL,JPL_HORIZONS_HALLEY,JPL_HORIZONS_HALLEY,1,kernels/spk/phase4d/halley_2026_2251.bsp
DACTYL,Dactyl,NATURAL_SATELLITE,IDA,,NO_GOVERNED_QUALIFIED_COVERAGE,,,0,
DAVIDA,511 Davida,ASTEROID,,20000511,GOVERNED_FULL_GAME_INTERVAL,HORIZONS_4E_DAVIDA,HORIZONS_4E_DAVIDA,1,kernels/spk/phase4e/davida_2026_2251.bsp
DEIMOS,Deimos,NATURAL_SATELLITE,MARS_SYSTEM_BARYCENTER,402,GOVERNED_FULL_GAME_INTERVAL,JPL_MAR099,JPL_MAR099,1,kernels/spk/satellite_systems/mar099.bsp
DIDYMOS,65803 Didymos,BINARY_ASTEROID_PRIMARY,,20065803,GOVERNED_FULL_GAME_INTERVAL,JPL_HORIZONS_DID,JPL_HORIZONS_DID,1,kernels/spk/phase4d/didymos_2026_2251.bsp
DINKINESH,152830 Dinkinesh,ASTEROID,,20152830,GOVERNED_FULL_GAME_INTERVAL,HORIZONS_4E_DINKINESH,HORIZONS_4E_DINKINESH,1,kernels/spk/phase4e/dinkinesh_2026_2251.bsp
DIONE,Dione,NATURAL_SATELLITE,SATURN_SYSTEM_BARYCENTER,604,GOVERNED_FULL_GAME_INTERVAL,JPL_SAT441XL_PART2,JPL_SAT441XL_PART2,1,kernels/spk/phase4e/p11-a.bsp;kernels/spk/satellite_systems/sat441.bsp;kernels/spk/satellite_systems/sat441xl_part-2.bsp
DONALDJOHANSON,52246 Donaldjohanson,ASTEROID,,20052246,GOVERNED_FULL_GAME_INTERVAL,HORIZONS_4E_DONALDJOHANSON,HORIZONS_4E_DONALDJOHANSON,1,kernels/spk/phase4e/donaldjohanson_2026_2251.bsp
EARTH,Earth,PLANET,,399,GOVERNED_FULL_GAME_INTERVAL,DE440,DE440,1,kernels/spk/de440.bsp;kernels/spk/phase4b/jup365.bsp;kernels/spk/phase4b/plu060.bsp;kernels/spk/phase4e/nep098_part-1.bsp;kernels/spk/phase4e/nep098_part-2.bsp;kernels/spk/phase4e/nep098_part-3.bsp;kernels/spk/phase4e/nep104.bsp;kernels/spk/phase4e/nep105.bsp;kernels/spk/phase4e/nh_de433_od161.bsp;kernels/spk/phase4e/nh_pred_alleph_od161.bsp;kernels/spk/phase4e/nh_pred_alleph_od164.bsp;kernels/spk/phase4e/p10-a.bsp;kernels/spk/phase4e/p11-a.bsp;kernels/spk/phase4e/vgr1.x2100.bsp;kernels/spk/phase4e/vgr2.x2100.bsp;kernels/spk/satellite_systems/mar099.bsp;kernels/spk/satellite_systems/nep097.bsp;kernels/spk/satellite_systems/sat441.bsp;kernels/spk/satellite_systems/ura184_part-3.bsp;kernels/spk/satellites/candidate/jup365.bsp;kernels/spk/satellites/candidate/plu060.bsp
EARTH_MOON_BARYCENTER,Earth-Moon barycenter,BARYCENTER,,3,GOVERNED_FULL_GAME_INTERVAL,DE440,DE440,1,kernels/spk/de440.bsp;kernels/spk/phase4b/jup365.bsp;kernels/spk/phase4b/plu060.bsp;kernels/spk/phase4e/nep098_part-1.bsp;kernels/spk/phase4e/nep098_part-2.bsp;kernels/spk/phase4e/nep098_part-3.bsp;kernels/spk/phase4e/nep104.bsp;kernels/spk/phase4e/nep105.bsp;kernels/spk/phase4e/nh_de433_od161.bsp;kernels/spk/phase4e/nh_pred_alleph_od161.bsp;kernels/spk/phase4e/nh_pred_alleph_od164.bsp;kernels/spk/phase4e/p10-a.bsp;kernels/spk/phase4e/p11-a.bsp;kernels/spk/phase4e/vgr1.x2100.bsp;kernels/spk/phase4e/vgr2.x2100.bsp;kernels/spk/satellite_systems/mar099.bsp;kernels/spk/satellite_systems/nep097.bsp;kernels/spk/satellite_systems/sat441.bsp;kernels/spk/satellite_systems/ura184_part-3.bsp;kernels/spk/satellites/candidate/jup365.bsp;kernels/spk/satellites/candidate/plu060.bsp
ENCELADUS,Enceladus,NATURAL_SATELLITE,SATURN_SYSTEM_BARYCENTER,602,GOVERNED_FULL_GAME_INTERVAL,JPL_SAT441XL_PART2,JPL_SAT441XL_PART2,1,kernels/spk/phase4e/p11-a.bsp;kernels/spk/satellite_systems/sat441.bsp;kernels/spk/satellite_systems/sat441xl_part-2.bsp
ERIS,136199 Eris,DWARF_PLANET,,20136199,GOVERNED_FULL_GAME_INTERVAL,JPL_HORIZONS_ERIS,JPL_HORIZONS_ERIS,1,kernels/spk/phase4d/eris_2026_2251.bsp
EROS,433 Eros,NEAR_EARTH_ASTEROID,,20000433,GOVERNED_FULL_GAME_INTERVAL,JPL_HORIZONS_EROS,JPL_HORIZONS_EROS,1,kernels/spk/phase4d/eros_2026_2251.bsp
EUROPA,Europa,NATURAL_SATELLITE,JUPITER_SYSTEM_BARYCENTER,502,GOVERNED_FULL_GAME_INTERVAL,PROP_EUROPA_502_PHASE4B,JPL_JUP365_PRE2250;PROP_EUROPA_502_PHASE4B,2,kernels/spk/phase4b/jup365.bsp;kernels/spk/phase4b/propagated_502_from_5_2251.bsp;kernels/spk/phase4e/p10-a.bsp;kernels/spk/phase4e/p11-a.bsp;kernels/spk/satellites/candidate/jup365.bsp
EURYBATES,3548 Eurybates,TROJAN_ASTEROID,,20003548,GOVERNED_FULL_GAME_INTERVAL,JPL_HORIZONS_EUR,JPL_HORIZONS_EUR,1,kernels/spk/phase4d/eurybates_2026_2251.bsp
GANYMEDE,Ganymede,NATURAL_SATELLITE,JUPITER_SYSTEM_BARYCENTER,503,GOVERNED_FULL_GAME_INTERVAL,PROP_GANYMEDE_503_PHASE4B,JPL_JUP365_PRE2250;PROP_GANYMEDE_503_PHASE4B,2,kernels/spk/phase4b/jup365.bsp;kernels/spk/phase4b/propagated_503_from_5_2251.bsp;kernels/spk/phase4e/p10-a.bsp;kernels/spk/phase4e/p11-a.bsp;kernels/spk/satellites/candidate/jup365.bsp
GASPRA,951 Gaspra,ASTEROID,,20000951,GOVERNED_FULL_GAME_INTERVAL,HORIZONS_4E_GASPRA,HORIZONS_4E_GASPRA,1,kernels/spk/phase4e/gaspra_2026_2251.bsp
GONGGONG,225088 Gonggong,DWARF_PLANET,,20225088,GOVERNED_FULL_GAME_INTERVAL,HORIZONS_4E_GONGGONG,HORIZONS_4E_GONGGONG,1,kernels/spk/phase4e/gonggong_2026_2251.bsp
HARTLEY2,103P/Hartley 2,COMET,,1000041,GOVERNED_FULL_GAME_INTERVAL,HORIZONS_4E_HARTLEY2,HORIZONS_4E_HARTLEY2,1,kernels/spk/phase4e/hartley2_2026_2251.bsp
HAUMEA,136108 Haumea,DWARF_PLANET,,20136108,GOVERNED_FULL_GAME_INTERVAL,JPL_HORIZONS_HAU,JPL_HORIZONS_HAU,1,kernels/spk/phase4d/haumea_2026_2251.bsp
HYDRA,Hydra,NATURAL_SATELLITE,PLUTO,903,GOVERNED_PARTIAL_GAME_INTERVAL,,NAIF_PLU060_4E,1,kernels/spk/phase4b/plu060.bsp;kernels/spk/satellites/candidate/plu060.bsp
HYGIEA,10 Hygiea,ASTEROID,,20000010,GOVERNED_FULL_GAME_INTERVAL,JPL_HORIZONS_HYG,JPL_HORIZONS_HYG,1,kernels/spk/phase4d/hygiea_2026_2251.bsp
HYPERION,Hyperion,NATURAL_SATELLITE,SATURN_SYSTEM_BARYCENTER,607,GOVERNED_FULL_GAME_INTERVAL,JPL_SAT441XL_PART2,JPL_SAT441XL_PART2,1,kernels/spk/phase4e/p11-a.bsp;kernels/spk/satellite_systems/sat441.bsp;kernels/spk/satellite_systems/sat441xl_part-2.bsp
IAPETUS,Iapetus,NATURAL_SATELLITE,SATURN_SYSTEM_BARYCENTER,608,GOVERNED_FULL_GAME_INTERVAL,JPL_SAT441XL_PART2,JPL_SAT441XL_PART2,1,kernels/spk/phase4e/p11-a.bsp;kernels/spk/satellite_systems/sat441.bsp;kernels/spk/satellite_systems/sat441xl_part-2.bsp
IDA,243 Ida,ASTEROID,,20000243,GOVERNED_FULL_GAME_INTERVAL,HORIZONS_4E_IDA,HORIZONS_4E_IDA,1,kernels/spk/phase4e/ida_2026_2251.bsp
INTERAMNIA,704 Interamnia,ASTEROID,,20000704,GOVERNED_FULL_GAME_INTERVAL,HORIZONS_4E_INTERAMNIA,HORIZONS_4E_INTERAMNIA,1,kernels/spk/phase4e/interamnia_2026_2251.bsp
IO,Io,NATURAL_SATELLITE,JUPITER_SYSTEM_BARYCENTER,501,GOVERNED_FULL_GAME_INTERVAL,PROP_IO_501_PHASE4B,JPL_JUP365_PRE2250;PROP_IO_501_PHASE4B,2,kernels/spk/phase4b/jup365.bsp;kernels/spk/phase4b/propagated_501_from_5_2251.bsp;kernels/spk/phase4e/p10-a.bsp;kernels/spk/phase4e/p11-a.bsp;kernels/spk/satellites/candidate/jup365.bsp
ITOKAWA,25143 Itokawa,NEAR_EARTH_ASTEROID,,20025143,GOVERNED_FULL_GAME_INTERVAL,JPL_HORIZONS_ITO,JPL_HORIZONS_ITO,1,kernels/spk/phase4d/itokawa_2026_2251.bsp
IXION,28978 Ixion,TRANS_NEPTUNIAN_OBJECT,,20028978,GOVERNED_FULL_GAME_INTERVAL,HORIZONS_4E_IXION,HORIZONS_4E_IXION,1,kernels/spk/phase4e/ixion_2026_2251.bsp
JUNO,3 Juno,ASTEROID,,20000003,GOVERNED_FULL_GAME_INTERVAL,HORIZONS_4E_JUNO,HORIZONS_4E_JUNO,1,kernels/spk/phase4e/juno_2026_2251.bsp
JUPITER,Jupiter,PLANET,JUPITER_SYSTEM_BARYCENTER,599,GOVERNED_FULL_GAME_INTERVAL,PROP_JUPITER_599_PHASE4B,JPL_JUP365_PRE2250;PROP_JUPITER_599_PHASE4B,2,derived/DERIVED_SOLAR_CENTER_EXTENSION_V1/derived_jupiter_center_599_v1.bsp;kernels/spk/phase4b/jup365.bsp;kernels/spk/phase4b/propagated_599_from_5_2251.bsp;kernels/spk/phase4e/p10-a.bsp;kernels/spk/phase4e/p11-a.bsp;kernels/spk/satellites/candidate/jup365.bsp
JUPITER_SYSTEM_BARYCENTER,Jupiter system barycenter,BARYCENTER,,5,GOVERNED_FULL_GAME_INTERVAL,DE440,DE440,1,kernels/spk/de440.bsp;kernels/spk/phase4b/jup365.bsp;kernels/spk/phase4e/nh_de433_od161.bsp;kernels/spk/phase4e/nh_pred_alleph_od161.bsp;kernels/spk/phase4e/nh_pred_alleph_od164.bsp;kernels/spk/phase4e/p10-a.bsp;kernels/spk/phase4e/p11-a.bsp;kernels/spk/phase4e/vgr1.x2100.bsp;kernels/spk/phase4e/vgr2.x2100.bsp;kernels/spk/satellites/candidate/jup365.bsp
KERBEROS,Kerberos,NATURAL_SATELLITE,PLUTO,904,GOVERNED_PARTIAL_GAME_INTERVAL,,NAIF_PLU060_4E,1,kernels/spk/phase4b/plu060.bsp;kernels/spk/phase4e/nh_extras.bsp;kernels/spk/satellites/candidate/plu060.bsp
KLEOPATRA,216 Kleopatra,BINARY_ASTEROID_PRIMARY,,20000216,GOVERNED_FULL_GAME_INTERVAL,JPL_HORIZONS_KLE,JPL_HORIZONS_KLE,1,kernels/spk/phase4d/kleopatra_2026_2251.bsp;kernels/spk/phase4e/kleopatra_2026_2251.bsp
LEUCUS,11351 Leucus,TROJAN_ASTEROID,,20011351,GOVERNED_FULL_GAME_INTERVAL,HORIZONS_4E_LEUCUS,HORIZONS_4E_LEUCUS,1,kernels/spk/phase4e/leucus_2026_2251.bsp
LUTETIA,21 Lutetia,ASTEROID,,20000021,GOVERNED_FULL_GAME_INTERVAL,HORIZONS_4E_LUTETIA,HORIZONS_4E_LUTETIA,1,kernels/spk/phase4e/lutetia_2026_2251.bsp
MAKEMAKE,136472 Makemake,DWARF_PLANET,,20136472,GOVERNED_FULL_GAME_INTERVAL,JPL_HORIZONS_MAK,JPL_HORIZONS_MAK,1,kernels/spk/phase4d/makemake_2026_2251.bsp
MARS,Mars,PLANET,,499,GOVERNED_FULL_GAME_INTERVAL,JPL_MAR099,JPL_MAR099,1,kernels/spk/phase4e/nh_de433_od161.bsp;kernels/spk/phase4e/nh_pred_alleph_od161.bsp;kernels/spk/phase4e/nh_pred_alleph_od164.bsp;kernels/spk/satellite_systems/mar099.bsp
MARS_SYSTEM_BARYCENTER,Mars system barycenter,BARYCENTER,,4,GOVERNED_FULL_GAME_INTERVAL,DE440,DE440,1,kernels/spk/de440.bsp;kernels/spk/phase4e/nh_de433_od161.bsp;kernels/spk/phase4e/nh_pred_alleph_od161.bsp;kernels/spk/phase4e/nh_pred_alleph_od164.bsp;kernels/spk/phase4e/vgr1.x2100.bsp;kernels/spk/phase4e/vgr2.x2100.bsp;kernels/spk/satellite_systems/mar099.bsp
MATHILDE,253 Mathilde,ASTEROID,,20000253,GOVERNED_FULL_GAME_INTERVAL,HORIZONS_4E_MATHILDE,HORIZONS_4E_MATHILDE,1,kernels/spk/phase4e/mathilde_2026_2251.bsp
MERCURY,Mercury,PLANET,,199,GOVERNED_FULL_GAME_INTERVAL,DE440,DE440,1,kernels/spk/de440.bsp;kernels/spk/phase4e/nh_de433_od161.bsp;kernels/spk/phase4e/nh_pred_alleph_od161.bsp;kernels/spk/phase4e/nh_pred_alleph_od164.bsp;kernels/spk/phase4e/vgr1.x2100.bsp;kernels/spk/phase4e/vgr2.x2100.bsp
MERCURY_SYSTEM_BARYCENTER,Mercury system barycenter,BARYCENTER,,1,GOVERNED_FULL_GAME_INTERVAL,DE440,DE440,1,kernels/spk/de440.bsp;kernels/spk/phase4e/nh_de433_od161.bsp;kernels/spk/phase4e/nh_pred_alleph_od161.bsp;kernels/spk/phase4e/nh_pred_alleph_od164.bsp;kernels/spk/phase4e/vgr1.x2100.bsp;kernels/spk/phase4e/vgr2.x2100.bsp
MIMAS,Mimas,NATURAL_SATELLITE,SATURN_SYSTEM_BARYCENTER,601,GOVERNED_FULL_GAME_INTERVAL,JPL_SAT441XL_PART2,JPL_SAT441XL_PART2,1,kernels/spk/phase4e/p11-a.bsp;kernels/spk/satellite_systems/sat441.bsp;kernels/spk/satellite_systems/sat441xl_part-2.bsp
MIRANDA,Miranda,NATURAL_SATELLITE,URANUS_SYSTEM_BARYCENTER,705,GOVERNED_FULL_GAME_INTERVAL,JPL_URA184_PART_3,JPL_URA184_PART_3,1,kernels/spk/satellite_systems/ura184_part-3.bsp
MOON,Moon,NATURAL_SATELLITE,,301,GOVERNED_FULL_GAME_INTERVAL,DE440,DE440,1,kernels/spk/de440.bsp;kernels/spk/phase4e/nh_de433_od161.bsp;kernels/spk/phase4e/nh_pred_alleph_od161.bsp;kernels/spk/phase4e/nh_pred_alleph_od164.bsp;kernels/spk/phase4e/vgr1.x2100.bsp;kernels/spk/phase4e/vgr2.x2100.bsp
MS4,2002 MS4,TRANS_NEPTUNIAN_OBJECT,,20307261,GOVERNED_FULL_GAME_INTERVAL,HORIZONS_4E_MS4,HORIZONS_4E_MS4,1,kernels/spk/phase4e/ms4_2026_2251.bsp
NEPTUNE,Neptune,PLANET,,899,GOVERNED_FULL_GAME_INTERVAL,JPL_NEP097,JPL_NEP097,1,kernels/spk/phase4e/nep098_part-1.bsp;kernels/spk/phase4e/nep098_part-2.bsp;kernels/spk/phase4e/nep098_part-3.bsp;kernels/spk/phase4e/nep104.bsp;kernels/spk/phase4e/nep105.bsp;kernels/spk/satellite_systems/nep097.bsp
NEPTUNE_SYSTEM_BARYCENTER,Neptune system barycenter,BARYCENTER,,8,GOVERNED_FULL_GAME_INTERVAL,DE440,DE440,1,kernels/spk/de440.bsp;kernels/spk/phase4e/nep098_part-1.bsp;kernels/spk/phase4e/nep098_part-2.bsp;kernels/spk/phase4e/nep098_part-3.bsp;kernels/spk/phase4e/nep104.bsp;kernels/spk/phase4e/nep105.bsp;kernels/spk/phase4e/nh_de433_od161.bsp;kernels/spk/phase4e/nh_pred_alleph_od161.bsp;kernels/spk/phase4e/nh_pred_alleph_od164.bsp;kernels/spk/phase4e/vgr1.x2100.bsp;kernels/spk/phase4e/vgr2.x2100.bsp;kernels/spk/satellite_systems/nep097.bsp
NEREID,Nereid,NATURAL_SATELLITE,NEPTUNE_SYSTEM_BARYCENTER,802,GOVERNED_FULL_GAME_INTERVAL,NAIF_NEP101XL_802,NAIF_NEP101XL_802,1,kernels/spk/phase4e/nep098_part-1.bsp;kernels/spk/phase4e/nep101xl-802.bsp;kernels/spk/phase4e/nep105.bsp
NEWHORIZONS,New Horizons,SPACECRAFT,,-98,GOVERNED_FULL_GAME_INTERVAL,PROP_4E_NEWHORIZONS,NAIF_NH_OD164;PROP_4E_NEWHORIZONS,2,kernels/spk/phase4e/nh_pred_alleph_od161.bsp;kernels/spk/phase4e/nh_pred_alleph_od164.bsp;kernels/spk/phase4e/propagated_new_horizons_2033_2251.bsp
NIX,Nix,NATURAL_SATELLITE,PLUTO,902,GOVERNED_PARTIAL_GAME_INTERVAL,,NAIF_PLU060_4E,1,kernels/spk/phase4b/plu060.bsp;kernels/spk/satellites/candidate/plu060.bsp
OBERON,Oberon,NATURAL_SATELLITE,URANUS_SYSTEM_BARYCENTER,704,GOVERNED_FULL_GAME_INTERVAL,JPL_URA184_PART_3,JPL_URA184_PART_3,1,kernels/spk/satellite_systems/ura184_part-3.bsp
ORCUS,90482 Orcus,DWARF_PLANET,,20090482,GOVERNED_FULL_GAME_INTERVAL,HORIZONS_4E_ORCUS,HORIZONS_4E_ORCUS,1,kernels/spk/phase4e/orcus_2026_2251.bsp
ORUS,21900 Orus,TROJAN_ASTEROID,,20021900,GOVERNED_FULL_GAME_INTERVAL,HORIZONS_4E_ORUS,HORIZONS_4E_ORUS,1,kernels/spk/phase4e/orus_2026_2251.bsp
OUMUAMUA,1I/ʻOumuamua,INTERSTELLAR_OBJECT,,50788063,GOVERNED_FULL_GAME_INTERVAL,HORIZONS_4E_OUMUAMUA,HORIZONS_4E_OUMUAMUA,1,kernels/spk/phase4e/oumuamua_2026_2251.bsp
PALLAS,2 Pallas,ASTEROID,,20000002,GOVERNED_FULL_GAME_INTERVAL,JPL_HORIZONS_PAL,JPL_HORIZONS_PAL,1,kernels/spk/phase4d/pallas_2026_2251.bsp
PATROCLUS,617 Patroclus,BINARY_ASTEROID_PRIMARY,,20000617,GOVERNED_FULL_GAME_INTERVAL,JPL_HORIZONS_PAT,JPL_HORIZONS_PAT,1,kernels/spk/phase4d/patroclus_2026_2251.bsp
PHOBOS,Phobos,NATURAL_SATELLITE,MARS_SYSTEM_BARYCENTER,401,GOVERNED_FULL_GAME_INTERVAL,JPL_MAR099,JPL_MAR099,1,kernels/spk/satellite_systems/mar099.bsp
PHOEBE,Phoebe,NATURAL_SATELLITE,SATURN_SYSTEM_BARYCENTER,609,GOVERNED_FULL_GAME_INTERVAL,JPL_SAT441XL_PART2,JPL_SAT441XL_PART2,1,kernels/spk/satellite_systems/sat441.bsp;kernels/spk/satellite_systems/sat441xl_part-2.bsp
PIONEER10,Pioneer 10,SPACECRAFT,,-23,GOVERNED_FULL_GAME_INTERVAL,PROP_4E_PIONEER10,NAIF_PIONEER10_SPK;PROP_4E_PIONEER10,2,kernels/spk/phase4e/p10-a.bsp;kernels/spk/phase4e/propagated_pioneer10_1990_2251.bsp
PIONEER11,Pioneer 11,SPACECRAFT,,-24,GOVERNED_FULL_GAME_INTERVAL,PROP_4E_PIONEER11,NAIF_PIONEER11_SPK;PROP_4E_PIONEER11,2,kernels/spk/phase4e/p11-a.bsp;kernels/spk/phase4e/propagated_pioneer11_1990_2251.bsp
PLUTO,Pluto,DWARF_PLANET,PLUTO_SYSTEM_BARYCENTER,999,GOVERNED_FULL_GAME_INTERVAL,PROP_PLUTO_999_PHASE4B,JPL_PLU060_PRE2250;PROP_PLUTO_999_PHASE4B,2,derived/DERIVED_SOLAR_CENTER_EXTENSION_V1/derived_pluto_center_999_v1.bsp;kernels/spk/phase4b/plu060.bsp;kernels/spk/phase4b/propagated_999_from_9_2251.bsp;kernels/spk/satellites/candidate/plu060.bsp
PLUTO_SYSTEM_BARYCENTER,Pluto system barycenter,BARYCENTER,,9,GOVERNED_FULL_GAME_INTERVAL,DE440,DE440,1,kernels/spk/de440.bsp;kernels/spk/phase4b/plu060.bsp;kernels/spk/phase4e/nh_de433_od161.bsp;kernels/spk/phase4e/nh_pred_alleph_od161.bsp;kernels/spk/phase4e/nh_pred_alleph_od164.bsp;kernels/spk/phase4e/vgr1.x2100.bsp;kernels/spk/phase4e/vgr2.x2100.bsp;kernels/spk/satellites/candidate/plu060.bsp
POLYMELE,15094 Polymele,TROJAN_ASTEROID,,20015094,GOVERNED_FULL_GAME_INTERVAL,HORIZONS_4E_POLYMELE,HORIZONS_4E_POLYMELE,1,kernels/spk/phase4e/polymele_2026_2251.bsp
PROTEUS,Proteus,NATURAL_SATELLITE,NEPTUNE_SYSTEM_BARYCENTER,808,GOVERNED_PARTIAL_GAME_INTERVAL,,NAIF_NEP098_808,1,kernels/spk/phase4e/nep098_part-3.bsp
PSYCHE,16 Psyche,ASTEROID,,20000016,GOVERNED_FULL_GAME_INTERVAL,JPL_HORIZONS_PSY,JPL_HORIZONS_PSY,1,kernels/spk/phase4d/2000016_psyche.bsp;kernels/spk/phase4d/psyche_2026_2251.bsp
QUAOAR,50000 Quaoar,DWARF_PLANET,,20050000,GOVERNED_FULL_GAME_INTERVAL,HORIZONS_4E_QUAOAR,HORIZONS_4E_QUAOAR,1,kernels/spk/phase4e/quaoar_2026_2251.bsp
RHEA,Rhea,NATURAL_SATELLITE,SATURN_SYSTEM_BARYCENTER,605,GOVERNED_FULL_GAME_INTERVAL,JPL_SAT441XL_PART2,JPL_SAT441XL_PART2,1,kernels/spk/phase4e/p11-a.bsp;kernels/spk/satellite_systems/sat441.bsp;kernels/spk/satellite_systems/sat441xl_part-2.bsp
RYUGU,162173 Ryugu,NEAR_EARTH_ASTEROID,,20162173,GOVERNED_FULL_GAME_INTERVAL,JPL_HORIZONS_RYU,JPL_HORIZONS_RYU,1,kernels/spk/phase4d/ryugu_2026_2251.bsp
SALACIA,120347 Salacia,DWARF_PLANET,,20120347,GOVERNED_FULL_GAME_INTERVAL,HORIZONS_4E_SALACIA,HORIZONS_4E_SALACIA,1,kernels/spk/phase4e/salacia_2026_2251.bsp
SATURN,Saturn,PLANET,,699,GOVERNED_FULL_GAME_INTERVAL,JPL_SAT441XL_PART2,JPL_SAT441XL_PART2,2,kernels/spk/phase4e/p11-a.bsp;kernels/spk/satellite_systems/sat441.bsp;kernels/spk/satellite_systems/sat441xl_part-2.bsp
SATURN_SYSTEM_BARYCENTER,Saturn system barycenter,BARYCENTER,,6,GOVERNED_FULL_GAME_INTERVAL,DE440,DE440,1,kernels/spk/de440.bsp;kernels/spk/phase4e/nh_de433_od161.bsp;kernels/spk/phase4e/nh_pred_alleph_od161.bsp;kernels/spk/phase4e/nh_pred_alleph_od164.bsp;kernels/spk/phase4e/p11-a.bsp;kernels/spk/phase4e/vgr1.x2100.bsp;kernels/spk/phase4e/vgr2.x2100.bsp;kernels/spk/satellite_systems/sat441.bsp
SEDNA,90377 Sedna,DWARF_PLANET,,20090377,GOVERNED_FULL_GAME_INTERVAL,HORIZONS_4E_SEDNA,HORIZONS_4E_SEDNA,1,kernels/spk/phase4e/sedna_2026_2251.bsp
SELAM,Selam,NATURAL_SATELLITE,DINKINESH,,NO_GOVERNED_QUALIFIED_COVERAGE,,,0,
STEINS,2867 Šteins,ASTEROID,,20002867,GOVERNED_FULL_GAME_INTERVAL,HORIZONS_4E_STEINS,HORIZONS_4E_STEINS,1,kernels/spk/phase4e/steins_2026_2251.bsp
STYX,Styx,NATURAL_SATELLITE,PLUTO,905,GOVERNED_PARTIAL_GAME_INTERVAL,,NAIF_PLU060_4E,1,kernels/spk/phase4b/plu060.bsp;kernels/spk/phase4e/nh_extras.bsp;kernels/spk/satellites/candidate/plu060.bsp
SUN,Sun,STAR,,10,GOVERNED_FULL_GAME_INTERVAL,DE440,DE440,1,kernels/spk/de440.bsp;kernels/spk/phase4b/jup365.bsp;kernels/spk/phase4b/plu060.bsp;kernels/spk/phase4e/nep098_part-1.bsp;kernels/spk/phase4e/nep098_part-2.bsp;kernels/spk/phase4e/nep098_part-3.bsp;kernels/spk/phase4e/nep104.bsp;kernels/spk/phase4e/nep105.bsp;kernels/spk/phase4e/nh_de433_od161.bsp;kernels/spk/phase4e/nh_pred_alleph_od161.bsp;kernels/spk/phase4e/nh_pred_alleph_od164.bsp;kernels/spk/phase4e/p10-a.bsp;kernels/spk/phase4e/p11-a.bsp;kernels/spk/phase4e/vgr1.x2100.bsp;kernels/spk/phase4e/vgr2.x2100.bsp;kernels/spk/satellite_systems/mar099.bsp;kernels/spk/satellite_systems/nep097.bsp;kernels/spk/satellite_systems/sat441.bsp;kernels/spk/satellite_systems/ura184_part-3.bsp;kernels/spk/satellites/candidate/jup365.bsp;kernels/spk/satellites/candidate/plu060.bsp
SWIFTTUTTLE,109P/Swift–Tuttle,COMET,,1000140,GOVERNED_FULL_GAME_INTERVAL,HORIZONS_4E_SWIFTTUTTLE,HORIZONS_4E_SWIFTTUTTLE,1,kernels/spk/phase4e/swifttuttle_2026_2251.bsp
TEMPEL1,9P/Tempel 1,COMET,,1000093,GOVERNED_FULL_GAME_INTERVAL,HORIZONS_4E_TEMPEL1,HORIZONS_4E_TEMPEL1,1,kernels/spk/phase4e/tempel1_2026_2251.bsp
TETHYS,Tethys,NATURAL_SATELLITE,SATURN_SYSTEM_BARYCENTER,603,GOVERNED_FULL_GAME_INTERVAL,JPL_SAT441XL_PART2,JPL_SAT441XL_PART2,1,kernels/spk/phase4e/p11-a.bsp;kernels/spk/satellite_systems/sat441.bsp;kernels/spk/satellite_systems/sat441xl_part-2.bsp
THEMIS,24 Themis,ASTEROID,,20000024,GOVERNED_FULL_GAME_INTERVAL,HORIZONS_4E_THEMIS,HORIZONS_4E_THEMIS,1,kernels/spk/phase4e/themis_2026_2251.bsp
TITAN,Titan,NATURAL_SATELLITE,SATURN_SYSTEM_BARYCENTER,606,GOVERNED_FULL_GAME_INTERVAL,JPL_SAT441XL_PART2,JPL_SAT441XL_PART2,1,kernels/spk/phase4e/p11-a.bsp;kernels/spk/satellite_systems/sat441.bsp;kernels/spk/satellite_systems/sat441xl_part-2.bsp
TITANIA,Titania,NATURAL_SATELLITE,URANUS_SYSTEM_BARYCENTER,703,GOVERNED_FULL_GAME_INTERVAL,JPL_URA184_PART_3,JPL_URA184_PART_3,1,kernels/spk/satellite_systems/ura184_part-3.bsp
TOUTATIS,4179 Toutatis,NEAR_EARTH_ASTEROID,,20004179,GOVERNED_FULL_GAME_INTERVAL,HORIZONS_4E_TOUTATIS,HORIZONS_4E_TOUTATIS,1,kernels/spk/phase4e/toutatis_2026_2251.bsp
TRITON,Triton,NATURAL_SATELLITE,NEPTUNE_SYSTEM_BARYCENTER,801,GOVERNED_FULL_GAME_INTERVAL,JPL_NEP097,JPL_NEP097,1,kernels/spk/phase4e/nep098_part-1.bsp;kernels/spk/satellite_systems/nep097.bsp
UMBRIEL,Umbriel,NATURAL_SATELLITE,URANUS_SYSTEM_BARYCENTER,702,GOVERNED_FULL_GAME_INTERVAL,JPL_URA184_PART_3,JPL_URA184_PART_3,1,kernels/spk/satellite_systems/ura184_part-3.bsp
URANUS,Uranus,PLANET,,799,GOVERNED_FULL_GAME_INTERVAL,JPL_URA184_PART_3,JPL_URA184_PART_3,1,kernels/spk/satellite_systems/ura184_part-3.bsp
URANUS_SYSTEM_BARYCENTER,Uranus system barycenter,BARYCENTER,,7,GOVERNED_FULL_GAME_INTERVAL,DE440,DE440,1,kernels/spk/de440.bsp;kernels/spk/phase4e/nh_de433_od161.bsp;kernels/spk/phase4e/nh_pred_alleph_od161.bsp;kernels/spk/phase4e/nh_pred_alleph_od164.bsp;kernels/spk/phase4e/vgr1.x2100.bsp;kernels/spk/phase4e/vgr2.x2100.bsp;kernels/spk/satellite_systems/ura184_part-3.bsp
VARUNA,20000 Varuna,DWARF_PLANET,,20020000,GOVERNED_FULL_GAME_INTERVAL,HORIZONS_4E_VARUNA,HORIZONS_4E_VARUNA,1,kernels/spk/phase4e/varuna_2026_2251.bsp
VENUS,Venus,PLANET,,299,GOVERNED_FULL_GAME_INTERVAL,DE440,DE440,1,kernels/spk/de440.bsp;kernels/spk/phase4e/nh_de433_od161.bsp;kernels/spk/phase4e/nh_pred_alleph_od161.bsp;kernels/spk/phase4e/nh_pred_alleph_od164.bsp;kernels/spk/phase4e/vgr1.x2100.bsp;kernels/spk/phase4e/vgr2.x2100.bsp
VENUS_SYSTEM_BARYCENTER,Venus system barycenter,BARYCENTER,,2,GOVERNED_FULL_GAME_INTERVAL,DE440,DE440,1,kernels/spk/de440.bsp;kernels/spk/phase4e/nh_de433_od161.bsp;kernels/spk/phase4e/nh_pred_alleph_od161.bsp;kernels/spk/phase4e/nh_pred_alleph_od164.bsp;kernels/spk/phase4e/vgr1.x2100.bsp;kernels/spk/phase4e/vgr2.x2100.bsp
VESTA,4 Vesta,ASTEROID,,20000004,GOVERNED_FULL_GAME_INTERVAL,JPL_HORIZONS_VES,JPL_HORIZONS_VES,1,kernels/spk/phase4d/vesta_2026_2251.bsp
VOYAGER1,Voyager 1,SPACECRAFT,,-31,GOVERNED_FULL_GAME_INTERVAL,PROP_4E_VOYAGER1,NAIF_VOYAGER1_SPK;PROP_4E_VOYAGER1,2,kernels/spk/phase4e/propagated_voyager1_2100_2251.bsp;kernels/spk/phase4e/vgr1.x2100.bsp
VOYAGER2,Voyager 2,SPACECRAFT,,-32,GOVERNED_FULL_GAME_INTERVAL,PROP_4E_VOYAGER2,NAIF_VOYAGER2_SPK;PROP_4E_VOYAGER2,2,kernels/spk/phase4e/propagated_voyager2_2100_2251.bsp;kernels/spk/phase4e/vgr2.x2100.bsp
WILD2,81P/Wild 2,COMET,,1000107,GOVERNED_FULL_GAME_INTERVAL,HORIZONS_4E_WILD2,HORIZONS_4E_WILD2,1,kernels/spk/phase4e/wild2_2026_2251.bsp
