body_id,canonical_name,continuous_2026_2250,source_chain
AMUN,3554 Amun,True,JPL_HORIZONS_AMU:DIRECT_SPICE_2250_QUALIFIED
APOPHIS,99942 Apophis,True,HORIZONS_4E_APOPHIS:HORIZONS_SPK_2250_QUALIFIED
ARIEL,Ariel,True,JPL_URA184_PART_3:DIRECT_SPICE_2250_QUALIFIED
ARROKOTH,486958 Arrokoth,True,HORIZONS_4E_ARROKOTH:HORIZONS_SPK_2250_QUALIFIED
ASTEROID_6178,6178 (1986 DA),True,JPL_HORIZONS_6178:DIRECT_SPICE_2250_QUALIFIED
ATLAS3I,3I/ATLAS,True,HORIZONS_4E_ATLAS3I:HORIZONS_SPK_2250_QUALIFIED
BENNU,101955 Bennu,True,JPL_BENNU_SB441:DIRECT_SPICE_PARTIAL_2135 | PROP_BENNU_2101955_PHASE4D:EMPIRICAL_PROPAGATED_2250
BORISOV,2I/Borisov,True,HORIZONS_4E_BORISOV:HORIZONS_SPK_2250_QUALIFIED
BORRELLY,19P/Borrelly,True,HORIZONS_4E_BORRELLY:HORIZONS_SPK_2250_QUALIFIED
BRAILLE,9969 Braille,True,HORIZONS_4E_BRAILLE:HORIZONS_SPK_2250_QUALIFIED
CALLISTO,Callisto,True,JPL_JUP365_PRE2250:DIRECT_SPICE_PARTIAL_2200 | PROP_CALLISTO_504_PHASE4B:EMPIRICAL_PROPAGATED_2250
CERES,Ceres,True,CERES_SPK_PHASE4B_2251:DIRECT_SPICE_2250_QUALIFIED
CHARON,Charon,True,JPL_PLU060_PRE2250:DIRECT_SPICE_PARTIAL_2199 | PROP_CHARON_901_PHASE4B:EMPIRICAL_PROPAGATED_2250
CHIRON,2060 Chiron,True,JPL_HORIZONS_CHI:DIRECT_SPICE_2250_QUALIFIED
COMET_67P,67P/Churyumov-Gerasimenko,True,JPL_HORIZONS_67P:DIRECT_SPICE_2250_QUALIFIED
COMET_HALLEY,1P/Halley,True,JPL_HORIZONS_HALLEY:DIRECT_SPICE_2250_QUALIFIED
DACTYL,Dactyl,True,EST_DACTYL_PHASE4F:ESTIMATED_RELATIVE
DAVIDA,511 Davida,True,HORIZONS_4E_DAVIDA:HORIZONS_SPK_2250_QUALIFIED
DEIMOS,Deimos,True,JPL_MAR099:DIRECT_SPICE_2250_QUALIFIED
DIDYMOS,65803 Didymos,True,JPL_HORIZONS_DID:DIRECT_SPICE_2250_QUALIFIED
DINKINESH,152830 Dinkinesh,True,HORIZONS_4E_DINKINESH:HORIZONS_SPK_2250_QUALIFIED
DIONE,Dione,True,JPL_SAT441XL_PART2:DIRECT_SPICE_2250_QUALIFIED
DONALDJOHANSON,52246 Donaldjohanson,True,HORIZONS_4E_DONALDJOHANSON:HORIZONS_SPK_2250_QUALIFIED
EARTH,Earth,True,DE440:DIRECT_SPICE_2250_QUALIFIED
EARTH_MOON_BARYCENTER,Earth-Moon barycenter,True,DE440:DIRECT_SPICE_2250_QUALIFIED
ENCELADUS,Enceladus,True,JPL_SAT441XL_PART2:DIRECT_SPICE_2250_QUALIFIED
ERIS,136199 Eris,True,JPL_HORIZONS_ERIS:DIRECT_SPICE_2250_QUALIFIED
EROS,433 Eros,True,JPL_HORIZONS_EROS:DIRECT_SPICE_2250_QUALIFIED
EUROPA,Europa,True,JPL_JUP365_PRE2250:DIRECT_SPICE_PARTIAL_2200 | PROP_EUROPA_502_PHASE4B:EMPIRICAL_PROPAGATED_2250
EURYBATES,3548 Eurybates,True,JPL_HORIZONS_EUR:DIRECT_SPICE_2250_QUALIFIED
GANYMEDE,Ganymede,True,JPL_JUP365_PRE2250:DIRECT_SPICE_PARTIAL_2200 | PROP_GANYMEDE_503_PHASE4B:EMPIRICAL_PROPAGATED_2250
GASPRA,951 Gaspra,True,HORIZONS_4E_GASPRA:HORIZONS_SPK_2250_QUALIFIED
GONGGONG,225088 Gonggong,True,HORIZONS_4E_GONGGONG:HORIZONS_SPK_2250_QUALIFIED
HARTLEY2,103P/Hartley 2,True,HORIZONS_4E_HARTLEY2:HORIZONS_SPK_2250_QUALIFIED
HAUMEA,136108 Haumea,True,JPL_HORIZONS_HAU:DIRECT_SPICE_2250_QUALIFIED
HYDRA,Hydra,True,NAIF_PLU060_4E:EPHEMERIS_PARTIAL | PROP_PLU060_EXACT_903_PHASE4F:EMPIRICAL_PROPAGATED_2250
HYGIEA,10 Hygiea,True,JPL_HORIZONS_HYG:DIRECT_SPICE_2250_QUALIFIED
HYPERION,Hyperion,True,JPL_SAT441XL_PART2:DIRECT_SPICE_2250_QUALIFIED
IAPETUS,Iapetus,True,JPL_SAT441XL_PART2:DIRECT_SPICE_2250_QUALIFIED
IDA,243 Ida,True,HORIZONS_4E_IDA:HORIZONS_SPK_2250_QUALIFIED
INTERAMNIA,704 Interamnia,True,HORIZONS_4E_INTERAMNIA:HORIZONS_SPK_2250_QUALIFIED
IO,Io,True,JPL_JUP365_PRE2250:DIRECT_SPICE_PARTIAL_2200 | PROP_IO_501_PHASE4B:EMPIRICAL_PROPAGATED_2250
ITOKAWA,25143 Itokawa,True,JPL_HORIZONS_ITO:DIRECT_SPICE_2250_QUALIFIED
IXION,28978 Ixion,True,HORIZONS_4E_IXION:HORIZONS_SPK_2250_QUALIFIED
JUNO,3 Juno,True,HORIZONS_4E_JUNO:HORIZONS_SPK_2250_QUALIFIED
JUPITER,Jupiter,True,JPL_JUP365_PRE2250:DIRECT_SPICE_PARTIAL_2200 | PROP_JUPITER_599_PHASE4B:EMPIRICAL_PROPAGATED_2250
JUPITER_SYSTEM_BARYCENTER,Jupiter system barycenter,True,DE440:DIRECT_SPICE_2250_QUALIFIED
KERBEROS,Kerberos,True,NAIF_PLU060_4E:EPHEMERIS_PARTIAL | PROP_PLU060_EXACT_904_PHASE4F:EMPIRICAL_PROPAGATED_2250
KLEOPATRA,216 Kleopatra,True,JPL_HORIZONS_KLE:DIRECT_SPICE_2250_QUALIFIED
LEUCUS,11351 Leucus,True,HORIZONS_4E_LEUCUS:HORIZONS_SPK_2250_QUALIFIED
LUTETIA,21 Lutetia,True,HORIZONS_4E_LUTETIA:HORIZONS_SPK_2250_QUALIFIED
MAKEMAKE,136472 Makemake,True,JPL_HORIZONS_MAK:DIRECT_SPICE_2250_QUALIFIED
MARS,Mars,True,JPL_MAR099:DIRECT_SPICE_2250_QUALIFIED
MARS_SYSTEM_BARYCENTER,Mars system barycenter,True,DE440:DIRECT_SPICE_2250_QUALIFIED
MATHILDE,253 Mathilde,True,HORIZONS_4E_MATHILDE:HORIZONS_SPK_2250_QUALIFIED
MERCURY,Mercury,True,DE440:DIRECT_SPICE_2250_QUALIFIED
MERCURY_SYSTEM_BARYCENTER,Mercury system barycenter,True,DE440:DIRECT_SPICE_2250_QUALIFIED
MIMAS,Mimas,True,JPL_SAT441XL_PART2:DIRECT_SPICE_2250_QUALIFIED
MIRANDA,Miranda,True,JPL_URA184_PART_3:DIRECT_SPICE_2250_QUALIFIED
MOON,Moon,True,DE440:DIRECT_SPICE_2250_QUALIFIED
MS4,2002 MS4,True,HORIZONS_4E_MS4:HORIZONS_SPK_2250_QUALIFIED
NEPTUNE,Neptune,True,JPL_NEP097:DIRECT_SPICE_2250_QUALIFIED
NEPTUNE_SYSTEM_BARYCENTER,Neptune system barycenter,True,DE440:DIRECT_SPICE_2250_QUALIFIED
NEREID,Nereid,True,NAIF_NEP101XL_802:DIRECT_SPICE_2250_QUALIFIED
NEWHORIZONS,New Horizons,True,NAIF_NH_OD164:DIRECT_SPICE_PARTIAL_2033 | PROP_4E_NEWHORIZONS:EMPIRICAL_PROPAGATED_2250
NIX,Nix,True,NAIF_PLU060_4E:EPHEMERIS_PARTIAL | PROP_PLU060_EXACT_902_PHASE4F:EMPIRICAL_PROPAGATED_2250
OBERON,Oberon,True,JPL_URA184_PART_3:DIRECT_SPICE_2250_QUALIFIED
ORCUS,90482 Orcus,True,HORIZONS_4E_ORCUS:HORIZONS_SPK_2250_QUALIFIED
ORUS,21900 Orus,True,HORIZONS_4E_ORUS:HORIZONS_SPK_2250_QUALIFIED
OUMUAMUA,1I/ʻOumuamua,True,HORIZONS_4E_OUMUAMUA:HORIZONS_SPK_2250_QUALIFIED
PALLAS,2 Pallas,True,JPL_HORIZONS_PAL:DIRECT_SPICE_2250_QUALIFIED
PATROCLUS,617 Patroclus,True,JPL_HORIZONS_PAT:DIRECT_SPICE_2250_QUALIFIED
PHOBOS,Phobos,True,JPL_MAR099:DIRECT_SPICE_2250_QUALIFIED
PHOEBE,Phoebe,True,JPL_SAT441XL_PART2:DIRECT_SPICE_2250_QUALIFIED
PIONEER10,Pioneer 10,True,PROP_4E_PIONEER10:EMPIRICAL_PROPAGATED_2250
PIONEER11,Pioneer 11,True,PROP_4E_PIONEER11:EMPIRICAL_PROPAGATED_2250
PLUTO,Pluto,True,JPL_PLU060_PRE2250:DIRECT_SPICE_PARTIAL_2199 | PROP_PLUTO_999_PHASE4B:EMPIRICAL_PROPAGATED_2250
PLUTO_SYSTEM_BARYCENTER,Pluto system barycenter,True,DE440:DIRECT_SPICE_2250_QUALIFIED
POLYMELE,15094 Polymele,True,HORIZONS_4E_POLYMELE:HORIZONS_SPK_2250_QUALIFIED
PROTEUS,Proteus,True,NAIF_NEP098_808:EPHEMERIS_PARTIAL | EST_PROTEUS_808_PHASE4F:ESTIMATED_RELATIVE
PSYCHE,16 Psyche,True,JPL_HORIZONS_PSY:DIRECT_SPICE_2250_QUALIFIED
QUAOAR,50000 Quaoar,True,HORIZONS_4E_QUAOAR:HORIZONS_SPK_2250_QUALIFIED
RHEA,Rhea,True,JPL_SAT441XL_PART2:DIRECT_SPICE_2250_QUALIFIED
RYUGU,162173 Ryugu,True,JPL_HORIZONS_RYU:DIRECT_SPICE_2250_QUALIFIED
SALACIA,120347 Salacia,True,HORIZONS_4E_SALACIA:HORIZONS_SPK_2250_QUALIFIED
SATURN,Saturn,True,JPL_SAT441XL_PART2:DIRECT_SPICE_2250_QUALIFIED
SATURN_SYSTEM_BARYCENTER,Saturn system barycenter,True,DE440:DIRECT_SPICE_2250_QUALIFIED
SEDNA,90377 Sedna,True,HORIZONS_4E_SEDNA:HORIZONS_SPK_2250_QUALIFIED
SELAM,Selam,True,EST_SELAM_PHASE4F:ESTIMATED_RELATIVE
STEINS,2867 Šteins,True,HORIZONS_4E_STEINS:HORIZONS_SPK_2250_QUALIFIED
STYX,Styx,True,NAIF_PLU060_4E:EPHEMERIS_PARTIAL | PROP_PLU060_EXACT_905_PHASE4F:EMPIRICAL_PROPAGATED_2250
SUN,Sun,True,DE440:DIRECT_SPICE_2250_QUALIFIED
SWIFTTUTTLE,109P/Swift–Tuttle,True,HORIZONS_4E_SWIFTTUTTLE:HORIZONS_SPK_2250_QUALIFIED
TEMPEL1,9P/Tempel 1,True,HORIZONS_4E_TEMPEL1:HORIZONS_SPK_2250_QUALIFIED
TETHYS,Tethys,True,JPL_SAT441XL_PART2:DIRECT_SPICE_2250_QUALIFIED
THEMIS,24 Themis,True,HORIZONS_4E_THEMIS:HORIZONS_SPK_2250_QUALIFIED
TITAN,Titan,True,JPL_SAT441XL_PART2:DIRECT_SPICE_2250_QUALIFIED
TITANIA,Titania,True,JPL_URA184_PART_3:DIRECT_SPICE_2250_QUALIFIED
TOUTATIS,4179 Toutatis,True,HORIZONS_4E_TOUTATIS:HORIZONS_SPK_2250_QUALIFIED
TRITON,Triton,True,JPL_NEP097:DIRECT_SPICE_2250_QUALIFIED
UMBRIEL,Umbriel,True,JPL_URA184_PART_3:DIRECT_SPICE_2250_QUALIFIED
URANUS,Uranus,True,JPL_URA184_PART_3:DIRECT_SPICE_2250_QUALIFIED
URANUS_SYSTEM_BARYCENTER,Uranus system barycenter,True,DE440:DIRECT_SPICE_2250_QUALIFIED
VARUNA,20000 Varuna,True,HORIZONS_4E_VARUNA:HORIZONS_SPK_2250_QUALIFIED
VENUS,Venus,True,DE440:DIRECT_SPICE_2250_QUALIFIED
VENUS_SYSTEM_BARYCENTER,Venus system barycenter,True,DE440:DIRECT_SPICE_2250_QUALIFIED
VESTA,4 Vesta,True,JPL_HORIZONS_VES:DIRECT_SPICE_2250_QUALIFIED
VOYAGER1,Voyager 1,True,NAIF_VOYAGER1_SPK:DIRECT_SPICE_PARTIAL_2099 | PROP_4E_VOYAGER1:EMPIRICAL_PROPAGATED_2250
VOYAGER2,Voyager 2,True,NAIF_VOYAGER2_SPK:DIRECT_SPICE_PARTIAL_2099 | PROP_4E_VOYAGER2:EMPIRICAL_PROPAGATED_2250
WILD2,81P/Wild 2,True,HORIZONS_4E_WILD2:HORIZONS_SPK_2250_QUALIFIED
