body_id,center_id,span_days,status,segments,avg_days_per_function,tolerance_km,worst_error_km,elapsed_s,reason
AMUN,SUN,1,PASS,1,1.0,5000.0,1.7393595430190272e-05,0.7119758129119873,
AMUN,SUN,2,PASS,1,2.0,5000.0,1.5155317910866086e-05,0.4227769374847412,
AMUN,SUN,4,PASS,1,4.0,5000.0,6.626289704007163e-05,0.43918347358703613,
AMUN,SUN,8,PASS,1,8.0,5000.0,0.00021819205454953056,0.48935842514038086,
AMUN,SUN,16,PASS,1,16.0,5000.0,1.5121984876882754e-05,0.5634334087371826,
AMUN,SUN,32,PASS,1,32.0,5000.0,0.3854079228094181,0.42639708518981934,
AMUN,SUN,64,PASS,1,64.0,5000.0,12.62294348948909,0.4040992259979248,
AMUN,SUN,128,PASS,1,128.0,5000.0,504.86798403055604,0.43056344985961914,
AMUN,SUN,256,PASS,1,256.0,5000.0,26.367615837855862,0.594963550567627,
AMUN,SUN,365,PASS,1,365.0,5000.0,247.17883573766892,0.856905460357666,
APOPHIS,SUN,1,PASS,1,1.0,5000.0,1.2758311429289626e-05,0.33868980407714844,
APOPHIS,SUN,2,PASS,1,2.0,5000.0,1.1190788536617507e-05,0.21880173683166504,
APOPHIS,SUN,4,PASS,1,4.0,5000.0,1.0429563416018612e-05,0.20748162269592285,
APOPHIS,SUN,8,PASS,1,8.0,5000.0,1.1618802262827237e-05,0.2078559398651123,
APOPHIS,SUN,16,PASS,1,16.0,5000.0,1.0384176084907476e-05,0.20566344261169434,
APOPHIS,SUN,32,PASS,1,32.0,5000.0,2.078686209704758e-05,0.20853257179260254,
APOPHIS,SUN,64,PASS,1,64.0,5000.0,0.0019028686804625813,0.23006892204284668,
APOPHIS,SUN,128,PASS,1,128.0,5000.0,0.0787841628623635,0.21163225173950195,
APOPHIS,SUN,256,PASS,1,256.0,5000.0,12.359918619910895,0.23061394691467285,
APOPHIS,SUN,365,PASS,1,365.0,5000.0,4.5632435980748545,0.4604628086090088,
ARIEL,URANUS_SYSTEM_BARYCENTER,1,PASS,1,1.0,25.0,0.0005891462095821211,0.6789896488189697,
ARIEL,URANUS_SYSTEM_BARYCENTER,2,PASS,1,2.0,25.0,0.0033602880265121327,0.454892635345459,
ARIEL,URANUS_SYSTEM_BARYCENTER,4,PASS,1,4.0,25.0,11.525711201944695,0.4255661964416504,
ARIEL,URANUS_SYSTEM_BARYCENTER,8,PASS,1,8.0,25.0,1.5144176153139246,0.6138935089111328,
ARIEL,URANUS_SYSTEM_BARYCENTER,16,PASS,1,16.0,25.0,0.9701137153733288,1.3824589252471924,
ARIEL,URANUS_SYSTEM_BARYCENTER,32,PASS,2,16.0,25.0,1.0685350790552155,2.85963773727417,
ARIEL,URANUS_SYSTEM_BARYCENTER,64,PASS,4,16.0,25.0,0.8783673409669508,5.003044128417969,
ARIEL,URANUS_SYSTEM_BARYCENTER,128,PASS,8,16.0,25.0,1.217199840120775,12.987266778945923,
ARIEL,URANUS_SYSTEM_BARYCENTER,256,PASS,16,16.0,25.0,2.049671513358851,21.63837742805481,
ARIEL,URANUS_SYSTEM_BARYCENTER,365,PASS,32,11.40625,25.0,1.1511691956780945,72.58337473869324,
ARROKOTH,SUN,1,PASS,1,1.0,5000.0,8.603017360996747e-06,0.7439835071563721,
ARROKOTH,SUN,2,PASS,1,2.0,5000.0,9.545121387014355e-06,0.4665052890777588,
ARROKOTH,SUN,4,PASS,1,4.0,5000.0,9.551865166745988e-06,0.413102388381958,
ARROKOTH,SUN,8,PASS,1,8.0,5000.0,9.556757239899359e-06,0.41090822219848633,
ARROKOTH,SUN,16,PASS,1,16.0,5000.0,1.0549485417227217e-05,0.45564723014831543,
ARROKOTH,SUN,32,PASS,1,32.0,5000.0,1.6240905400717338e-05,0.4257469177246094,
ARROKOTH,SUN,64,PASS,1,64.0,5000.0,0.0018672195426725395,0.42307496070861816,
ARROKOTH,SUN,128,PASS,1,128.0,5000.0,0.06873884489373736,0.4226531982421875,
ARROKOTH,SUN,256,PASS,1,256.0,5000.0,2.2282815196374974,0.42070484161376953,
ARROKOTH,SUN,365,PASS,1,365.0,5000.0,6.129224664724096,0.9230635166168213,
ASTEROID_6178,SUN,1,PASS,1,1.0,5000.0,4.407426202265067e-06,0.37201523780822754,
ASTEROID_6178,SUN,2,PASS,1,2.0,5000.0,3.7064373274219492e-06,0.2993934154510498,
ASTEROID_6178,SUN,4,PASS,1,4.0,5000.0,3.6580453894398424e-06,0.23173785209655762,
ASTEROID_6178,SUN,8,PASS,1,8.0,5000.0,4.163061495433352e-06,0.25862884521484375,
ASTEROID_6178,SUN,16,PASS,1,16.0,5000.0,3.4395869802943773e-06,0.22790145874023438,
ASTEROID_6178,SUN,32,PASS,1,32.0,5000.0,1.1333976407160397e-05,0.23563504219055176,
ASTEROID_6178,SUN,64,PASS,1,64.0,5000.0,0.001872044879853378,0.22175145149230957,
ASTEROID_6178,SUN,128,PASS,1,128.0,5000.0,0.06875319613927766,0.22479724884033203,
ASTEROID_6178,SUN,256,PASS,1,256.0,5000.0,2.2283824747651844,0.21471691131591797,
ASTEROID_6178,SUN,365,PASS,1,365.0,5000.0,6.123917479516829,0.3507671356201172,
ATLAS3I,SUN,1,PASS,1,1.0,5000.0,0.000550969603135201,0.3727598190307617,
ATLAS3I,SUN,2,PASS,1,2.0,5000.0,0.0006122202875902146,0.24636316299438477,
ATLAS3I,SUN,4,PASS,1,4.0,5000.0,0.0005519855080086298,0.22015142440795898,
ATLAS3I,SUN,8,PASS,1,8.0,5000.0,0.0004907189554103394,0.21802306175231934,
ATLAS3I,SUN,16,PASS,1,16.0,5000.0,0.0005522358983630855,0.22204971313476562,
ATLAS3I,SUN,32,PASS,1,32.0,5000.0,0.0005553497018546125,0.2329723834991455,
ATLAS3I,SUN,64,PASS,1,64.0,5000.0,0.0022037265413755104,0.2466437816619873,
ATLAS3I,SUN,128,PASS,1,128.0,5000.0,0.06870529004702298,0.23540329933166504,
ATLAS3I,SUN,256,PASS,1,256.0,5000.0,2.227882758156591,0.21712017059326172,
ATLAS3I,SUN,365,PASS,1,365.0,5000.0,6.12936133778073,0.34861183166503906,
BENNU,SUN,1,PASS,1,1.0,5000.0,1.1117467947578519e-05,0.3503453731536865,
BENNU,SUN,2,PASS,1,2.0,5000.0,9.75020066844758e-06,0.20968008041381836,
BENNU,SUN,4,PASS,1,4.0,5000.0,9.378932343162507e-06,0.22147178649902344,
BENNU,SUN,8,PASS,1,8.0,5000.0,1.054131039921344e-05,0.2167050838470459,
BENNU,SUN,16,PASS,1,16.0,5000.0,9.037674805428133e-06,0.21364092826843262,
BENNU,SUN,32,PASS,1,32.0,5000.0,1.5135344687846945e-05,0.2233901023864746,
BENNU,SUN,64,PASS,1,64.0,5000.0,0.0018766875002657714,0.21489477157592773,
BENNU,SUN,128,PASS,1,128.0,5000.0,0.17372868615715903,0.2339949607849121,
BENNU,SUN,256,PASS,1,256.0,5000.0,0.5447156504370173,0.4183335304260254,
BENNU,SUN,365,PASS,1,365.0,5000.0,103.16688659879142,0.5623664855957031,
BORISOV,SUN,1,PASS,1,1.0,5000.0,0.00027376267350553177,0.3457052707672119,
BORISOV,SUN,2,PASS,1,2.0,5000.0,0.000300950361989075,0.20853257179260254,
BORISOV,SUN,4,PASS,1,4.0,5000.0,0.0002884135666437209,0.21905231475830078,
BORISOV,SUN,8,PASS,1,8.0,5000.0,0.0003010530950199248,0.22410130500793457,
BORISOV,SUN,16,PASS,1,16.0,5000.0,0.0003488102108946572,0.21390128135681152,
BORISOV,SUN,32,PASS,1,32.0,5000.0,0.000296885416513203,0.20926141738891602,
BORISOV,SUN,64,PASS,1,64.0,5000.0,0.0016819354542638503,0.2831459045410156,
BORISOV,SUN,128,PASS,1,128.0,5000.0,0.06876360477294631,0.3273775577545166,
BORISOV,SUN,256,PASS,1,256.0,5000.0,2.228482793106254,0.28978896141052246,
BORISOV,SUN,365,PASS,1,365.0,5000.0,6.129078004166194,0.35221433639526367,
BORRELLY,SUN,1,PASS,1,1.0,5000.0,4.46788899004499e-06,0.3620114326477051,
BORRELLY,SUN,2,PASS,1,2.0,5000.0,3.3593774788366244e-06,0.2193000316619873,
BORRELLY,SUN,4,PASS,1,4.0,5000.0,3.817548375548043e-06,0.222123384475708,
BORRELLY,SUN,8,PASS,1,8.0,5000.0,4.540185993283795e-06,0.22067713737487793,
BORRELLY,SUN,16,PASS,1,16.0,5000.0,3.3256307261496854e-06,0.41898107528686523,
BORRELLY,SUN,32,PASS,1,32.0,5000.0,8.560182125790587e-06,0.27199244499206543,
BORRELLY,SUN,64,PASS,1,64.0,5000.0,0.001869337005945859,0.2356579303741455,
BORRELLY,SUN,128,PASS,1,128.0,5000.0,0.06874626817510836,0.2777531147003174,
BORRELLY,SUN,256,PASS,1,256.0,5000.0,2.228288559091502,0.4528920650482178,
BORRELLY,SUN,365,PASS,1,365.0,5000.0,6.1296489792731625,1.3968608379364014,
BRAILLE,SUN,1,PASS,1,1.0,5000.0,9.121903318370377e-06,0.7012810707092285,
BRAILLE,SUN,2,PASS,1,2.0,5000.0,8.231129022062553e-06,0.3605799674987793,
BRAILLE,SUN,4,PASS,1,4.0,5000.0,7.444200167939462e-06,0.3051767349243164,
BRAILLE,SUN,8,PASS,1,8.0,5000.0,8.230899721145721e-06,0.26908397674560547,
BRAILLE,SUN,16,PASS,1,16.0,5000.0,7.5143380878571524e-06,0.24436378479003906,
BRAILLE,SUN,32,PASS,1,32.0,5000.0,1.3006303048284154e-05,0.26647257804870605,
BRAILLE,SUN,64,PASS,1,64.0,5000.0,0.0018760813448506365,0.22388482093811035,
BRAILLE,SUN,128,PASS,1,128.0,5000.0,0.06878048690062823,0.22293686866760254,
BRAILLE,SUN,256,PASS,1,256.0,5000.0,2.2233874849611612,0.23453211784362793,
BRAILLE,SUN,365,PASS,1,365.0,5000.0,6.201703906542221,0.3720741271972656,
CALLISTO,JUPITER,1,PASS,1,1.0,25.0,0.15240424322318855,0.7905263900756836,
CALLISTO,JUPITER,2,PASS,1,2.0,25.0,0.3972791806513354,0.4652693271636963,
CALLISTO,JUPITER,4,PASS,1,4.0,25.0,1.8248033334906826,0.4659702777862549,
CALLISTO,JUPITER,8,PASS,1,8.0,25.0,2.018166981945235,0.7953286170959473,
CALLISTO,JUPITER,16,PASS,1,16.0,25.0,3.0029978157372113,1.053853988647461,
CALLISTO,JUPITER,32,PASS,2,16.0,25.0,2.9951153126888155,2.223289728164673,
CALLISTO,JUPITER,64,PASS,4,16.0,25.0,3.101384298160458,4.385091781616211,
CALLISTO,JUPITER,128,PASS,8,16.0,25.0,2.005879284226736,9.047559261322021,
CALLISTO,JUPITER,256,PASS,16,16.0,25.0,1.7329456809560646,18.071616888046265,
CALLISTO,JUPITER,365,PASS,16,22.8125,25.0,5.741060624769101,44.482165575027466,
CERES,SUN,1,PASS,1,1.0,2000.0,8.716682578875794e-06,0.6466798782348633,
CERES,SUN,2,PASS,1,2.0,2000.0,7.1210285824237085e-06,0.4001433849334717,
CERES,SUN,4,PASS,1,4.0,2000.0,1.2176154508679395e-05,0.3964650630950928,
CERES,SUN,8,PASS,1,8.0,2000.0,8.037529433942592e-06,0.4307122230529785,
CERES,SUN,16,PASS,1,16.0,2000.0,1.250485346994416e-05,0.38797426223754883,
CERES,SUN,32,PASS,1,32.0,2000.0,9.548822335155065e-06,0.3924684524536133,
CERES,SUN,64,PASS,1,64.0,2000.0,0.0018603601374447619,0.40065884590148926,
CERES,SUN,128,PASS,1,128.0,2000.0,0.06874177795396506,0.38884401321411133,
CERES,SUN,256,PASS,1,256.0,2000.0,2.2207601153446626,0.40112996101379395,
CERES,SUN,365,PASS,1,365.0,2000.0,6.178670852304629,0.6420249938964844,
CHARON,PLUTO,1,PASS,1,1.0,25.0,0.0075143940755122715,0.7157101631164551,
CHARON,PLUTO,2,PASS,1,2.0,25.0,0.013739148125855668,0.42428159713745117,
CHARON,PLUTO,4,PASS,1,4.0,25.0,0.04715445576127357,0.42931222915649414,
CHARON,PLUTO,8,PASS,1,8.0,25.0,0.11393948434095318,0.4221682548522949,
CHARON,PLUTO,16,PASS,1,16.0,25.0,0.05819899140083901,0.876772403717041,
CHARON,PLUTO,32,PASS,1,32.0,25.0,0.48436003469350974,0.9530000686645508,
CHARON,PLUTO,64,PASS,2,32.0,25.0,0.5010708602402638,2.391126871109009,
CHARON,PLUTO,128,PASS,4,32.0,25.0,0.4746901752718526,4.460335731506348,
CHARON,PLUTO,256,PASS,8,32.0,25.0,0.36930634732893053,9.20045781135559,
CHARON,PLUTO,365,PASS,8,45.625,25.0,1.0814696301622901,22.101685762405396,
CHIRON,SUN,1,PASS,1,1.0,5000.0,4.002765486282411e-06,0.7476885318756104,
CHIRON,SUN,2,PASS,1,2.0,5000.0,3.632035773004434e-06,0.418468713760376,
CHIRON,SUN,4,PASS,1,4.0,5000.0,3.8830903663061644e-06,0.43622541427612305,
CHIRON,SUN,8,PASS,1,8.0,5000.0,4.396934056957381e-06,0.47956228256225586,
CHIRON,SUN,16,PASS,1,16.0,5000.0,4.051329096303805e-06,0.5236258506774902,
CHIRON,SUN,32,PASS,1,32.0,5000.0,9.556471571674775e-06,0.44149065017700195,
CHIRON,SUN,64,PASS,1,64.0,5000.0,0.0018716802311195603,0.6095016002655029,
CHIRON,SUN,128,PASS,1,128.0,5000.0,0.0687469484878441,0.4800708293914795,
CHIRON,SUN,256,PASS,1,256.0,5000.0,2.2282881228089635,0.47037672996520996,
CHIRON,SUN,365,PASS,1,365.0,5000.0,6.12921240015009,0.7455024719238281,
COMET_67P,SUN,1,PASS,1,1.0,5000.0,3.359630528966185e-06,0.4111473560333252,
COMET_67P,SUN,2,PASS,1,2.0,5000.0,2.7744976799793853e-06,0.23187685012817383,
COMET_67P,SUN,4,PASS,1,4.0,5000.0,2.775104368782808e-06,0.2236802577972412,
COMET_67P,SUN,8,PASS,1,8.0,5000.0,3.2306334388401004e-06,0.23055577278137207,
COMET_67P,SUN,16,PASS,1,16.0,5000.0,2.517117346793555e-06,0.22223258018493652,
COMET_67P,SUN,32,PASS,1,32.0,5000.0,1.31141511628688e-05,0.21655797958374023,
COMET_67P,SUN,64,PASS,1,64.0,5000.0,0.0018673125540792875,0.22151613235473633,
COMET_67P,SUN,128,PASS,1,128.0,5000.0,0.06875276452902708,0.22445058822631836,
COMET_67P,SUN,256,PASS,1,256.0,5000.0,2.228330812536284,0.23267531394958496,
COMET_67P,SUN,365,PASS,1,365.0,5000.0,6.135450873322872,0.34826111793518066,
COMET_HALLEY,SUN,1,PASS,1,1.0,5000.0,6.050385256027947e-06,0.370805025100708,
COMET_HALLEY,SUN,2,PASS,1,2.0,5000.0,7.1087129191758984e-06,0.24591493606567383,
COMET_HALLEY,SUN,4,PASS,1,4.0,5000.0,6.294431105825465e-06,0.21463751792907715,
COMET_HALLEY,SUN,8,PASS,1,8.0,5000.0,6.831430808016969e-06,0.22710227966308594,
COMET_HALLEY,SUN,16,PASS,1,16.0,5000.0,6.692728446778392e-06,0.2387690544128418,
COMET_HALLEY,SUN,32,PASS,1,32.0,5000.0,1.3113021850585938e-05,0.23244762420654297,
COMET_HALLEY,SUN,64,PASS,1,64.0,5000.0,0.001871937533459484,0.22789406776428223,
COMET_HALLEY,SUN,128,PASS,1,128.0,5000.0,0.06874266881949086,0.22239327430725098,
COMET_HALLEY,SUN,256,PASS,1,256.0,5000.0,2.2282796106253198,0.2360227108001709,
COMET_HALLEY,SUN,365,PASS,1,365.0,5000.0,6.1292221171315555,0.39791440963745117,
DAVIDA,SUN,1,PASS,1,1.0,5000.0,6.56334834774719e-06,0.3569951057434082,
DAVIDA,SUN,2,PASS,1,2.0,5000.0,5.8692607756577215e-06,0.21509838104248047,
DAVIDA,SUN,4,PASS,1,4.0,5000.0,5.369568875143552e-06,0.21791410446166992,
DAVIDA,SUN,8,PASS,1,8.0,5000.0,6.098126126477259e-06,0.25829577445983887,
DAVIDA,SUN,16,PASS,1,16.0,5000.0,5.388310162396214e-06,0.237762451171875,
DAVIDA,SUN,32,PASS,1,32.0,5000.0,1.0581839060714064e-05,0.21738362312316895,
DAVIDA,SUN,64,PASS,1,64.0,5000.0,0.0018662027671062073,0.21535730361938477,
DAVIDA,SUN,128,PASS,1,128.0,5000.0,0.06873812701950824,0.24567770957946777,
DAVIDA,SUN,256,PASS,1,256.0,5000.0,2.228498499546657,0.2100987434387207,
DAVIDA,SUN,365,PASS,1,365.0,5000.0,6.128062053023409,0.35565185546875,
DEIMOS,MARS_SYSTEM_BARYCENTER,1,PASS,1,1.0,25.0,0.0001647018075119649,0.779895544052124,
DEIMOS,MARS_SYSTEM_BARYCENTER,2,PASS,1,2.0,25.0,0.4469705518415934,0.577629566192627,
DEIMOS,MARS_SYSTEM_BARYCENTER,4,PASS,1,4.0,25.0,0.09769456162374224,0.6541135311126709,
DEIMOS,MARS_SYSTEM_BARYCENTER,8,PASS,1,8.0,25.0,3.132801167730188,0.9429712295532227,
DEIMOS,MARS_SYSTEM_BARYCENTER,16,PASS,2,8.0,25.0,5.416002490886721,2.3018417358398438,
DEIMOS,MARS_SYSTEM_BARYCENTER,32,PASS,4,8.0,25.0,3.9892773020923524,4.423351287841797,
DEIMOS,MARS_SYSTEM_BARYCENTER,64,PASS,8,8.0,25.0,2.795306085009501,8.985005855560303,
DEIMOS,MARS_SYSTEM_BARYCENTER,128,PASS,16,8.0,25.0,4.805613225539346,19.36824655532837,
DEIMOS,MARS_SYSTEM_BARYCENTER,256,PASS,32,8.0,25.0,4.770952424628529,64.39724683761597,
DEIMOS,MARS_SYSTEM_BARYCENTER,365,PASS,32,11.40625,25.0,6.3896116101364075,85.38376235961914,
DIDYMOS,SUN,1,PASS,1,1.0,5000.0,7.733805896204727e-06,0.733818769454956,
DIDYMOS,SUN,2,PASS,1,2.0,5000.0,6.692979602270812e-06,0.4414544105529785,
DIDYMOS,SUN,4,PASS,1,4.0,5000.0,6.385188391508164e-06,0.5167381763458252,
DIDYMOS,SUN,8,PASS,1,8.0,5000.0,7.285910311103139e-06,0.44010019302368164,
DIDYMOS,SUN,16,PASS,1,16.0,5000.0,6.411364506826887e-06,0.4160733222961426,
DIDYMOS,SUN,32,PASS,1,32.0,5000.0,1.214538851492302e-05,0.4169471263885498,
DIDYMOS,SUN,64,PASS,1,64.0,5000.0,0.0018651687080304773,0.4090547561645508,
DIDYMOS,SUN,128,PASS,1,128.0,5000.0,0.06877715578811605,0.4436933994293213,
DIDYMOS,SUN,256,PASS,1,256.0,5000.0,102.9681972897595,0.4620218276977539,
DIDYMOS,SUN,365,PASS,1,365.0,5000.0,40.68424434424415,0.8731825351715088,
DINKINESH,SUN,1,PASS,1,1.0,5000.0,8.454010173942593e-06,0.35784006118774414,
DINKINESH,SUN,2,PASS,1,2.0,5000.0,7.2779247634748775e-06,0.2167510986328125,
DINKINESH,SUN,4,PASS,1,4.0,5000.0,6.818671726750179e-06,0.25139403343200684,
DINKINESH,SUN,8,PASS,1,8.0,5000.0,7.654296783121014e-06,0.2878890037536621,
DINKINESH,SUN,16,PASS,1,16.0,5000.0,6.9164147904918645e-06,0.31404995918273926,
DINKINESH,SUN,32,PASS,1,32.0,5000.0,1.0148767173016332e-05,0.28151774406433105,
DINKINESH,SUN,64,PASS,1,64.0,5000.0,0.0018704811777735667,0.22939252853393555,
DINKINESH,SUN,128,PASS,1,128.0,5000.0,0.06872098248271127,0.22676348686218262,
DINKINESH,SUN,256,PASS,1,256.0,5000.0,2.2267360512671184,0.21639633178710938,
DINKINESH,SUN,365,PASS,1,365.0,5000.0,6.134231688832214,0.376192569732666,
DIONE,SATURN_SYSTEM_BARYCENTER,1,PASS,1,1.0,25.0,0.0017463276416180334,0.6693155765533447,
DIONE,SATURN_SYSTEM_BARYCENTER,2,PASS,1,2.0,25.0,0.007642726377433114,0.4711489677429199,
DIONE,SATURN_SYSTEM_BARYCENTER,4,PASS,1,4.0,25.0,16.61375229408578,0.4244422912597656,
DIONE,SATURN_SYSTEM_BARYCENTER,8,PASS,1,8.0,25.0,2.417864802695283,0.6126968860626221,
DIONE,SATURN_SYSTEM_BARYCENTER,16,PASS,1,16.0,25.0,0.9901053323735156,1.3317809104919434,
DIONE,SATURN_SYSTEM_BARYCENTER,32,PASS,2,16.0,25.0,0.743917256970507,2.752718687057495,
DIONE,SATURN_SYSTEM_BARYCENTER,64,PASS,4,16.0,25.0,1.0666394935548478,5.42089056968689,
DIONE,SATURN_SYSTEM_BARYCENTER,128,PASS,8,16.0,25.0,0.8487857682969789,13.696183443069458,
DIONE,SATURN_SYSTEM_BARYCENTER,256,PASS,16,16.0,25.0,1.5325870876365753,22.060205936431885,
DIONE,SATURN_SYSTEM_BARYCENTER,365,PASS,32,11.40625,25.0,1.3556556383377025,70.91963648796082,
DONALDJOHANSON,SUN,1,PASS,1,1.0,5000.0,7.5734996012688425e-06,0.6661088466644287,
DONALDJOHANSON,SUN,2,PASS,1,2.0,5000.0,6.5330036891319145e-06,0.4205777645111084,
DONALDJOHANSON,SUN,4,PASS,1,4.0,5000.0,6.132189938709917e-06,0.4040355682373047,
DONALDJOHANSON,SUN,8,PASS,1,8.0,5000.0,7.021345090153765e-06,0.4035220146179199,
DONALDJOHANSON,SUN,16,PASS,1,16.0,5000.0,6.7805359461739665e-06,0.4087989330291748,
DONALDJOHANSON,SUN,32,PASS,1,32.0,5000.0,1.2542716081064624e-05,0.45377159118652344,
DONALDJOHANSON,SUN,64,PASS,1,64.0,5000.0,0.001873668033064897,0.40929341316223145,
DONALDJOHANSON,SUN,128,PASS,1,128.0,5000.0,0.06866026070429085,0.4113612174987793,
DONALDJOHANSON,SUN,256,PASS,1,256.0,5000.0,2.2326259899028464,0.4189023971557617,
DONALDJOHANSON,SUN,365,PASS,1,365.0,5000.0,6.089254726280251,0.6766617298126221,
EARTH,SUN,1,PASS,1,1.0,2000.0,1.387476758308141e-05,0.3533658981323242,
EARTH,SUN,2,PASS,1,2.0,2000.0,1.2098737116712715e-05,0.21001505851745605,
EARTH,SUN,4,PASS,1,4.0,2000.0,1.135383505095062e-05,0.279282808303833,
EARTH,SUN,8,PASS,1,8.0,2000.0,1.2905165112175637e-05,0.22432875633239746,
EARTH,SUN,16,PASS,1,16.0,2000.0,0.0005636864326827187,0.2193002700805664,
EARTH,SUN,32,PASS,1,32.0,2000.0,0.657008031702058,0.26167798042297363,
EARTH,SUN,64,PASS,1,64.0,2000.0,195.32884427177606,0.2513713836669922,
EARTH,SUN,128,PASS,1,128.0,2000.0,233.4577145255902,0.41295671463012695,
EARTH,SUN,256,PASS,1,256.0,2000.0,339.2150629396587,0.7336406707763672,
EARTH,SUN,365,PASS,1,365.0,2000.0,296.68449449299504,1.1745874881744385,
EARTH_MOON_BARYCENTER,SUN,1,PASS,1,1.0,5000.0,1.3879526416125131e-05,0.37806272506713867,
EARTH_MOON_BARYCENTER,SUN,2,PASS,1,2.0,5000.0,1.20988213044609e-05,0.29913997650146484,
EARTH_MOON_BARYCENTER,SUN,4,PASS,1,4.0,5000.0,1.1334468644268134e-05,0.3024280071258545,
EARTH_MOON_BARYCENTER,SUN,8,PASS,1,8.0,5000.0,1.2838717053635301e-05,0.22087931632995605,
EARTH_MOON_BARYCENTER,SUN,16,PASS,1,16.0,5000.0,1.1434293270378313e-05,0.22941327095031738,
EARTH_MOON_BARYCENTER,SUN,32,PASS,1,32.0,5000.0,3.696561599532239e-05,0.21435022354125977,
EARTH_MOON_BARYCENTER,SUN,64,PASS,1,64.0,5000.0,0.03116735641842909,0.19910955429077148,
EARTH_MOON_BARYCENTER,SUN,128,PASS,1,128.0,5000.0,0.10982842546719689,0.20425009727478027,
EARTH_MOON_BARYCENTER,SUN,256,PASS,1,256.0,5000.0,8.486458502200751,0.20208477973937988,
EARTH_MOON_BARYCENTER,SUN,365,PASS,1,365.0,5000.0,144.70871828079828,0.35053157806396484,
ENCELADUS,SATURN_SYSTEM_BARYCENTER,1,PASS,1,1.0,25.0,0.005962624593784746,0.665919303894043,
ENCELADUS,SATURN_SYSTEM_BARYCENTER,2,PASS,1,2.0,25.0,18.2039219510141,0.4202876091003418,
ENCELADUS,SATURN_SYSTEM_BARYCENTER,4,PASS,1,4.0,25.0,5.32080592122374,0.6121525764465332,
ENCELADUS,SATURN_SYSTEM_BARYCENTER,8,PASS,1,8.0,25.0,4.163913446746431,1.2793657779693604,
ENCELADUS,SATURN_SYSTEM_BARYCENTER,16,PASS,2,8.0,25.0,3.992249863411893,2.6105406284332275,
ENCELADUS,SATURN_SYSTEM_BARYCENTER,32,PASS,4,8.0,25.0,2.8498554194672163,7.519149303436279,
ENCELADUS,SATURN_SYSTEM_BARYCENTER,64,PASS,8,8.0,25.0,2.176884170817664,10.953420162200928,
ENCELADUS,SATURN_SYSTEM_BARYCENTER,128,PASS,16,8.0,25.0,3.9142018408479573,21.00311255455017,
ENCELADUS,SATURN_SYSTEM_BARYCENTER,256,PASS,32,8.0,25.0,3.690467834435172,84.77506995201111,
ENCELADUS,SATURN_SYSTEM_BARYCENTER,365,PASS,64,5.703125,25.0,2.415858349192985,145.99764251708984,
ERIS,SUN,1,PASS,1,1.0,2000.0,9.047348957543505e-06,0.7017700672149658,
ERIS,SUN,2,PASS,1,2.0,2000.0,9.512871429090502e-06,0.4301340579986572,
ERIS,SUN,4,PASS,1,4.0,2000.0,8.596304119739507e-06,0.4076204299926758,
ERIS,SUN,8,PASS,1,8.0,2000.0,9.122431979040619e-06,0.40547752380371094,
ERIS,SUN,16,PASS,1,16.0,2000.0,1.0013580322265625e-05,0.40471315383911133,
ERIS,SUN,32,PASS,1,32.0,2000.0,1.4249375150188384e-05,0.40708494186401367,
ERIS,SUN,64,PASS,1,64.0,2000.0,0.0018696136166620988,0.43750500679016113,
ERIS,SUN,128,PASS,1,128.0,2000.0,0.0687425403982538,0.4106717109680176,
ERIS,SUN,256,PASS,1,256.0,2000.0,2.228281296601155,0.505967378616333,
ERIS,SUN,365,PASS,1,365.0,2000.0,6.129221367516553,0.8126785755157471,
EROS,SUN,1,PASS,1,1.0,5000.0,9.015859165564816e-06,0.36084794998168945,
EROS,SUN,2,PASS,1,2.0,5000.0,7.860763352384883e-06,0.21393418312072754,
EROS,SUN,4,PASS,1,4.0,5000.0,7.3575823190153105e-06,0.20752525329589844,
EROS,SUN,8,PASS,1,8.0,5000.0,8.307714969731113e-06,0.21487998962402344,
EROS,SUN,16,PASS,1,16.0,5000.0,7.405236215750752e-06,0.20824074745178223,
EROS,SUN,32,PASS,1,32.0,5000.0,1.2434131884523596e-05,0.21500492095947266,
EROS,SUN,64,PASS,1,64.0,5000.0,0.0018743293262466437,0.2109076976776123,
EROS,SUN,128,PASS,1,128.0,5000.0,0.06836756377216618,0.2140500545501709,
EROS,SUN,256,PASS,1,256.0,5000.0,4.919414526613811,0.23776888847351074,
EROS,SUN,365,PASS,1,365.0,5000.0,2725.856022004173,0.3430185317993164,
EUROPA,JUPITER,1,PASS,1,1.0,25.0,6.239915206550078,0.9189953804016113,
EUROPA,JUPITER,2,PASS,1,2.0,25.0,10.49668299494084,0.640143632888794,
EUROPA,JUPITER,4,PASS,2,2.0,25.0,21.957242117823025,2.6244771480560303,
EUROPA,JUPITER,8,PASS,4,2.0,25.0,21.010092880503187,5.136328935623169,
EUROPA,JUPITER,16,PASS,8,2.0,25.0,12.968760875008893,9.779189586639404,
EUROPA,JUPITER,32,PASS,16,2.0,25.0,6.818001443198453,22.047628164291382,
EUROPA,JUPITER,64,PASS,32,2.0,25.0,14.116693923919417,77.04353666305542,
EUROPA,JUPITER,128,PASS,64,2.0,25.0,16.684171531940144,165.3154113292694,
EUROPA,JUPITER,256,PASS,128,2.0,25.0,10.60156930430547,324.57779479026794,
EUROPA,JUPITER,365,PASS,226,1.6150442477876106,25.0,8.380468801733866,536.1351041793823,
EURYBATES,SUN,1,PASS,1,1.0,5000.0,6.514994896317977e-06,0.6820459365844727,
EURYBATES,SUN,2,PASS,1,2.0,5000.0,5.72801876761436e-06,0.4052753448486328,
EURYBATES,SUN,4,PASS,1,4.0,5000.0,5.232514692791697e-06,0.40846920013427734,
EURYBATES,SUN,8,PASS,1,8.0,5000.0,5.973730374842553e-06,0.40976762771606445,
EURYBATES,SUN,16,PASS,1,16.0,5000.0,9.664882122636939e-06,0.4099431037902832,
EURYBATES,SUN,32,PASS,1,32.0,5000.0,1.1630239373846588e-05,0.4200248718261719,
EURYBATES,SUN,64,PASS,1,64.0,5000.0,0.0018683822835875448,0.4121582508087158,
EURYBATES,SUN,128,PASS,1,128.0,5000.0,0.06875124203599833,0.48564743995666504,
EURYBATES,SUN,256,PASS,1,256.0,5000.0,2.2295072230971966,0.4131605625152588,
EURYBATES,SUN,365,PASS,1,365.0,5000.0,6.1300115563947,0.6763112545013428,
GANYMEDE,JUPITER,1,PASS,1,1.0,25.0,0.17447101855191444,0.714627742767334,
GANYMEDE,JUPITER,2,PASS,1,2.0,25.0,0.2603734049112596,0.48062658309936523,
GANYMEDE,JUPITER,4,PASS,1,4.0,25.0,2.8998742318883584,0.4365503787994385,
GANYMEDE,JUPITER,8,PASS,1,8.0,25.0,2.4925808675694068,0.6924779415130615,
GANYMEDE,JUPITER,16,PASS,1,16.0,25.0,3.922518672674574,0.9580245018005371,
GANYMEDE,JUPITER,32,PASS,2,16.0,25.0,4.236661557219731,2.471771478652954,
GANYMEDE,JUPITER,64,PASS,4,16.0,25.0,3.5487597278347103,4.460141897201538,
GANYMEDE,JUPITER,128,PASS,8,16.0,25.0,1.8910732795161322,11.22511625289917,
GANYMEDE,JUPITER,256,PASS,16,16.0,25.0,2.0035633748991226,18.557132720947266,
GANYMEDE,JUPITER,365,PASS,16,22.8125,25.0,6.85769023115488,43.655189752578735,
GASPRA,SUN,1,PASS,1,1.0,5000.0,1.0736969154799704e-05,0.6704506874084473,
GASPRA,SUN,2,PASS,1,2.0,5000.0,9.429545773654547e-06,0.4429006576538086,
GASPRA,SUN,4,PASS,1,4.0,5000.0,8.770837088165397e-06,0.41739726066589355,
GASPRA,SUN,8,PASS,1,8.0,5000.0,9.888020853426142e-06,0.41656947135925293,
GASPRA,SUN,16,PASS,1,16.0,5000.0,8.85460128276911e-06,0.4174511432647705,
GASPRA,SUN,32,PASS,1,32.0,5000.0,1.8031017032402795e-05,0.41899967193603516,
GASPRA,SUN,64,PASS,1,64.0,5000.0,0.0018712004664276738,0.40932416915893555,
GASPRA,SUN,128,PASS,1,128.0,5000.0,0.06855643339992976,0.4286985397338867,
GASPRA,SUN,256,PASS,1,256.0,5000.0,2.1597489121063322,0.41864871978759766,
GASPRA,SUN,365,PASS,1,365.0,5000.0,6.085936794527982,0.754521369934082,
GONGGONG,SUN,1,PASS,1,1.0,2000.0,1.8688123647942946e-05,0.3770632743835449,
GONGGONG,SUN,2,PASS,1,2.0,2000.0,1.9025742858181003e-05,0.23000502586364746,
GONGGONG,SUN,4,PASS,1,4.0,2000.0,1.9637356073354723e-05,0.24762511253356934,
GONGGONG,SUN,8,PASS,1,8.0,2000.0,2.0653159930904115e-05,0.225114107131958,
GONGGONG,SUN,16,PASS,1,16.0,2000.0,1.9286869445950207e-05,0.2340097427368164,
GONGGONG,SUN,32,PASS,1,32.0,2000.0,1.8688123647942946e-05,0.22183847427368164,
GONGGONG,SUN,64,PASS,1,64.0,2000.0,0.0018753127027318639,0.22330713272094727,
GONGGONG,SUN,128,PASS,1,128.0,2000.0,0.06875350647130458,0.23595786094665527,
GONGGONG,SUN,256,PASS,1,256.0,2000.0,2.228291423152323,0.2231128215789795,
GONGGONG,SUN,365,PASS,1,365.0,2000.0,6.12920607997662,0.431746244430542,
HARTLEY2,SUN,1,PASS,1,1.0,5000.0,1.2344683501876155e-05,0.5236659049987793,
HARTLEY2,SUN,2,PASS,1,2.0,5000.0,1.0978313580083819e-05,0.24636006355285645,
HARTLEY2,SUN,4,PASS,1,4.0,5000.0,1.0063194471347507e-05,0.23180913925170898,
HARTLEY2,SUN,8,PASS,1,8.0,5000.0,1.1146725957782391e-05,0.22967934608459473,
HARTLEY2,SUN,16,PASS,1,16.0,5000.0,1.3932745086044027e-05,0.2388896942138672,
HARTLEY2,SUN,32,PASS,1,32.0,5000.0,1.7602516616352225e-05,0.20800042152404785,
HARTLEY2,SUN,64,PASS,1,64.0,5000.0,0.0018682556747024444,0.21403121948242188,
HARTLEY2,SUN,128,PASS,1,128.0,5000.0,0.06764710619758418,0.2132856845855713,
HARTLEY2,SUN,256,PASS,1,256.0,5000.0,2.296733365522852,0.21782946586608887,
HARTLEY2,SUN,365,PASS,1,365.0,5000.0,6.8028702550593,0.34915685653686523,
HAUMEA,SUN,1,PASS,1,1.0,2000.0,9.515858670938065e-06,0.33910393714904785,
HAUMEA,SUN,2,PASS,1,2.0,2000.0,9.940224989143833e-06,0.21560049057006836,
HAUMEA,SUN,4,PASS,1,4.0,2000.0,1.0238127972404427e-05,0.2126452922821045,
HAUMEA,SUN,8,PASS,1,8.0,2000.0,1.0967254638671875e-05,0.2363419532775879,
HAUMEA,SUN,16,PASS,1,16.0,2000.0,1.0238127972404427e-05,0.22365140914916992,
HAUMEA,SUN,32,PASS,1,32.0,2000.0,1.6353846206324116e-05,0.28818774223327637,
HAUMEA,SUN,64,PASS,1,64.0,2000.0,0.0018718229169492106,0.22663354873657227,
HAUMEA,SUN,128,PASS,1,128.0,2000.0,0.06874147793244872,0.23529958724975586,
HAUMEA,SUN,256,PASS,1,256.0,2000.0,2.2282801773149736,0.23890352249145508,
HAUMEA,SUN,365,PASS,1,365.0,2000.0,6.129223049623502,0.36391425132751465,
HYGIEA,SUN,1,PASS,1,1.0,5000.0,6.946898335157297e-06,0.3469712734222412,
HYGIEA,SUN,2,PASS,1,2.0,5000.0,6.160915009573251e-06,0.22117972373962402,
HYGIEA,SUN,4,PASS,1,4.0,5000.0,5.743890282568153e-06,0.21688032150268555,
HYGIEA,SUN,8,PASS,1,8.0,5000.0,6.3841792269413395e-06,0.2115776538848877,
HYGIEA,SUN,16,PASS,1,16.0,5000.0,5.7276311080623744e-06,0.21632766723632812,
HYGIEA,SUN,32,PASS,1,32.0,5000.0,1.5080512561663838e-05,0.2150416374206543,
HYGIEA,SUN,64,PASS,1,64.0,5000.0,0.0018710475626963453,0.21154022216796875,
HYGIEA,SUN,128,PASS,1,128.0,5000.0,0.0687296012346346,0.21647310256958008,
HYGIEA,SUN,256,PASS,1,256.0,5000.0,2.226707243356168,0.2137157917022705,
HYGIEA,SUN,365,PASS,1,365.0,5000.0,6.127854230734824,0.337005615234375,
HYPERION,SATURN_SYSTEM_BARYCENTER,1,PASS,1,1.0,25.0,2.068541713243575e-06,0.6784462928771973,
HYPERION,SATURN_SYSTEM_BARYCENTER,2,PASS,1,2.0,25.0,1.8624268904569098e-06,0.41252636909484863,
HYPERION,SATURN_SYSTEM_BARYCENTER,4,PASS,1,4.0,25.0,0.00016243895430073646,0.41886425018310547,
HYPERION,SATURN_SYSTEM_BARYCENTER,8,PASS,1,8.0,25.0,0.002963370171503632,0.44101405143737793,
HYPERION,SATURN_SYSTEM_BARYCENTER,16,PASS,1,16.0,25.0,0.00944925959264842,0.6512651443481445,
HYPERION,SATURN_SYSTEM_BARYCENTER,32,PASS,1,32.0,25.0,0.3004528518424453,1.1534390449523926,
HYPERION,SATURN_SYSTEM_BARYCENTER,64,PASS,2,32.0,25.0,0.4278722159240551,2.3132362365722656,
HYPERION,SATURN_SYSTEM_BARYCENTER,128,PASS,4,32.0,25.0,0.6123368070810346,4.342504024505615,
HYPERION,SATURN_SYSTEM_BARYCENTER,256,PASS,8,32.0,25.0,0.4408473494907863,8.929726362228394,
HYPERION,SATURN_SYSTEM_BARYCENTER,365,PASS,8,45.625,25.0,8.98493526577581,20.488304138183594,
IAPETUS,SATURN_SYSTEM_BARYCENTER,1,PASS,1,1.0,25.0,1.5321639518086246e-06,0.7053778171539307,
IAPETUS,SATURN_SYSTEM_BARYCENTER,2,PASS,1,2.0,25.0,1.5990045989633033e-06,0.43796682357788086,
IAPETUS,SATURN_SYSTEM_BARYCENTER,4,PASS,1,4.0,25.0,1.7198825709446329e-06,0.43729615211486816,
IAPETUS,SATURN_SYSTEM_BARYCENTER,8,PASS,1,8.0,25.0,0.0026459208237492654,0.42740464210510254,
IAPETUS,SATURN_SYSTEM_BARYCENTER,16,PASS,1,16.0,25.0,0.00731795847832918,0.37366628646850586,
IAPETUS,SATURN_SYSTEM_BARYCENTER,32,PASS,1,32.0,25.0,0.7743239787417735,0.25475382804870605,
IAPETUS,SATURN_SYSTEM_BARYCENTER,64,PASS,1,64.0,25.0,7.141690362119461,0.3116641044616699,
IAPETUS,SATURN_SYSTEM_BARYCENTER,128,PASS,1,128.0,25.0,6.7175687761549385,0.5350394248962402,
IAPETUS,SATURN_SYSTEM_BARYCENTER,256,PASS,1,256.0,25.0,11.591152861648533,1.1852233409881592,
IAPETUS,SATURN_SYSTEM_BARYCENTER,365,PASS,2,182.5,25.0,7.441833187926123,1.9604237079620361,
IDA,SUN,1,PASS,1,1.0,5000.0,7.864953580333068e-06,0.7162384986877441,
IDA,SUN,2,PASS,1,2.0,5000.0,6.907046931505149e-06,0.4218635559082031,
IDA,SUN,4,PASS,1,4.0,5000.0,6.3988757985063795e-06,0.4359724521636963,
IDA,SUN,8,PASS,1,8.0,5000.0,7.21686424119995e-06,0.44939255714416504,
IDA,SUN,16,PASS,1,16.0,5000.0,6.5068234514542195e-06,0.41129636764526367,
IDA,SUN,32,PASS,1,32.0,5000.0,8.774527340327514e-06,0.42635154724121094,
IDA,SUN,64,PASS,1,64.0,5000.0,0.0018620176244140702,0.41881489753723145,
IDA,SUN,128,PASS,1,128.0,5000.0,0.06875767423259702,0.42734432220458984,
IDA,SUN,256,PASS,1,256.0,5000.0,2.225494247781194,0.41814541816711426,
IDA,SUN,365,PASS,1,365.0,5000.0,6.162087313764822,0.7052304744720459,
INTERAMNIA,SUN,1,PASS,1,1.0,5000.0,8.516636110860363e-06,0.3822493553161621,
INTERAMNIA,SUN,2,PASS,1,2.0,5000.0,7.3221734595257495e-06,0.2345130443572998,
INTERAMNIA,SUN,4,PASS,1,4.0,5000.0,6.912356205433344e-06,0.22189927101135254,
INTERAMNIA,SUN,8,PASS,1,8.0,5000.0,7.886530186004512e-06,0.2251605987548828,
INTERAMNIA,SUN,16,PASS,1,16.0,5000.0,6.9792336927344104e-06,0.28063321113586426,
INTERAMNIA,SUN,32,PASS,1,32.0,5000.0,1.2303126391246013e-05,0.24931693077087402,
INTERAMNIA,SUN,64,PASS,1,64.0,5000.0,0.0018739937047185056,0.2443692684173584,
INTERAMNIA,SUN,128,PASS,1,128.0,5000.0,0.06870544477505931,0.23693418502807617,
INTERAMNIA,SUN,256,PASS,1,256.0,5000.0,2.229792199389051,0.22583937644958496,
INTERAMNIA,SUN,365,PASS,1,365.0,5000.0,6.081856403214053,0.38879847526550293,
IO,JUPITER,1,PASS,2,0.5,25.0,9.259140553485118e-06,2.515573263168335,
IO,JUPITER,2,PASS,4,0.5,25.0,8.723326789575553e-06,3.6229653358459473,
IO,JUPITER,4,PASS,8,0.5,25.0,9.046673533815487e-06,6.797468423843384,
IO,JUPITER,8,PASS,16,0.5,25.0,3.1619091481967568e-06,14.27983546257019,
IO,JUPITER,16,PASS,32,0.5,25.0,4.20936534532288e-06,30.568151712417603,
IO,JUPITER,32,PASS,64,0.5,25.0,4.07391974666933e-06,120.37428140640259,
IO,JUPITER,64,PASS,128,0.5,25.0,9.382803603866386e-06,239.08787894248962,
IO,JUPITER,128,PASS,256,0.5,25.0,9.20459318756974e-06,486.3708794116974,
IO,JUPITER,256,PASS,512,0.5,25.0,6.406697736523899e-06,948.899055480957,
IO,JUPITER,365,FAIL,,,25.0,,20.142174243927002,"no qualified continuous function for IO on [7131887145.703125,7131890995.3125]: Chebyshev qualification failed IO: 28.9821 km > 25 km"
ITOKAWA,SUN,1,PASS,1,1.0,5000.0,9.200860714916717e-06,0.7304797172546387,
ITOKAWA,SUN,2,PASS,1,2.0,5000.0,8.125534626718109e-06,0.4301419258117676,
ITOKAWA,SUN,4,PASS,1,4.0,5000.0,7.523036882746698e-06,0.4307987689971924,
ITOKAWA,SUN,8,PASS,1,8.0,5000.0,8.427053995625875e-06,0.4185004234313965,
ITOKAWA,SUN,16,PASS,1,16.0,5000.0,7.522657094407354e-06,0.4132411479949951,
ITOKAWA,SUN,32,PASS,1,32.0,5000.0,2.1058413401545053e-05,0.40735507011413574,
ITOKAWA,SUN,64,PASS,1,64.0,5000.0,0.0018701760597951314,0.40944957733154297,
ITOKAWA,SUN,128,PASS,1,128.0,5000.0,0.07080918250354976,0.40566039085388184,
ITOKAWA,SUN,256,PASS,1,256.0,5000.0,5.378578934546087,0.43355560302734375,
ITOKAWA,SUN,365,PASS,1,365.0,5000.0,1.8916505012774019,0.870361328125,
IXION,SUN,1,PASS,1,1.0,5000.0,1.103957834509871e-05,0.3571639060974121,
IXION,SUN,2,PASS,1,2.0,5000.0,8.872887642826269e-06,0.22070574760437012,
IXION,SUN,4,PASS,1,4.0,5000.0,9.150429278562301e-06,0.21141910552978516,
IXION,SUN,8,PASS,1,8.0,5000.0,9.643434722975104e-06,0.22574830055236816,
IXION,SUN,16,PASS,1,16.0,5000.0,1.088401051570256e-05,0.2087247371673584,
IXION,SUN,32,PASS,1,32.0,5000.0,1.5048726881083965e-05,0.2194075584411621,
IXION,SUN,64,PASS,1,64.0,5000.0,0.0018639875114441096,0.2166440486907959,
IXION,SUN,128,PASS,1,128.0,5000.0,0.06874079575654976,0.21784234046936035,
IXION,SUN,256,PASS,1,256.0,5000.0,2.228290388817887,0.21192002296447754,
IXION,SUN,365,PASS,1,365.0,5000.0,6.1292184029750345,0.35201478004455566,
JUNO,SUN,1,PASS,1,1.0,5000.0,6.415464750811418e-06,0.4099235534667969,
JUNO,SUN,2,PASS,1,2.0,5000.0,5.682873878480522e-06,0.3208940029144287,
JUNO,SUN,4,PASS,1,4.0,5000.0,5.2207893453348955e-06,0.3091275691986084,
JUNO,SUN,8,PASS,1,8.0,5000.0,6.002708581033597e-06,0.21931743621826172,
JUNO,SUN,16,PASS,1,16.0,5000.0,6.503891716598846e-06,0.22111225128173828,
JUNO,SUN,32,PASS,1,32.0,5000.0,9.628733267694021e-06,0.20873522758483887,
JUNO,SUN,64,PASS,1,64.0,5000.0,0.001862938591015558,0.22866439819335938,
JUNO,SUN,128,PASS,1,128.0,5000.0,0.06874889684789783,0.22211432456970215,
JUNO,SUN,256,PASS,1,256.0,5000.0,2.2296317391012024,0.2187485694885254,
JUNO,SUN,365,PASS,1,365.0,5000.0,6.155063964597838,0.33951711654663086,
JUPITER,SUN,1,PASS,1,1.0,2000.0,0.15270359743822956,0.35273170471191406,
JUPITER,SUN,2,PASS,1,2.0,2000.0,0.39627468489500484,0.2202765941619873,
JUPITER,SUN,4,PASS,1,4.0,2000.0,1.8238907712514956,0.21817445755004883,
JUPITER,SUN,8,PASS,1,8.0,2000.0,30.29086584622897,0.22097468376159668,
JUPITER,SUN,16,PASS,1,16.0,2000.0,40.86207268676766,0.21634364128112793,
JUPITER,SUN,32,PASS,1,32.0,2000.0,85.62814613384647,0.21798920631408691,
JUPITER,SUN,64,PASS,1,64.0,2000.0,199.43202083325752,0.2127690315246582,
JUPITER,SUN,128,PASS,1,128.0,2000.0,334.7498940499773,0.23520827293395996,
JUPITER,SUN,256,PASS,1,256.0,2000.0,261.7526193464325,0.20840191841125488,
JUPITER,SUN,365,PASS,1,365.0,2000.0,289.15656578518673,0.05250072479248047,
JUPITER_SYSTEM_BARYCENTER,SUN,1,PASS,1,1.0,5000.0,6.138813015499384e-06,0.33844542503356934,
JUPITER_SYSTEM_BARYCENTER,SUN,2,PASS,1,2.0,5000.0,5.563521510322017e-06,0.20539331436157227,
JUPITER_SYSTEM_BARYCENTER,SUN,4,PASS,1,4.0,5000.0,4.906716447951634e-06,0.20782947540283203,
JUPITER_SYSTEM_BARYCENTER,SUN,8,PASS,1,8.0,5000.0,5.7067292136445894e-06,0.20017743110656738,
JUPITER_SYSTEM_BARYCENTER,SUN,16,PASS,1,16.0,5000.0,5.205991895207103e-06,0.19519734382629395,
JUPITER_SYSTEM_BARYCENTER,SUN,32,PASS,1,32.0,5000.0,1.3671715030387853e-05,0.20683598518371582,
JUPITER_SYSTEM_BARYCENTER,SUN,64,PASS,1,64.0,5000.0,0.0018722244325915305,0.2010478973388672,
JUPITER_SYSTEM_BARYCENTER,SUN,128,PASS,1,128.0,5000.0,0.06874614645785872,0.19764304161071777,
JUPITER_SYSTEM_BARYCENTER,SUN,256,PASS,1,256.0,5000.0,2.2280694344875545,0.2048037052154541,
JUPITER_SYSTEM_BARYCENTER,SUN,365,PASS,1,365.0,5000.0,6.130614222935048,0.3455543518066406,
KLEOPATRA,SUN,1,PASS,1,1.0,5000.0,6.379421227843661e-06,0.37654757499694824,
KLEOPATRA,SUN,2,PASS,1,2.0,5000.0,5.7477076530945235e-06,0.2277834415435791,
KLEOPATRA,SUN,4,PASS,1,4.0,5000.0,5.302971348644585e-06,0.2359752655029297,
KLEOPATRA,SUN,8,PASS,1,8.0,5000.0,5.997971898063009e-06,0.2879810333251953,
KLEOPATRA,SUN,16,PASS,1,16.0,5000.0,5.377452352134521e-06,0.32360029220581055,
KLEOPATRA,SUN,32,PASS,1,32.0,5000.0,7.943948126895642e-06,0.2679131031036377,
KLEOPATRA,SUN,64,PASS,1,64.0,5000.0,0.0018619375292766437,0.24248957633972168,
KLEOPATRA,SUN,128,PASS,1,128.0,5000.0,0.06873672699599129,0.2314009666442871,
KLEOPATRA,SUN,256,PASS,1,256.0,5000.0,2.228722736516085,0.24603271484375,
KLEOPATRA,SUN,365,PASS,1,365.0,5000.0,6.12490604205972,0.3554360866546631,
LEUCUS,SUN,1,PASS,1,1.0,5000.0,6.327433810386526e-06,0.36322784423828125,
LEUCUS,SUN,2,PASS,1,2.0,5000.0,5.6698967295135535e-06,0.22789549827575684,
LEUCUS,SUN,4,PASS,1,4.0,5000.0,5.174426883566197e-06,0.2697012424468994,
LEUCUS,SUN,8,PASS,1,8.0,5000.0,5.864723937121295e-06,0.3343820571899414,
LEUCUS,SUN,16,PASS,1,16.0,5000.0,5.292288530228188e-06,0.3188304901123047,
LEUCUS,SUN,32,PASS,1,32.0,5000.0,1.2823635357604904e-05,0.23946928977966309,
LEUCUS,SUN,64,PASS,1,64.0,5000.0,0.0018692144027943633,0.21522903442382812,
LEUCUS,SUN,128,PASS,1,128.0,5000.0,0.06874135930038767,0.21419310569763184,
LEUCUS,SUN,256,PASS,1,256.0,5000.0,2.228420976662058,0.2125849723815918,
LEUCUS,SUN,365,PASS,1,365.0,5000.0,6.126851381684993,0.36591410636901855,
LUTETIA,SUN,1,PASS,1,1.0,5000.0,7.913302303535646e-06,0.3457961082458496,
LUTETIA,SUN,2,PASS,1,2.0,5000.0,7.009375247225901e-06,0.2099003791809082,
LUTETIA,SUN,4,PASS,1,4.0,5000.0,6.475165656834217e-06,0.22890639305114746,
LUTETIA,SUN,8,PASS,1,8.0,5000.0,7.164875149099872e-06,0.21071934700012207,
LUTETIA,SUN,16,PASS,1,16.0,5000.0,6.515812814997503e-06,0.21076321601867676,
LUTETIA,SUN,32,PASS,1,32.0,5000.0,1.4499074993697858e-05,0.20873808860778809,
LUTETIA,SUN,64,PASS,1,64.0,5000.0,0.001867348233487337,0.21669530868530273,
LUTETIA,SUN,128,PASS,1,128.0,5000.0,0.06878589020965353,0.21632742881774902,
LUTETIA,SUN,256,PASS,1,256.0,5000.0,2.2485423025155624,0.22315692901611328,
LUTETIA,SUN,365,PASS,1,365.0,5000.0,6.1487095108649115,0.3639836311340332,
MAKEMAKE,SUN,1,PASS,1,1.0,2000.0,8.773026224600839e-06,0.36675500869750977,
MAKEMAKE,SUN,2,PASS,1,2.0,2000.0,8.746308884915515e-06,0.2169196605682373,
MAKEMAKE,SUN,4,PASS,1,4.0,2000.0,8.812622822893248e-06,0.2117936611175537,
MAKEMAKE,SUN,8,PASS,1,8.0,2000.0,9.687221856149272e-06,0.21251463890075684,
MAKEMAKE,SUN,16,PASS,1,16.0,2000.0,9.613916947200753e-06,0.2198176383972168,
MAKEMAKE,SUN,32,PASS,1,32.0,2000.0,1.2103119036194854e-05,0.22227954864501953,
MAKEMAKE,SUN,64,PASS,1,64.0,2000.0,0.0018743223354883054,0.2122359275817871,
MAKEMAKE,SUN,128,PASS,1,128.0,2000.0,0.06874635162801156,0.2257978916168213,
MAKEMAKE,SUN,256,PASS,1,256.0,2000.0,2.2282814666902704,0.2172534465789795,
MAKEMAKE,SUN,365,PASS,1,365.0,2000.0,6.12921379802925,0.3453714847564697,
MARS,SUN,1,PASS,1,1.0,2000.0,1.4539957676880993e-05,0.344085693359375,
MARS,SUN,2,PASS,1,2.0,2000.0,0.00026773195468930943,0.21558260917663574,
MARS,SUN,4,PASS,1,4.0,2000.0,0.00035683857100059143,0.2462148666381836,
MARS,SUN,8,PASS,1,8.0,2000.0,0.0002805887215882593,0.22062134742736816,
MARS,SUN,16,PASS,1,16.0,2000.0,0.000296178636043114,0.21621465682983398,
MARS,SUN,32,PASS,1,32.0,2000.0,0.0002973118802805713,0.2218022346496582,
MARS,SUN,64,PASS,1,64.0,2000.0,0.0018376361017708386,0.21966934204101562,
MARS,SUN,128,PASS,1,128.0,2000.0,0.0684352267439607,0.371229887008667,
MARS,SUN,256,PASS,1,256.0,2000.0,2.371656776248294,0.3558928966522217,
MARS,SUN,365,PASS,1,365.0,2000.0,7.3425228483461416,0.5505945682525635,
MARS_SYSTEM_BARYCENTER,SUN,1,PASS,1,1.0,5000.0,1.1210487483950279e-05,1.0071303844451904,
MARS_SYSTEM_BARYCENTER,SUN,2,PASS,1,2.0,5000.0,9.791981808262228e-06,0.49465513229370117,
MARS_SYSTEM_BARYCENTER,SUN,4,PASS,1,4.0,5000.0,9.156713897590125e-06,0.7115919589996338,
MARS_SYSTEM_BARYCENTER,SUN,8,PASS,1,8.0,5000.0,1.0283916222006286e-05,0.45391106605529785,
MARS_SYSTEM_BARYCENTER,SUN,16,PASS,1,16.0,5000.0,9.218708736164787e-06,0.4281902313232422,
MARS_SYSTEM_BARYCENTER,SUN,32,PASS,1,32.0,5000.0,1.770006132339088e-05,0.31235527992248535,
MARS_SYSTEM_BARYCENTER,SUN,64,PASS,1,64.0,5000.0,0.0018873522301790875,0.2330472469329834,
MARS_SYSTEM_BARYCENTER,SUN,128,PASS,1,128.0,5000.0,0.068725342465481,0.2959787845611572,
MARS_SYSTEM_BARYCENTER,SUN,256,PASS,1,256.0,5000.0,2.3714356856245824,0.2842442989349365,
MARS_SYSTEM_BARYCENTER,SUN,365,PASS,1,365.0,5000.0,7.3427545949966335,0.45412588119506836,
MATHILDE,SUN,1,PASS,1,1.0,5000.0,1.0452551864775528e-05,0.38991880416870117,
MATHILDE,SUN,2,PASS,1,2.0,5000.0,9.185039981559468e-06,0.23196816444396973,
MATHILDE,SUN,4,PASS,1,4.0,5000.0,8.505120855685306e-06,0.22106504440307617,
MATHILDE,SUN,8,PASS,1,8.0,5000.0,9.578057511442313e-06,0.22581171989440918,
MATHILDE,SUN,16,PASS,1,16.0,5000.0,8.50322461134291e-06,0.26576900482177734,
MATHILDE,SUN,32,PASS,1,32.0,5000.0,1.6349100175889165e-05,0.24523138999938965,
MATHILDE,SUN,64,PASS,1,64.0,5000.0,0.0018723667359499287,0.23119258880615234,
MATHILDE,SUN,128,PASS,1,128.0,5000.0,0.06892828532054679,0.23355388641357422,
MATHILDE,SUN,256,PASS,1,256.0,5000.0,2.2271791438793205,0.21728730201721191,
MATHILDE,SUN,365,PASS,1,365.0,5000.0,5.970408731809644,0.38651561737060547,
MERCURY,SUN,1,PASS,1,1.0,2000.0,2.3231152016690402e-05,0.35548973083496094,
MERCURY,SUN,2,PASS,1,2.0,2000.0,2.0366783778587562e-05,0.21925783157348633,
MERCURY,SUN,4,PASS,1,4.0,2000.0,1.8934666401994316e-05,0.22206783294677734,
MERCURY,SUN,8,PASS,1,8.0,2000.0,2.3611214914433443e-05,0.20899033546447754,
MERCURY,SUN,16,PASS,1,16.0,2000.0,0.007282210743998962,0.22045087814331055,
MERCURY,SUN,32,PASS,1,32.0,2000.0,45.29994750300101,0.2187645435333252,
MERCURY,SUN,64,PASS,1,64.0,2000.0,4.020296465313937,0.4551715850830078,
MERCURY,SUN,128,PASS,1,128.0,2000.0,30.72398074743787,0.8721659183502197,
MERCURY,SUN,256,PASS,2,128.0,2000.0,196.02693392405777,1.9741230010986328,
MERCURY,SUN,365,PASS,2,182.5,2000.0,589.7689344598447,3.9452826976776123,
MERCURY_SYSTEM_BARYCENTER,SUN,1,PASS,1,1.0,5000.0,2.3231152016690402e-05,0.3750324249267578,
MERCURY_SYSTEM_BARYCENTER,SUN,2,PASS,1,2.0,5000.0,2.0366783778587562e-05,0.20979976654052734,
MERCURY_SYSTEM_BARYCENTER,SUN,4,PASS,1,4.0,5000.0,1.8934666401994316e-05,0.21597576141357422,
MERCURY_SYSTEM_BARYCENTER,SUN,8,PASS,1,8.0,5000.0,2.3611214914433443e-05,0.2163083553314209,
MERCURY_SYSTEM_BARYCENTER,SUN,16,PASS,1,16.0,5000.0,0.007282210743998962,0.27144432067871094,
MERCURY_SYSTEM_BARYCENTER,SUN,32,PASS,1,32.0,5000.0,45.29994750300101,0.30210304260253906,
MERCURY_SYSTEM_BARYCENTER,SUN,64,PASS,1,64.0,5000.0,4.020296465313937,0.3186769485473633,
MERCURY_SYSTEM_BARYCENTER,SUN,128,PASS,1,128.0,5000.0,2278.203039008967,0.30855655670166016,
MERCURY_SYSTEM_BARYCENTER,SUN,256,PASS,2,128.0,5000.0,1930.037248255357,1.179253339767456,
MERCURY_SYSTEM_BARYCENTER,SUN,365,PASS,2,182.5,5000.0,589.7689344598447,2.048769474029541,
MIMAS,SATURN_SYSTEM_BARYCENTER,1,PASS,1,1.0,25.0,0.9919727907361651,0.735079288482666,
MIMAS,SATURN_SYSTEM_BARYCENTER,2,PASS,1,2.0,25.0,1.0403926706611988,0.6931023597717285,
MIMAS,SATURN_SYSTEM_BARYCENTER,4,PASS,1,4.0,25.0,0.874934744069114,1.6382899284362793,
MIMAS,SATURN_SYSTEM_BARYCENTER,8,PASS,2,4.0,25.0,0.8091600917490912,2.6630845069885254,
MIMAS,SATURN_SYSTEM_BARYCENTER,16,PASS,4,4.0,25.0,0.5092618626708779,5.32914924621582,
MIMAS,SATURN_SYSTEM_BARYCENTER,32,PASS,8,4.0,25.0,0.46304259373027745,10.603219270706177,
MIMAS,SATURN_SYSTEM_BARYCENTER,64,PASS,16,4.0,25.0,0.6987814502402113,23.239678144454956,
MIMAS,SATURN_SYSTEM_BARYCENTER,128,PASS,32,4.0,25.0,0.7023882868835173,83.74793529510498,
MIMAS,SATURN_SYSTEM_BARYCENTER,256,PASS,64,4.0,25.0,0.9203286866997411,181.5599353313446,
MIMAS,SATURN_SYSTEM_BARYCENTER,365,PASS,128,2.8515625,25.0,0.39485747366156404,312.53843808174133,
MIRANDA,URANUS_SYSTEM_BARYCENTER,1,PASS,1,1.0,25.0,0.0008958432623121442,0.7208330631256104,
MIRANDA,URANUS_SYSTEM_BARYCENTER,2,PASS,1,2.0,25.0,1.23494489877245,0.42621922492980957,
MIRANDA,URANUS_SYSTEM_BARYCENTER,4,PASS,1,4.0,25.0,0.44334152158519924,0.6197929382324219,
MIRANDA,URANUS_SYSTEM_BARYCENTER,8,PASS,1,8.0,25.0,0.245000263293335,1.362511396408081,
MIRANDA,URANUS_SYSTEM_BARYCENTER,16,PASS,2,8.0,25.0,0.2058244766261974,2.994016647338867,
MIRANDA,URANUS_SYSTEM_BARYCENTER,32,PASS,4,8.0,25.0,0.09585772922381763,5.463685750961304,
MIRANDA,URANUS_SYSTEM_BARYCENTER,64,PASS,8,8.0,25.0,0.17086350120623364,13.74520468711853,
MIRANDA,URANUS_SYSTEM_BARYCENTER,128,PASS,16,8.0,25.0,0.27331634638834906,22.418263912200928,
MIRANDA,URANUS_SYSTEM_BARYCENTER,256,PASS,32,8.0,25.0,0.2628878723682101,87.12844657897949,
MIRANDA,URANUS_SYSTEM_BARYCENTER,365,PASS,64,5.703125,25.0,0.14942496136306993,161.56228590011597,
MOON,EARTH,1,PASS,1,1.0,25.0,4.7400018408103756e-07,0.6607580184936523,
MOON,EARTH,2,PASS,1,2.0,25.0,4.5553359675172144e-07,0.43076562881469727,
MOON,EARTH,4,PASS,1,4.0,25.0,4.2006461593482085e-07,0.4568665027618408,
MOON,EARTH,8,PASS,1,8.0,25.0,7.17075802766734e-05,0.4296383857727051,
MOON,EARTH,16,PASS,1,16.0,25.0,0.04676361639020351,0.420623779296875,
MOON,EARTH,32,PASS,1,32.0,25.0,0.009276094238373837,0.6360557079315186,
MOON,EARTH,64,PASS,1,64.0,25.0,3.8757243717986802,1.1108622550964355,
MOON,EARTH,128,PASS,2,64.0,25.0,5.797404150815351,2.2674546241760254,
MOON,EARTH,256,PASS,4,64.0,25.0,4.120677289059322,4.4775776863098145,
MOON,EARTH,365,PASS,4,91.25,25.0,9.843505160800868,13.287237882614136,
MS4,SUN,1,PASS,1,1.0,5000.0,9.537162250012847e-06,1.0881924629211426,
MS4,SUN,2,PASS,1,2.0,5000.0,9.448241034807754e-06,0.5937502384185791,
MS4,SUN,4,PASS,1,4.0,5000.0,1.0137707992684827e-05,0.5719377994537354,
MS4,SUN,8,PASS,1,8.0,5000.0,1.0322837897611389e-05,0.6577422618865967,
MS4,SUN,16,PASS,1,16.0,5000.0,1.0793307182199196e-05,0.6413178443908691,
MS4,SUN,32,PASS,1,32.0,5000.0,1.545198684771869e-05,0.5466330051422119,
MS4,SUN,64,PASS,1,64.0,5000.0,0.0018631443368051029,0.5412368774414062,
MS4,SUN,128,PASS,1,128.0,5000.0,0.06874000743169155,0.5562107563018799,
MS4,SUN,256,PASS,1,256.0,5000.0,2.2282844660814543,0.5396642684936523,
MS4,SUN,365,PASS,1,365.0,5000.0,6.12922161553587,0.8433151245117188,
NEPTUNE,SUN,1,PASS,1,1.0,2000.0,6.715581554646869e-06,0.41516757011413574,
NEPTUNE,SUN,2,PASS,1,2.0,2000.0,5.898168731684389e-06,0.23547601699829102,
NEPTUNE,SUN,4,PASS,1,4.0,2000.0,5.8318393403592764e-06,0.2661116123199463,
NEPTUNE,SUN,8,PASS,1,8.0,2000.0,0.11443369195373887,0.22493791580200195,
NEPTUNE,SUN,16,PASS,1,16.0,2000.0,1.020506468347485,0.24626970291137695,
NEPTUNE,SUN,32,PASS,1,32.0,2000.0,139.27866832102492,0.2852165699005127,
NEPTUNE,SUN,64,PASS,1,64.0,2000.0,145.43419599991475,0.315549373626709,
NEPTUNE,SUN,128,PASS,1,128.0,2000.0,175.59710149081926,0.24375510215759277,
NEPTUNE,SUN,256,PASS,1,256.0,2000.0,165.875362425224,0.22796010971069336,
NEPTUNE,SUN,365,PASS,1,365.0,2000.0,142.94394906017325,0.3840057849884033,
NEPTUNE_SYSTEM_BARYCENTER,SUN,1,PASS,1,1.0,5000.0,6.804921620996485e-06,0.36487412452697754,
NEPTUNE_SYSTEM_BARYCENTER,SUN,2,PASS,1,2.0,5000.0,5.852496268885237e-06,0.25021982192993164,
NEPTUNE_SYSTEM_BARYCENTER,SUN,4,PASS,1,4.0,5000.0,5.806502807751123e-06,0.23444128036499023,
NEPTUNE_SYSTEM_BARYCENTER,SUN,8,PASS,1,8.0,5000.0,6.727936160636275e-06,0.2410130500793457,
NEPTUNE_SYSTEM_BARYCENTER,SUN,16,PASS,1,16.0,5000.0,6.212908668262189e-06,0.2600383758544922,
NEPTUNE_SYSTEM_BARYCENTER,SUN,32,PASS,1,32.0,5000.0,1.2165518263102931e-05,0.2385120391845703,
NEPTUNE_SYSTEM_BARYCENTER,SUN,64,PASS,1,64.0,5000.0,0.001872467892729108,0.26035261154174805,
NEPTUNE_SYSTEM_BARYCENTER,SUN,128,PASS,1,128.0,5000.0,0.06874587199115333,0.2948129177093506,
NEPTUNE_SYSTEM_BARYCENTER,SUN,256,PASS,1,256.0,5000.0,2.2282835653368815,0.3046102523803711,
NEPTUNE_SYSTEM_BARYCENTER,SUN,365,PASS,1,365.0,5000.0,6.1292140436467974,0.5336976051330566,
NEREID,NEPTUNE_SYSTEM_BARYCENTER,1,PASS,1,1.0,25.0,1.1480399119303235e-06,0.4489119052886963,
NEREID,NEPTUNE_SYSTEM_BARYCENTER,2,PASS,1,2.0,25.0,1.2360343469816993e-06,0.25394296646118164,
NEREID,NEPTUNE_SYSTEM_BARYCENTER,4,PASS,1,4.0,25.0,1.1236677970299821e-06,0.30459094047546387,
NEREID,NEPTUNE_SYSTEM_BARYCENTER,8,PASS,1,8.0,25.0,5.41661059816694e-06,0.31583261489868164,
NEREID,NEPTUNE_SYSTEM_BARYCENTER,16,PASS,1,16.0,25.0,0.0006095847804063938,0.28702354431152344,
NEREID,NEPTUNE_SYSTEM_BARYCENTER,32,PASS,1,32.0,25.0,0.0008680335381330349,0.2586517333984375,
NEREID,NEPTUNE_SYSTEM_BARYCENTER,64,PASS,1,64.0,25.0,0.016401492844657767,0.42557859420776367,
NEREID,NEPTUNE_SYSTEM_BARYCENTER,128,PASS,2,64.0,25.0,0.4419239587374791,2.260371208190918,
NEREID,NEPTUNE_SYSTEM_BARYCENTER,256,PASS,3,85.33333333333333,25.0,0.017310318825738073,1.7236382961273193,
NEREID,NEPTUNE_SYSTEM_BARYCENTER,365,PASS,3,121.66666666666667,25.0,1.1479715669492287,5.2384302616119385,
NEWHORIZONS,SUN,1,PASS,1,1.0,100.0,0.00011951407570384267,0.3872547149658203,
NEWHORIZONS,SUN,2,PASS,1,2.0,100.0,0.00012796394017220336,0.23311495780944824,
NEWHORIZONS,SUN,4,PASS,1,4.0,100.0,0.00013042694852660185,0.22637009620666504,
NEWHORIZONS,SUN,8,PASS,1,8.0,100.0,0.00013329624335980337,0.21438932418823242,
NEWHORIZONS,SUN,16,PASS,1,16.0,100.0,0.00013040254000228844,0.2299654483795166,
NEWHORIZONS,SUN,32,PASS,1,32.0,100.0,0.00015569810260478793,0.22534489631652832,
NEWHORIZONS,SUN,64,PASS,1,64.0,100.0,0.0017774463735654878,0.2578444480895996,
NEWHORIZONS,SUN,128,PASS,1,128.0,100.0,0.06895718372284655,0.22609400749206543,
NEWHORIZONS,SUN,256,PASS,1,256.0,100.0,2.2322381855766658,0.27951812744140625,
NEWHORIZONS,SUN,365,PASS,1,365.0,100.0,6.135322624659178,0.3844010829925537,
OBERON,URANUS_SYSTEM_BARYCENTER,1,PASS,1,1.0,25.0,1.2811688672952746e-06,0.7280356884002686,
OBERON,URANUS_SYSTEM_BARYCENTER,2,PASS,1,2.0,25.0,0.0003271054017774037,0.43956542015075684,
OBERON,URANUS_SYSTEM_BARYCENTER,4,PASS,1,4.0,25.0,0.0031607650790240103,0.4497823715209961,
OBERON,URANUS_SYSTEM_BARYCENTER,8,PASS,1,8.0,25.0,0.04079260132036514,0.43781018257141113,
OBERON,URANUS_SYSTEM_BARYCENTER,16,PASS,1,16.0,25.0,1.274186501035555,0.4415414333343506,
OBERON,URANUS_SYSTEM_BARYCENTER,32,PASS,1,32.0,25.0,2.400211538575049,0.6848359107971191,
OBERON,URANUS_SYSTEM_BARYCENTER,64,PASS,1,64.0,25.0,15.241226302505595,1.0579984188079834,
OBERON,URANUS_SYSTEM_BARYCENTER,128,PASS,2,64.0,25.0,14.173991184997973,2.5406575202941895,
OBERON,URANUS_SYSTEM_BARYCENTER,256,PASS,4,64.0,25.0,9.77673604014136,4.437625408172607,
OBERON,URANUS_SYSTEM_BARYCENTER,365,PASS,8,45.625,25.0,0.7566791552635249,18.66398310661316,
ORCUS,SUN,1,PASS,1,1.0,2000.0,9.78388048586044e-06,0.6518967151641846,
ORCUS,SUN,2,PASS,1,2.0,2000.0,9.548656651735681e-06,0.31610536575317383,
ORCUS,SUN,4,PASS,1,4.0,2000.0,9.407720402216368e-06,0.28154706954956055,
ORCUS,SUN,8,PASS,1,8.0,2000.0,9.452928353118424e-06,0.31676483154296875,
ORCUS,SUN,16,PASS,1,16.0,2000.0,1.0285212807713982e-05,0.3011636734008789,
ORCUS,SUN,32,PASS,1,32.0,2000.0,1.4904498680198464e-05,0.2440040111541748,
ORCUS,SUN,64,PASS,1,64.0,2000.0,0.0018724651457896044,0.2536494731903076,
ORCUS,SUN,128,PASS,1,128.0,2000.0,0.06874245191998,0.2555367946624756,
ORCUS,SUN,256,PASS,1,256.0,2000.0,2.228280539878555,0.2806417942047119,
ORCUS,SUN,365,PASS,1,365.0,2000.0,6.129223285986289,0.42368316650390625,
ORUS,SUN,1,PASS,1,1.0,5000.0,6.137252677105849e-06,0.4134492874145508,
ORUS,SUN,2,PASS,1,2.0,5000.0,5.716843649226862e-06,0.23363161087036133,
ORUS,SUN,4,PASS,1,4.0,5000.0,4.6840159444687436e-06,0.22615861892700195,
ORUS,SUN,8,PASS,1,8.0,5000.0,5.659793717929095e-06,0.227020263671875,
ORUS,SUN,16,PASS,1,16.0,5000.0,4.938200754453654e-06,0.23391962051391602,
ORUS,SUN,32,PASS,1,32.0,5000.0,1.0424041253013777e-05,0.22299766540527344,
ORUS,SUN,64,PASS,1,64.0,5000.0,0.0018654750018047568,0.21454501152038574,
ORUS,SUN,128,PASS,1,128.0,5000.0,0.06875053373543917,0.22411775588989258,
ORUS,SUN,256,PASS,1,256.0,5000.0,2.2284905180061605,0.22969532012939453,
ORUS,SUN,365,PASS,1,365.0,5000.0,6.133271158598785,0.4051342010498047,
OUMUAMUA,SUN,1,PASS,1,1.0,5000.0,0.00026252213339363485,0.4331929683685303,
OUMUAMUA,SUN,2,PASS,1,2.0,5000.0,0.00025349804269159164,0.2702054977416992,
OUMUAMUA,SUN,4,PASS,1,4.0,5000.0,0.0002418650433982446,0.2352583408355713,
OUMUAMUA,SUN,8,PASS,1,8.0,5000.0,0.0002344099654500918,0.23857975006103516,
OUMUAMUA,SUN,16,PASS,1,16.0,5000.0,0.000240325927734375,0.2529611587524414,
OUMUAMUA,SUN,32,PASS,1,32.0,5000.0,0.0002678178301768204,0.23748111724853516,
OUMUAMUA,SUN,64,PASS,1,64.0,5000.0,0.001891324442207485,0.22106170654296875,
OUMUAMUA,SUN,128,PASS,1,128.0,5000.0,0.06888870453267304,0.22155237197875977,
OUMUAMUA,SUN,256,PASS,1,256.0,5000.0,2.228387362956235,0.2229008674621582,
OUMUAMUA,SUN,365,PASS,1,365.0,5000.0,6.129073767278302,0.3801844120025635,
PALLAS,SUN,1,PASS,1,1.0,5000.0,1.0215286708192174e-05,0.35027384757995605,
PALLAS,SUN,2,PASS,1,2.0,5000.0,8.868494656134738e-06,0.21500730514526367,
PALLAS,SUN,4,PASS,1,4.0,5000.0,8.38257535252506e-06,0.2167508602142334,
PALLAS,SUN,8,PASS,1,8.0,5000.0,9.489220439321562e-06,0.30108022689819336,
PALLAS,SUN,16,PASS,1,16.0,5000.0,8.379912802360816e-06,0.31672239303588867,
PALLAS,SUN,32,PASS,1,32.0,5000.0,1.5522433117094423e-05,0.2768998146057129,
PALLAS,SUN,64,PASS,1,64.0,5000.0,0.0018651511970253815,0.23481512069702148,
PALLAS,SUN,128,PASS,1,128.0,5000.0,0.06882283297057289,0.23224091529846191,
PALLAS,SUN,256,PASS,1,256.0,5000.0,2.2111972054133076,0.22759413719177246,
PALLAS,SUN,365,PASS,1,365.0,5000.0,6.800518832905201,0.37561607360839844,
PATROCLUS,SUN,1,PASS,1,1.0,5000.0,6.8041547727453965e-06,0.3543694019317627,
PATROCLUS,SUN,2,PASS,1,2.0,5000.0,5.97536563873291e-06,0.2118220329284668,
PATROCLUS,SUN,4,PASS,1,4.0,5000.0,5.579106986157893e-06,0.2122657299041748,
PATROCLUS,SUN,8,PASS,1,8.0,5000.0,6.3762519716819655e-06,0.22626304626464844,
PATROCLUS,SUN,16,PASS,1,16.0,5000.0,5.698812679930795e-06,0.24160313606262207,
PATROCLUS,SUN,32,PASS,1,32.0,5000.0,1.1732012679950049e-05,0.22221994400024414,
PATROCLUS,SUN,64,PASS,1,64.0,5000.0,0.0018718889418697087,0.23139357566833496,
PATROCLUS,SUN,128,PASS,1,128.0,5000.0,0.068745310833974,0.2206406593322754,
PATROCLUS,SUN,256,PASS,1,256.0,5000.0,2.2286161208563073,0.22672653198242188,
PATROCLUS,SUN,365,PASS,1,365.0,5000.0,6.125129413459847,0.36972832679748535,
PHOBOS,MARS_SYSTEM_BARYCENTER,1,PASS,1,1.0,25.0,1.527230850168212,0.9737815856933594,
PHOBOS,MARS_SYSTEM_BARYCENTER,2,PASS,1,2.0,25.0,1.7606794798849699,1.4578654766082764,
PHOBOS,MARS_SYSTEM_BARYCENTER,4,PASS,2,2.0,25.0,1.5176765881543517,2.827453374862671,
PHOBOS,MARS_SYSTEM_BARYCENTER,8,PASS,4,2.0,25.0,1.427195827351478,5.564892053604126,
PHOBOS,MARS_SYSTEM_BARYCENTER,16,PASS,8,2.0,25.0,0.9814065478746455,11.023744344711304,
PHOBOS,MARS_SYSTEM_BARYCENTER,32,PASS,16,2.0,25.0,1.6159450479788686,22.54724431037903,
PHOBOS,MARS_SYSTEM_BARYCENTER,64,PASS,32,2.0,25.0,1.7330761827522216,89.03867053985596,
PHOBOS,MARS_SYSTEM_BARYCENTER,128,PASS,64,2.0,25.0,1.7514733511150422,192.80850386619568,
PHOBOS,MARS_SYSTEM_BARYCENTER,256,PASS,128,2.0,25.0,0.6044802735817438,383.40162897109985,
PHOBOS,MARS_SYSTEM_BARYCENTER,365,PASS,256,1.42578125,25.0,0.9751561108069898,610.881671667099,
PHOEBE,SATURN_SYSTEM_BARYCENTER,1,PASS,1,1.0,25.0,1.1333744758212832e-06,0.7035572528839111,
PHOEBE,SATURN_SYSTEM_BARYCENTER,2,PASS,1,2.0,25.0,1.0692968857843628e-06,0.4279007911682129,
PHOEBE,SATURN_SYSTEM_BARYCENTER,4,PASS,1,4.0,25.0,1.000513154751708e-06,0.4264225959777832,
PHOEBE,SATURN_SYSTEM_BARYCENTER,8,PASS,1,8.0,25.0,0.0008784127361803705,0.43415403366088867,
PHOEBE,SATURN_SYSTEM_BARYCENTER,16,PASS,1,16.0,25.0,0.0022454158990982184,0.43573427200317383,
PHOEBE,SATURN_SYSTEM_BARYCENTER,32,PASS,1,32.0,25.0,0.01298379937786912,0.43621277809143066,
PHOEBE,SATURN_SYSTEM_BARYCENTER,64,PASS,1,64.0,25.0,0.049044619083207994,0.42424988746643066,
PHOEBE,SATURN_SYSTEM_BARYCENTER,128,PASS,1,128.0,25.0,0.03836584126394906,0.6234915256500244,
PHOEBE,SATURN_SYSTEM_BARYCENTER,256,PASS,1,256.0,25.0,8.590067510110352,0.45302271842956543,
PHOEBE,SATURN_SYSTEM_BARYCENTER,365,PASS,1,365.0,25.0,0.05876903019254057,0.8615281581878662,
PIONEER10,SUN,1,PASS,1,1.0,100.0,0.0001535386031913613,0.6923375129699707,
PIONEER10,SUN,2,PASS,1,2.0,100.0,0.0001379667155998345,0.4342226982116699,
PIONEER10,SUN,4,PASS,1,4.0,100.0,0.00013934092325461488,0.41951870918273926,
PIONEER10,SUN,8,PASS,1,8.0,100.0,0.00015373987221822078,0.4294319152832031,
PIONEER10,SUN,16,PASS,1,16.0,100.0,0.00012293154178102126,0.4230940341949463,
PIONEER10,SUN,32,PASS,1,32.0,100.0,0.0001531619954258534,0.40804505348205566,
PIONEER10,SUN,64,PASS,1,64.0,100.0,0.0019457753765674598,0.42354559898376465,
PIONEER10,SUN,128,PASS,1,128.0,100.0,0.0689363290159114,0.4188058376312256,
PIONEER10,SUN,256,PASS,1,256.0,100.0,2.2320854593812802,0.4141521453857422,
PIONEER10,SUN,365,PASS,1,365.0,100.0,6.135447167313233,0.6757919788360596,
PIONEER11,SUN,1,PASS,1,1.0,100.0,0.0001299239072107422,0.3584902286529541,
PIONEER11,SUN,2,PASS,1,2.0,100.0,0.00013519321553550224,0.2181549072265625,
PIONEER11,SUN,4,PASS,1,4.0,100.0,0.00014435491888751604,0.20894956588745117,
PIONEER11,SUN,8,PASS,1,8.0,100.0,0.00011701859779493688,0.21811795234680176,
PIONEER11,SUN,16,PASS,1,16.0,100.0,0.00013669184011206754,0.21988224983215332,
PIONEER11,SUN,32,PASS,1,32.0,100.0,0.00011520133110459518,0.21087861061096191,
PIONEER11,SUN,64,PASS,1,64.0,100.0,0.0017945667463972021,0.27341341972351074,
PIONEER11,SUN,128,PASS,1,128.0,100.0,0.06895837817043259,0.21883010864257812,
PIONEER11,SUN,256,PASS,1,256.0,100.0,2.232241058620277,0.2224898338317871,
PIONEER11,SUN,365,PASS,1,365.0,100.0,6.135282187564123,0.3396611213684082,
PLUTO,SUN,1,PASS,1,1.0,2000.0,0.0007865430731309196,0.3945803642272949,
PLUTO,SUN,2,PASS,1,2.0,2000.0,0.0014256492076689848,0.25215816497802734,
PLUTO,SUN,4,PASS,1,4.0,2000.0,0.004915563830568723,0.2319350242614746,
PLUTO,SUN,8,PASS,1,8.0,2000.0,0.011862863922357294,0.23778080940246582,
PLUTO,SUN,16,PASS,1,16.0,2000.0,11.81760919389099,0.23889589309692383,
PLUTO,SUN,32,PASS,1,32.0,2000.0,3.229335671748153,0.596137285232544,
PLUTO,SUN,64,PASS,1,64.0,2000.0,55.471437821006454,0.7808952331542969,
PLUTO,SUN,128,PASS,2,64.0,2000.0,67.07465089895304,2.0235679149627686,
PLUTO,SUN,256,PASS,4,64.0,2000.0,56.11129504769764,4.097476482391357,
PLUTO,SUN,365,PASS,4,91.25,2000.0,157.47288580979625,9.107707262039185,
PLUTO_SYSTEM_BARYCENTER,SUN,1,PASS,1,1.0,5000.0,6.848052318737541e-06,0.3283405303955078,
PLUTO_SYSTEM_BARYCENTER,SUN,2,PASS,1,2.0,5000.0,6.760333480242646e-06,0.2039482593536377,
PLUTO_SYSTEM_BARYCENTER,SUN,4,PASS,1,4.0,5000.0,5.898149908472529e-06,0.21435260772705078,
PLUTO_SYSTEM_BARYCENTER,SUN,8,PASS,1,8.0,5000.0,6.4373016357421875e-06,0.24383544921875,
PLUTO_SYSTEM_BARYCENTER,SUN,16,PASS,1,16.0,5000.0,6.995869041023831e-06,0.21586084365844727,
PLUTO_SYSTEM_BARYCENTER,SUN,32,PASS,1,32.0,5000.0,1.2215317208718776e-05,0.21588373184204102,
PLUTO_SYSTEM_BARYCENTER,SUN,64,PASS,1,64.0,5000.0,0.0018659476376656616,0.19860076904296875,
PLUTO_SYSTEM_BARYCENTER,SUN,128,PASS,1,128.0,5000.0,0.06874165935258918,0.2045304775238037,
PLUTO_SYSTEM_BARYCENTER,SUN,256,PASS,1,256.0,5000.0,2.228285524243644,0.23317837715148926,
PLUTO_SYSTEM_BARYCENTER,SUN,365,PASS,1,365.0,5000.0,6.129216381379974,0.3276684284210205,
POLYMELE,SUN,1,PASS,1,1.0,5000.0,6.161589612273918e-06,0.35703372955322266,
POLYMELE,SUN,2,PASS,1,2.0,5000.0,5.701597875985668e-06,0.24966096878051758,
POLYMELE,SUN,4,PASS,1,4.0,5000.0,4.987327605411741e-06,0.2331376075744629,
POLYMELE,SUN,8,PASS,1,8.0,5000.0,5.926991889312769e-06,0.2162332534790039,
POLYMELE,SUN,16,PASS,1,16.0,5000.0,6.383543365235466e-06,0.21371054649353027,
POLYMELE,SUN,32,PASS,1,32.0,5000.0,1.0802139429064197e-05,0.24963736534118652,
POLYMELE,SUN,64,PASS,1,64.0,5000.0,0.0018693255067505918,0.2203054428100586,
POLYMELE,SUN,128,PASS,1,128.0,5000.0,0.06875467328710803,0.21015357971191406,
POLYMELE,SUN,256,PASS,1,256.0,5000.0,2.229133159465836,0.21889877319335938,
POLYMELE,SUN,365,PASS,1,365.0,5000.0,6.132784048472527,0.4079151153564453,
PSYCHE,SUN,1,PASS,1,1.0,5000.0,8.466725185424967e-06,0.5236985683441162,
PSYCHE,SUN,2,PASS,1,2.0,5000.0,7.4916847561992535e-06,0.22299408912658691,
PSYCHE,SUN,4,PASS,1,4.0,5000.0,6.915440315173451e-06,0.2490687370300293,
PSYCHE,SUN,8,PASS,1,8.0,5000.0,7.805342878695528e-06,0.22147750854492188,
PSYCHE,SUN,16,PASS,1,16.0,5000.0,6.955065108326949e-06,0.23241162300109863,
PSYCHE,SUN,32,PASS,1,32.0,5000.0,1.5007522808087868e-05,0.21975135803222656,
PSYCHE,SUN,64,PASS,1,64.0,5000.0,0.0018714749785952063,0.24751996994018555,
PSYCHE,SUN,128,PASS,1,128.0,5000.0,0.06873162490331972,0.21308422088623047,
PSYCHE,SUN,256,PASS,1,256.0,5000.0,2.237150587252588,0.2390284538269043,
PSYCHE,SUN,365,PASS,1,365.0,5000.0,6.144813550156014,0.3643190860748291,
QUAOAR,SUN,1,PASS,1,1.0,2000.0,9.559997875896359e-06,0.369279146194458,
QUAOAR,SUN,2,PASS,1,2.0,2000.0,9.556466806683612e-06,0.23197364807128906,
QUAOAR,SUN,4,PASS,1,4.0,2000.0,9.557442627296247e-06,0.2166585922241211,
QUAOAR,SUN,8,PASS,1,8.0,2000.0,1.0498880635499402e-05,0.21034741401672363,
QUAOAR,SUN,16,PASS,1,16.0,2000.0,9.54214330609104e-06,0.22699642181396484,
QUAOAR,SUN,32,PASS,1,32.0,2000.0,1.540030503704731e-05,0.24588227272033691,
QUAOAR,SUN,64,PASS,1,64.0,2000.0,0.0018672923099874342,0.2746305465698242,
QUAOAR,SUN,128,PASS,1,128.0,2000.0,0.06873790890383476,0.2247600555419922,
QUAOAR,SUN,256,PASS,1,256.0,2000.0,2.228281293360035,0.2384791374206543,
QUAOAR,SUN,365,PASS,1,365.0,2000.0,6.129222010554909,0.3416905403137207,
RHEA,SATURN_SYSTEM_BARYCENTER,1,PASS,1,1.0,25.0,0.0006830221176540129,1.032625675201416,
RHEA,SATURN_SYSTEM_BARYCENTER,2,PASS,1,2.0,25.0,0.003296565119744029,0.8159976005554199,
RHEA,SATURN_SYSTEM_BARYCENTER,4,PASS,1,4.0,25.0,0.08418952151356734,1.552701473236084,
RHEA,SATURN_SYSTEM_BARYCENTER,8,PASS,1,8.0,25.0,0.035874668973839265,2.097965717315674,
RHEA,SATURN_SYSTEM_BARYCENTER,16,PASS,1,16.0,25.0,0.25656148659075334,1.6706733703613281,
RHEA,SATURN_SYSTEM_BARYCENTER,32,PASS,2,16.0,25.0,0.46331263639013176,2.604318380355835,
RHEA,SATURN_SYSTEM_BARYCENTER,64,PASS,3,21.333333333333332,25.0,18.492710648417276,3.030515432357788,
RHEA,SATURN_SYSTEM_BARYCENTER,128,PASS,5,25.6,25.0,15.460568108997142,5.710775375366211,
RHEA,SATURN_SYSTEM_BARYCENTER,256,PASS,13,19.692307692307693,25.0,6.054039530089275,18.225942850112915,
RHEA,SATURN_SYSTEM_BARYCENTER,365,PASS,16,22.8125,25.0,15.067454868514607,37.65219020843506,
RYUGU,SUN,1,PASS,1,1.0,5000.0,1.4925812004741221e-05,0.8115830421447754,
RYUGU,SUN,2,PASS,1,2.0,5000.0,1.2995563254295584e-05,0.46163225173950195,
RYUGU,SUN,4,PASS,1,4.0,5000.0,1.2193920779183536e-05,0.410264253616333,
RYUGU,SUN,8,PASS,1,8.0,5000.0,1.3916776393990424e-05,0.4277505874633789,
RYUGU,SUN,16,PASS,1,16.0,5000.0,1.2322854052317135e-05,0.5103728771209717,
RYUGU,SUN,32,PASS,1,32.0,5000.0,2.4523906227872206e-05,0.4576761722564697,
RYUGU,SUN,64,PASS,1,64.0,5000.0,0.0022131456992522036,0.44106054306030273,
RYUGU,SUN,128,PASS,1,128.0,5000.0,2.752522051045186,0.4203619956970215,
RYUGU,SUN,256,PASS,1,256.0,5000.0,1012.1902795620256,0.45995545387268066,
RYUGU,SUN,365,PASS,1,365.0,5000.0,1.08907405587218,0.9966394901275635,
SALACIA,SUN,1,PASS,1,1.0,2000.0,8.662997388374407e-06,0.3501601219177246,
SALACIA,SUN,2,PASS,1,2.0,2000.0,9.588940646444515e-06,0.23859643936157227,
SALACIA,SUN,4,PASS,1,4.0,2000.0,9.597319574495865e-06,0.2210986614227295,
SALACIA,SUN,8,PASS,1,8.0,2000.0,7.764177078215495e-06,0.22849583625793457,
SALACIA,SUN,16,PASS,1,16.0,2000.0,7.764177078215495e-06,0.32804393768310547,
SALACIA,SUN,32,PASS,1,32.0,2000.0,9.169095084770074e-06,0.3283355236053467,
SALACIA,SUN,64,PASS,1,64.0,2000.0,0.0018657320535955266,0.2696402072906494,
SALACIA,SUN,128,PASS,1,128.0,2000.0,0.0687466339528186,0.23279142379760742,
SALACIA,SUN,256,PASS,1,256.0,2000.0,2.2282947673358913,0.22559666633605957,
SALACIA,SUN,365,PASS,1,365.0,2000.0,6.129214598407088,0.3827550411224365,
SATURN,SUN,1,PASS,1,1.0,2000.0,1.4930127236944523e-05,0.3831186294555664,
SATURN,SUN,2,PASS,1,2.0,2000.0,0.00010654961736720086,0.22362136840820312,
SATURN,SUN,4,PASS,1,4.0,2000.0,0.008223112004157197,0.21919035911560059,
SATURN,SUN,8,PASS,1,8.0,2000.0,0.21766618988561195,0.22511577606201172,
SATURN,SUN,16,PASS,1,16.0,2000.0,2.0323520736146405,0.22427582740783691,
SATURN,SUN,32,PASS,1,32.0,2000.0,5.447410991919874,0.22039341926574707,
SATURN,SUN,64,PASS,1,64.0,2000.0,136.9427223879966,0.23286771774291992,
SATURN,SUN,128,PASS,1,128.0,2000.0,499.13162877151603,0.21903204917907715,
SATURN,SUN,256,PASS,1,256.0,2000.0,502.1900013944358,0.22019624710083008,
SATURN,SUN,365,PASS,1,365.0,2000.0,462.1138222281784,0.3591339588165283,
SATURN_SYSTEM_BARYCENTER,SUN,1,PASS,1,1.0,5000.0,4.439789760092839e-06,0.3457672595977783,
SATURN_SYSTEM_BARYCENTER,SUN,2,PASS,1,2.0,5000.0,4.120898969965128e-06,0.22040486335754395,
SATURN_SYSTEM_BARYCENTER,SUN,4,PASS,1,4.0,5000.0,3.43853426029491e-06,0.2015857696533203,
SATURN_SYSTEM_BARYCENTER,SUN,8,PASS,1,8.0,5000.0,4.484661626955397e-06,0.2047123908996582,
SATURN_SYSTEM_BARYCENTER,SUN,16,PASS,1,16.0,5000.0,3.5770069660430626e-06,0.21925973892211914,
SATURN_SYSTEM_BARYCENTER,SUN,32,PASS,1,32.0,5000.0,8.864061929645313e-06,0.2015061378479004,
SATURN_SYSTEM_BARYCENTER,SUN,64,PASS,1,64.0,5000.0,0.0018687135347887377,0.20766043663024902,
SATURN_SYSTEM_BARYCENTER,SUN,128,PASS,1,128.0,5000.0,0.0687437112695189,0.2163221836090088,
SATURN_SYSTEM_BARYCENTER,SUN,256,PASS,1,256.0,5000.0,2.228271343145195,0.22209739685058594,
SATURN_SYSTEM_BARYCENTER,SUN,365,PASS,1,365.0,5000.0,6.128819724534569,0.10711860656738281,
SEDNA,SUN,1,PASS,1,1.0,2000.0,2.700978410982972e-05,0.36163949966430664,
SEDNA,SUN,2,PASS,1,2.0,2000.0,2.7007679478657334e-05,0.2380962371826172,
SEDNA,SUN,4,PASS,1,4.0,2000.0,2.316098753916692e-05,0.22905921936035156,
SEDNA,SUN,8,PASS,1,8.0,2000.0,2.316098753916692e-05,0.22789764404296875,
SEDNA,SUN,16,PASS,1,16.0,2000.0,3.074952730255671e-05,0.22864794731140137,
SEDNA,SUN,32,PASS,1,32.0,2000.0,3.4571516092982516e-05,0.22439956665039062,
SEDNA,SUN,64,PASS,1,64.0,2000.0,0.0018692418168337911,0.22603726387023926,
SEDNA,SUN,128,PASS,1,128.0,2000.0,0.06873107655869198,0.21805906295776367,
SEDNA,SUN,256,PASS,1,256.0,2000.0,2.228270538338065,0.2149500846862793,
SEDNA,SUN,365,PASS,1,365.0,2000.0,6.129241120082596,0.3567836284637451,
STEINS,SUN,1,PASS,1,1.0,5000.0,8.21531167061743e-06,0.4033224582672119,
STEINS,SUN,2,PASS,1,2.0,5000.0,7.094400434952164e-06,0.22854351997375488,
STEINS,SUN,4,PASS,1,4.0,5000.0,6.726151936890559e-06,0.21885180473327637,
STEINS,SUN,8,PASS,1,8.0,5000.0,7.675640927863757e-06,0.21919488906860352,
STEINS,SUN,16,PASS,1,16.0,5000.0,6.6817439551886565e-06,0.26042985916137695,
STEINS,SUN,32,PASS,1,32.0,5000.0,7.881471456516733e-06,0.2618241310119629,
STEINS,SUN,64,PASS,1,64.0,5000.0,0.0018604112404400752,0.3288381099700928,
STEINS,SUN,128,PASS,1,128.0,5000.0,0.06861719042877347,0.31995654106140137,
STEINS,SUN,256,PASS,1,256.0,5000.0,2.23545397142136,0.21576213836669922,
STEINS,SUN,365,PASS,1,365.0,5000.0,6.0205110465480285,0.35263681411743164,
SUN,SUN,1,PASS,1,1.0,5000.0,0.0,0.0013823509216308594,
SUN,SUN,2,PASS,1,2.0,5000.0,0.0,0.0016338825225830078,
SUN,SUN,4,PASS,1,4.0,5000.0,0.0,0.0018854141235351562,
SUN,SUN,8,PASS,1,8.0,5000.0,0.0,0.001394033432006836,
SUN,SUN,16,PASS,1,16.0,5000.0,0.0,0.0014955997467041016,
SUN,SUN,32,PASS,1,32.0,5000.0,0.0,0.0014119148254394531,
SUN,SUN,64,PASS,1,64.0,5000.0,0.0,0.0014536380767822266,
SUN,SUN,128,PASS,1,128.0,5000.0,0.0,0.0014770030975341797,
SUN,SUN,256,PASS,1,256.0,5000.0,0.0,0.0014197826385498047,
SUN,SUN,365,PASS,1,365.0,5000.0,0.0,0.0014789104461669922,
SWIFTTUTTLE,SUN,1,PASS,1,1.0,5000.0,8.543240007004221e-06,0.4042832851409912,
SWIFTTUTTLE,SUN,2,PASS,1,2.0,5000.0,9.371397021786473e-06,0.22023987770080566,
SWIFTTUTTLE,SUN,4,PASS,1,4.0,5000.0,9.286089942050194e-06,0.223466157913208,
SWIFTTUTTLE,SUN,8,PASS,1,8.0,5000.0,9.209255178369506e-06,0.2149345874786377,
SWIFTTUTTLE,SUN,16,PASS,1,16.0,5000.0,9.763524641725193e-06,0.22043514251708984,
SWIFTTUTTLE,SUN,32,PASS,1,32.0,5000.0,1.5874094487874323e-05,0.21651101112365723,
SWIFTTUTTLE,SUN,64,PASS,1,64.0,5000.0,0.0018719737294857909,0.2143850326538086,
SWIFTTUTTLE,SUN,128,PASS,1,128.0,5000.0,0.06873992872904629,0.21796822547912598,
SWIFTTUTTLE,SUN,256,PASS,1,256.0,5000.0,2.2282812306154622,0.22057819366455078,
SWIFTTUTTLE,SUN,365,PASS,1,365.0,5000.0,6.129223120561284,0.39948582649230957,
TEMPEL1,SUN,1,PASS,1,1.0,5000.0,6.7856794232011116e-06,0.35628724098205566,
TEMPEL1,SUN,2,PASS,1,2.0,5000.0,6.4229287785025895e-06,0.22397756576538086,
TEMPEL1,SUN,4,PASS,1,4.0,5000.0,5.5637444451004775e-06,0.2285771369934082,
TEMPEL1,SUN,8,PASS,1,8.0,5000.0,6.232338300744817e-06,0.21930480003356934,
TEMPEL1,SUN,16,PASS,1,16.0,5000.0,5.86500315571664e-06,0.22447872161865234,
TEMPEL1,SUN,32,PASS,1,32.0,5000.0,1.3879821754858235e-05,0.23600530624389648,
TEMPEL1,SUN,64,PASS,1,64.0,5000.0,0.0018780160575742918,0.24850010871887207,
TEMPEL1,SUN,128,PASS,1,128.0,5000.0,0.068758662328326,0.22323966026306152,
TEMPEL1,SUN,256,PASS,1,256.0,5000.0,2.2280923579272294,0.24096417427062988,
TEMPEL1,SUN,365,PASS,1,365.0,5000.0,6.129260720336987,0.36626243591308594,
TETHYS,SATURN_SYSTEM_BARYCENTER,1,PASS,1,1.0,25.0,0.0013295668961528042,0.40267252922058105,
TETHYS,SATURN_SYSTEM_BARYCENTER,2,PASS,1,2.0,25.0,0.06953105634254814,0.2437586784362793,
TETHYS,SATURN_SYSTEM_BARYCENTER,4,PASS,1,4.0,25.0,0.016604516474184792,0.4705793857574463,
TETHYS,SATURN_SYSTEM_BARYCENTER,8,PASS,1,8.0,25.0,12.102282249443254,0.453153133392334,
TETHYS,SATURN_SYSTEM_BARYCENTER,16,PASS,2,8.0,25.0,13.432611439402402,2.000767707824707,
TETHYS,SATURN_SYSTEM_BARYCENTER,32,PASS,4,8.0,25.0,14.910547778328155,4.209238767623901,
TETHYS,SATURN_SYSTEM_BARYCENTER,64,PASS,7,9.142857142857142,25.0,13.532688327506667,6.502655267715454,
TETHYS,SATURN_SYSTEM_BARYCENTER,128,PASS,15,8.533333333333333,25.0,12.710750243531805,18.869171857833862,
TETHYS,SATURN_SYSTEM_BARYCENTER,256,PASS,29,8.827586206896552,25.0,18.796440279326283,31.95527219772339,
TETHYS,SATURN_SYSTEM_BARYCENTER,365,PASS,32,11.40625,25.0,20.41099687728495,72.61935234069824,
THEMIS,SUN,1,PASS,1,1.0,5000.0,8.232094452202365e-06,0.690568208694458,
THEMIS,SUN,2,PASS,1,2.0,5000.0,7.261883013149375e-06,0.4442479610443115,
THEMIS,SUN,4,PASS,1,4.0,5000.0,6.748513435851502e-06,0.4500460624694824,
THEMIS,SUN,8,PASS,1,8.0,5000.0,7.54484496682734e-06,0.4432103633880615,
THEMIS,SUN,16,PASS,1,16.0,5000.0,6.739757939946412e-06,0.42647385597229004,
THEMIS,SUN,32,PASS,1,32.0,5000.0,1.4143823754749424e-05,0.41984105110168457,
THEMIS,SUN,64,PASS,1,64.0,5000.0,0.0018625206981635939,0.462660551071167,
THEMIS,SUN,128,PASS,1,128.0,5000.0,0.06876096080971471,0.45711421966552734,
THEMIS,SUN,256,PASS,1,256.0,5000.0,2.23100320890483,0.5130794048309326,
THEMIS,SUN,365,PASS,1,365.0,5000.0,6.1547308398964775,0.8349792957305908,
TITAN,SATURN_SYSTEM_BARYCENTER,1,PASS,1,1.0,25.0,2.895176905395486e-06,2.0013129711151123,
TITAN,SATURN_SYSTEM_BARYCENTER,2,PASS,1,2.0,25.0,2.4738656935756526e-06,0.7086014747619629,
TITAN,SATURN_SYSTEM_BARYCENTER,4,PASS,1,4.0,25.0,0.0003850489642341637,0.7560405731201172,
TITAN,SATURN_SYSTEM_BARYCENTER,8,PASS,1,8.0,25.0,0.014406901650334897,0.603285551071167,
TITAN,SATURN_SYSTEM_BARYCENTER,16,PASS,1,16.0,25.0,12.628828583210876,0.5065112113952637,
TITAN,SATURN_SYSTEM_BARYCENTER,32,PASS,1,32.0,25.0,9.145433233552277,0.7764256000518799,
TITAN,SATURN_SYSTEM_BARYCENTER,64,PASS,1,64.0,25.0,10.252221076862028,1.4687857627868652,
TITAN,SATURN_SYSTEM_BARYCENTER,128,PASS,2,64.0,25.0,9.082786699624796,2.779899835586548,
TITAN,SATURN_SYSTEM_BARYCENTER,256,PASS,4,64.0,25.0,7.5761695226596055,5.711896896362305,
TITAN,SATURN_SYSTEM_BARYCENTER,365,PASS,8,45.625,25.0,3.034686086885039,17.8270320892334,
TITANIA,URANUS_SYSTEM_BARYCENTER,1,PASS,1,1.0,25.0,1.7059857297426006e-06,0.7245833873748779,
TITANIA,URANUS_SYSTEM_BARYCENTER,2,PASS,1,2.0,25.0,0.000566065544047502,0.630016565322876,
TITANIA,URANUS_SYSTEM_BARYCENTER,4,PASS,1,4.0,25.0,0.0069169182764320485,0.4420738220214844,
TITANIA,URANUS_SYSTEM_BARYCENTER,8,PASS,1,8.0,25.0,0.2773954914559751,0.43506956100463867,
TITANIA,URANUS_SYSTEM_BARYCENTER,16,PASS,1,16.0,25.0,0.1313278047158707,0.6485135555267334,
TITANIA,URANUS_SYSTEM_BARYCENTER,32,PASS,1,32.0,25.0,1.0738538074839608,0.9308140277862549,
TITANIA,URANUS_SYSTEM_BARYCENTER,64,PASS,1,64.0,25.0,16.517495507203854,1.5549826622009277,
TITANIA,URANUS_SYSTEM_BARYCENTER,128,PASS,3,42.666666666666664,25.0,7.9696713890797435,4.421220779418945,
TITANIA,URANUS_SYSTEM_BARYCENTER,256,PASS,7,36.57142857142857,25.0,5.242449511317787,9.03476858139038,
TITANIA,URANUS_SYSTEM_BARYCENTER,365,PASS,8,45.625,25.0,3.7558938742813353,25.2093346118927,
TOUTATIS,SUN,1,PASS,1,1.0,5000.0,1.8081766468040605e-05,0.9739439487457275,
TOUTATIS,SUN,2,PASS,1,2.0,5000.0,1.5735623314798384e-05,0.533416748046875,
TOUTATIS,SUN,4,PASS,1,4.0,5000.0,1.477709682982945e-05,0.4806244373321533,
TOUTATIS,SUN,8,PASS,1,8.0,5000.0,1.7005247020069405e-05,0.43852782249450684,
TOUTATIS,SUN,16,PASS,1,16.0,5000.0,1.5307908596296807e-05,0.49474096298217773,
TOUTATIS,SUN,32,PASS,1,32.0,5000.0,9.241685196398489e-05,0.4516713619232178,
TOUTATIS,SUN,64,PASS,1,64.0,5000.0,0.2675829130605579,0.48219728469848633,
TOUTATIS,SUN,128,PASS,1,128.0,5000.0,148.14907865456428,0.511772871017456,
TOUTATIS,SUN,256,PASS,1,256.0,5000.0,2.886255729078437,0.6710469722747803,
TOUTATIS,SUN,365,PASS,1,365.0,5000.0,53.11334584016424,0.9622063636779785,
TRITON,NEPTUNE_SYSTEM_BARYCENTER,1,PASS,1,1.0,25.0,2.4512608045561083e-06,0.813814640045166,
TRITON,NEPTUNE_SYSTEM_BARYCENTER,2,PASS,1,2.0,25.0,0.0001672952703033592,0.456451416015625,
TRITON,NEPTUNE_SYSTEM_BARYCENTER,4,PASS,1,4.0,25.0,0.0008051374947055952,0.47172975540161133,
TRITON,NEPTUNE_SYSTEM_BARYCENTER,8,PASS,1,8.0,25.0,1.4546605925139802,0.4626896381378174,
TRITON,NEPTUNE_SYSTEM_BARYCENTER,16,PASS,1,16.0,25.0,0.13099800844746076,0.7763328552246094,
TRITON,NEPTUNE_SYSTEM_BARYCENTER,32,PASS,1,32.0,25.0,0.6329555363779261,0.9487817287445068,
TRITON,NEPTUNE_SYSTEM_BARYCENTER,64,PASS,1,64.0,25.0,11.820646549295168,1.6658003330230713,
TRITON,NEPTUNE_SYSTEM_BARYCENTER,128,PASS,2,64.0,25.0,8.55589236422306,2.81440806388855,
TRITON,NEPTUNE_SYSTEM_BARYCENTER,256,PASS,4,64.0,25.0,9.559170802160839,5.530603647232056,
TRITON,NEPTUNE_SYSTEM_BARYCENTER,365,PASS,8,45.625,25.0,13.17249521472258,17.111377239227295,
UMBRIEL,URANUS_SYSTEM_BARYCENTER,1,PASS,1,1.0,25.0,7.078476555090578e-05,0.7145380973815918,
UMBRIEL,URANUS_SYSTEM_BARYCENTER,2,PASS,1,2.0,25.0,0.000125398064980226,0.512270450592041,
UMBRIEL,URANUS_SYSTEM_BARYCENTER,4,PASS,1,4.0,25.0,0.12723237522770972,0.45829272270202637,
UMBRIEL,URANUS_SYSTEM_BARYCENTER,8,PASS,1,8.0,25.0,0.2152937410124213,0.6775164604187012,
UMBRIEL,URANUS_SYSTEM_BARYCENTER,16,PASS,1,16.0,25.0,0.39487624524302156,1.0156056880950928,
UMBRIEL,URANUS_SYSTEM_BARYCENTER,32,PASS,2,16.0,25.0,0.7867697639393648,3.833327531814575,
UMBRIEL,URANUS_SYSTEM_BARYCENTER,64,PASS,4,16.0,25.0,0.7796542354447915,5.682266712188721,
UMBRIEL,URANUS_SYSTEM_BARYCENTER,128,PASS,8,16.0,25.0,0.5916047906903168,9.53552794456482,
UMBRIEL,URANUS_SYSTEM_BARYCENTER,256,PASS,16,16.0,25.0,1.1061697817926706,19.718648433685303,
UMBRIEL,URANUS_SYSTEM_BARYCENTER,365,PASS,16,22.8125,25.0,2.2316032702896442,44.66454529762268,
URANUS,SUN,1,PASS,1,1.0,2000.0,4.164607976970392e-06,0.6935858726501465,
URANUS,SUN,2,PASS,1,2.0,2000.0,0.008248519542644817,0.4329564571380615,
URANUS,SUN,4,PASS,1,4.0,2000.0,0.006253281925476478,0.4261503219604492,
URANUS,SUN,8,PASS,1,8.0,2000.0,0.3446208345668287,0.4493727684020996,
URANUS,SUN,16,PASS,1,16.0,2000.0,5.706205171799463,0.4749164581298828,
URANUS,SUN,32,PASS,1,32.0,2000.0,10.454181027209703,0.4820108413696289,
URANUS,SUN,64,PASS,1,64.0,2000.0,45.769640722907674,0.4765164852142334,
URANUS,SUN,128,PASS,1,128.0,2000.0,61.76371652267175,0.4515066146850586,
URANUS,SUN,256,PASS,1,256.0,2000.0,58.650091889265745,0.44045519828796387,
URANUS,SUN,365,PASS,1,365.0,2000.0,48.243335104607965,0.7219691276550293,
URANUS_SYSTEM_BARYCENTER,SUN,1,PASS,1,1.0,5000.0,3.733002978605542e-06,0.46416330337524414,
URANUS_SYSTEM_BARYCENTER,SUN,2,PASS,1,2.0,5000.0,4.6965141242668305e-06,0.2997324466705322,
URANUS_SYSTEM_BARYCENTER,SUN,4,PASS,1,4.0,5000.0,3.732317019570653e-06,0.21572136878967285,
URANUS_SYSTEM_BARYCENTER,SUN,8,PASS,1,8.0,5000.0,4.523827866826021e-06,0.2073814868927002,
URANUS_SYSTEM_BARYCENTER,SUN,16,PASS,1,16.0,5000.0,4.3972882322214e-06,0.21663951873779297,
URANUS_SYSTEM_BARYCENTER,SUN,32,PASS,1,32.0,5000.0,1.0656247433318417e-05,0.21966838836669922,
URANUS_SYSTEM_BARYCENTER,SUN,64,PASS,1,64.0,5000.0,0.001864847726496441,0.21505284309387207,
URANUS_SYSTEM_BARYCENTER,SUN,128,PASS,1,128.0,5000.0,0.06874222373417047,0.20548796653747559,
URANUS_SYSTEM_BARYCENTER,SUN,256,PASS,1,256.0,5000.0,2.228287587774645,0.20174789428710938,
URANUS_SYSTEM_BARYCENTER,SUN,365,PASS,1,365.0,5000.0,6.129196285890312,0.10300350189208984,
VARUNA,SUN,1,PASS,1,1.0,2000.0,8.958956827190368e-06,0.43673110008239746,
VARUNA,SUN,2,PASS,1,2.0,2000.0,9.455934531713457e-06,0.21207976341247559,
VARUNA,SUN,4,PASS,1,4.0,2000.0,8.425997279678484e-06,0.21650433540344238,
VARUNA,SUN,8,PASS,1,8.0,2000.0,8.92399180994649e-06,0.22335243225097656,
VARUNA,SUN,16,PASS,1,16.0,2000.0,9.012726865499401e-06,0.2289268970489502,
VARUNA,SUN,32,PASS,1,32.0,2000.0,9.63458888586843e-06,0.2253427505493164,
VARUNA,SUN,64,PASS,1,64.0,2000.0,0.001872225488102304,0.22818303108215332,
VARUNA,SUN,128,PASS,1,128.0,2000.0,0.0687484503782035,0.21570777893066406,
VARUNA,SUN,256,PASS,1,256.0,2000.0,2.228292656181119,0.24259018898010254,
VARUNA,SUN,365,PASS,1,365.0,2000.0,6.129209038029762,0.38211703300476074,
VENUS,SUN,1,PASS,1,1.0,2000.0,1.5936084898888963e-05,0.35709166526794434,
VENUS,SUN,2,PASS,1,2.0,2000.0,1.3898157080297721e-05,0.23896574974060059,
VENUS,SUN,4,PASS,1,4.0,2000.0,1.3023982006086869e-05,0.22214722633361816,
VENUS,SUN,8,PASS,1,8.0,2000.0,1.474716807591505e-05,0.2526845932006836,
VENUS,SUN,16,PASS,1,16.0,2000.0,1.3157386235564886e-05,0.23409032821655273,
VENUS,SUN,32,PASS,1,32.0,2000.0,1.7453679823966412e-05,0.24880599975585938,
VENUS,SUN,64,PASS,1,64.0,2000.0,0.0018656289304088232,0.22684574127197266,
VENUS,SUN,128,PASS,1,128.0,2000.0,0.27050791880268127,0.22496485710144043,
VENUS,SUN,256,PASS,1,256.0,2000.0,971.5483721542624,0.21464228630065918,
VENUS,SUN,365,PASS,1,365.0,2000.0,1.24929238596285,0.5714993476867676,
VENUS_SYSTEM_BARYCENTER,SUN,1,PASS,1,1.0,5000.0,1.5936084898888963e-05,0.3352019786834717,
VENUS_SYSTEM_BARYCENTER,SUN,2,PASS,1,2.0,5000.0,1.3898157080297721e-05,0.20944499969482422,
VENUS_SYSTEM_BARYCENTER,SUN,4,PASS,1,4.0,5000.0,1.3023982006086869e-05,0.2192091941833496,
VENUS_SYSTEM_BARYCENTER,SUN,8,PASS,1,8.0,5000.0,1.474716807591505e-05,0.23843812942504883,
VENUS_SYSTEM_BARYCENTER,SUN,16,PASS,1,16.0,5000.0,1.3157386235564886e-05,0.21774959564208984,
VENUS_SYSTEM_BARYCENTER,SUN,32,PASS,1,32.0,5000.0,1.7453679823966412e-05,0.20815563201904297,
VENUS_SYSTEM_BARYCENTER,SUN,64,PASS,1,64.0,5000.0,0.0018656289304088232,0.25139498710632324,
VENUS_SYSTEM_BARYCENTER,SUN,128,PASS,1,128.0,5000.0,0.27050791880268127,0.22637367248535156,
VENUS_SYSTEM_BARYCENTER,SUN,256,PASS,1,256.0,5000.0,971.5483721542624,0.21759581565856934,
VENUS_SYSTEM_BARYCENTER,SUN,365,PASS,1,365.0,5000.0,1.24929238596285,0.4360053539276123,
VESTA,SUN,1,PASS,1,1.0,5000.0,9.027130953465125e-06,0.42356157302856445,
VESTA,SUN,2,PASS,1,2.0,5000.0,8.3983346364161e-06,0.32033467292785645,
VESTA,SUN,4,PASS,1,4.0,5000.0,7.667791364183388e-06,0.29859495162963867,
VESTA,SUN,8,PASS,1,8.0,5000.0,8.28752431308745e-06,0.23939895629882812,
VESTA,SUN,16,PASS,1,16.0,5000.0,7.417486123124462e-06,0.2447817325592041,
VESTA,SUN,32,PASS,1,32.0,5000.0,1.3258870774376183e-05,0.2552478313446045,
VESTA,SUN,64,PASS,1,64.0,5000.0,0.0018771623368453998,0.2605597972869873,
VESTA,SUN,128,PASS,1,128.0,5000.0,0.06874687219251525,0.21747207641601562,
VESTA,SUN,256,PASS,1,256.0,5000.0,2.23495447914279,0.22522282600402832,
VESTA,SUN,365,PASS,1,365.0,5000.0,6.133375416909005,0.3498966693878174,
VOYAGER1,SUN,1,PASS,1,1.0,100.0,0.00022687028047484216,0.38639211654663086,
VOYAGER1,SUN,2,PASS,1,2.0,100.0,0.00023002339831056724,0.23302960395812988,
VOYAGER1,SUN,4,PASS,1,4.0,100.0,0.00021416731029690855,0.2253401279449463,
VOYAGER1,SUN,8,PASS,1,8.0,100.0,0.00018567037236996394,0.271472692489624,
VOYAGER1,SUN,16,PASS,1,16.0,100.0,0.00020073428523136703,0.22895336151123047,
VOYAGER1,SUN,32,PASS,1,32.0,100.0,0.00020026252362681103,0.21540355682373047,
VOYAGER1,SUN,64,PASS,1,64.0,100.0,0.0018003431312684588,0.2200765609741211,
VOYAGER1,SUN,128,PASS,1,128.0,100.0,0.06891601336074983,0.21480464935302734,
VOYAGER1,SUN,256,PASS,1,256.0,100.0,2.232177252491963,0.2254025936126709,
VOYAGER1,SUN,365,PASS,1,365.0,100.0,6.135353156758298,0.42223310470581055,
VOYAGER2,SUN,1,PASS,1,1.0,100.0,0.00020503776016810133,0.432511568069458,
VOYAGER2,SUN,2,PASS,1,2.0,100.0,0.00015728399755926745,0.22220683097839355,
VOYAGER2,SUN,4,PASS,1,4.0,100.0,0.0001773321426264871,0.21350717544555664,
VOYAGER2,SUN,8,PASS,1,8.0,100.0,0.00019659574473152353,0.21287775039672852,
VOYAGER2,SUN,16,PASS,1,16.0,100.0,0.0002402956504520206,0.21948695182800293,
VOYAGER2,SUN,32,PASS,1,32.0,100.0,0.00018939501323404556,0.28532886505126953,
VOYAGER2,SUN,64,PASS,1,64.0,100.0,0.0018187786895682446,0.21903777122497559,
VOYAGER2,SUN,128,PASS,1,128.0,100.0,0.06896537845121914,0.23170018196105957,
VOYAGER2,SUN,256,PASS,1,256.0,100.0,2.232225812946824,0.22018790245056152,
VOYAGER2,SUN,365,PASS,1,365.0,100.0,6.135292830071701,0.37901806831359863,
WILD2,SUN,1,PASS,1,1.0,5000.0,1.0751050974166205e-05,0.37301087379455566,
WILD2,SUN,2,PASS,1,2.0,5000.0,9.23141067298967e-06,0.2416849136352539,
WILD2,SUN,4,PASS,1,4.0,5000.0,8.696662874410187e-06,0.2536630630493164,
WILD2,SUN,8,PASS,1,8.0,5000.0,9.976090934270966e-06,0.27327942848205566,
WILD2,SUN,16,PASS,1,16.0,5000.0,8.81307634281902e-06,0.24517464637756348,
WILD2,SUN,32,PASS,1,32.0,5000.0,1.4233074049617953e-05,0.24525761604309082,
WILD2,SUN,64,PASS,1,64.0,5000.0,0.0018584923021373093,0.22915959358215332,
WILD2,SUN,128,PASS,1,128.0,5000.0,0.0689144889114371,0.21930980682373047,
WILD2,SUN,256,PASS,1,256.0,5000.0,2.516343490495226,0.236771821975708,
WILD2,SUN,365,PASS,1,365.0,5000.0,22.486360681746888,0.4002194404602051,
