table_content_version,shared_policy_id,body_id,canonical_name,body_class,parent_body_id,smassii,tholen,prior_regime,prior_basis,material_model_applicability,dry_weight,bound_water_weight,free_ice_weight,dry_h2o_eq_max_wtfrac,bound_h2o_eq_min_wtfrac,bound_h2o_eq_max_wtfrac,free_ice_h2o_min_wtfrac,free_ice_h2o_max_wtfrac,latent_body_bulk_density_min_kg_m3,latent_body_bulk_density_max_kg_m3,fallback_radius_min_km,fallback_radius_max_km,fallback_heliocentric_distance_min_au,fallback_heliocentric_distance_max_au,block_body_mass_fraction_min,block_body_mass_fraction_max,block_mass_cap_kg,free_ice_retention_check,m4b_supported_family_count,m4b_material_evidence_refs,m4b_unknown_family_count,derivation_rule,numeric_status,sensitivity_class
0.3,SOLAR_HIDDEN_WORLD_SHARED_POLICY_v0.3,AMUN,3554 Amun,NEAR_EARTH_ASTEROID,,,,UNKNOWN_NEA,authored broad unknown-NEA prior; D&O is qualitative context only,SOLID,90,9,1,0.005,0.005,0.2,0.05,0.95,500,5000,0.02,50.0,0.5,2.0,1e-12,1e-06,1000000000000000.0,REQUIRED,0,,4,R_NEA_UNCLASSIFIED,AUTHORING_PRIOR_NOT_EMPIRICAL_DEPOSIT_PROBABILITY,HIGH
0.3,SOLAR_HIDDEN_WORLD_SHARED_POLICY_v0.3,APOPHIS,99942 Apophis,NEAR_EARTH_ASTEROID,,Sq,,STONY_NEA,authoring,SOLID,98,1,1,0.005,0.005,0.2,0.05,0.95,1000,5000,0.02,50.0,0.5,2.0,1e-12,1e-06,1000000000000000.0,REQUIRED,0,,4,R_NEA_STONY_TAXONOMY,AUTHORING_PRIOR_NOT_EMPIRICAL_DEPOSIT_PROBABILITY,HIGH
0.3,SOLAR_HIDDEN_WORLD_SHARED_POLICY_v0.3,ARIEL,Ariel,NATURAL_SATELLITE,URANUS_SYSTEM_BARYCENTER,,,OUTER_ICY_BODY,authoring,SOLID,10,10,80,0.005,0.005,0.2,0.05,0.95,500,3500,0.01,3000.0,18.3,20.1,1e-12,1e-06,1000000000000000.0,REQUIRED,0,,4,R_OUTER_SYSTEM_SATELLITE,AUTHORING_PRIOR_NOT_EMPIRICAL_DEPOSIT_PROBABILITY,HIGH
0.3,SOLAR_HIDDEN_WORLD_SHARED_POLICY_v0.3,ARROKOTH,486958 Arrokoth,TRANS_NEPTUNIAN_OBJECT,,,,OUTER_ICY_BODY,authoring,SOLID,10,10,80,0.005,0.005,0.2,0.05,0.95,500,3500,20.0,1500.0,28.0,100.0,1e-12,1e-06,1000000000000000.0,REQUIRED,0,,4,R_OUTER_ICY_CLASS,AUTHORING_PRIOR_NOT_EMPIRICAL_DEPOSIT_PROBABILITY,HIGH
0.3,SOLAR_HIDDEN_WORLD_SHARED_POLICY_v0.3,ASTEROID_6178,6178 (1986 DA),ASTEROID,,,,UNKNOWN_ASTEROID,authoring,SOLID,90,9,1,0.005,0.005,0.2,0.05,0.95,500,6000,0.05,500.0,1.5,4.0,1e-12,1e-06,1000000000000000.0,REQUIRED,0,,4,R_AST_UNKNOWN,AUTHORING_PRIOR_NOT_EMPIRICAL_DEPOSIT_PROBABILITY,HIGH
0.3,SOLAR_HIDDEN_WORLD_SHARED_POLICY_v0.3,ATLAS3I,3I/ATLAS,INTERSTELLAR_OBJECT,,,,INTERSTELLAR_UNKNOWN,authoring,SOLID,50,15,35,0.005,0.005,0.2,0.05,0.95,150,8000,0.01,100.0,0.5,50.0,1e-12,1e-06,1000000000000000.0,REQUIRED,0,,4,R_INTERSTELLAR_BROAD,AUTHORING_PRIOR_NOT_EMPIRICAL_DEPOSIT_PROBABILITY,HIGH
0.3,SOLAR_HIDDEN_WORLD_SHARED_POLICY_v0.3,BENNU,101955 Bennu,NEAR_EARTH_ASTEROID,,B,,CARBONACEOUS_NEA,authored; carbonaceous taxonomy broadens bound-water prior; D&O is qualitative context only,SOLID,75,24,1,0.005,0.005,0.2,0.05,0.95,500,3500,0.02,50.0,0.5,2.0,1e-12,1e-06,1000000000000000.0,REQUIRED,4,BENNU_FENI_SULFIDES;BENNU_HYDRATED_PHYLLOSILICATES;BENNU_ORGANICS;BENNU_SAMPLE_PHYLLOSILICATE_ABUNDANCE,0,R_NEA_CARBONACEOUS_TAXONOMY,AUTHORING_PRIOR_NOT_EMPIRICAL_DEPOSIT_PROBABILITY,HIGH
0.3,SOLAR_HIDDEN_WORLD_SHARED_POLICY_v0.3,BORISOV,2I/Borisov,INTERSTELLAR_OBJECT,,,,INTERSTELLAR_UNKNOWN,authoring,SOLID,50,15,35,0.005,0.005,0.2,0.05,0.95,150,8000,0.01,100.0,0.5,50.0,1e-12,1e-06,1000000000000000.0,REQUIRED,0,,4,R_INTERSTELLAR_BROAD,AUTHORING_PRIOR_NOT_EMPIRICAL_DEPOSIT_PROBABILITY,HIGH
0.3,SOLAR_HIDDEN_WORLD_SHARED_POLICY_v0.3,BORRELLY,19P/Borrelly,COMET,,,,COMET_NUCLEUS,authoring,SOLID,20,5,75,0.005,0.005,0.2,0.05,0.95,150,1500,0.05,100.0,0.5,35.0,1e-12,1e-06,1000000000000000.0,REQUIRED,0,,4,R_COMET_CLASS,AUTHORING_PRIOR_NOT_EMPIRICAL_DEPOSIT_PROBABILITY,HIGH
0.3,SOLAR_HIDDEN_WORLD_SHARED_POLICY_v0.3,BRAILLE,9969 Braille,ASTEROID,,Q,,STONY_ASTEROID,authoring,SOLID,96,3,1,0.005,0.005,0.2,0.05,0.95,1000,5000,0.05,500.0,1.5,4.0,1e-12,1e-06,1000000000000000.0,REQUIRED,0,,4,R_AST_STONY_TAXONOMY,AUTHORING_PRIOR_NOT_EMPIRICAL_DEPOSIT_PROBABILITY,HIGH
0.3,SOLAR_HIDDEN_WORLD_SHARED_POLICY_v0.3,CALLISTO,Callisto,NATURAL_SATELLITE,JUPITER_SYSTEM_BARYCENTER,,,OUTER_ICY_BODY,authoring,SOLID,10,10,80,0.005,0.005,0.2,0.05,0.95,500,3500,0.01,3000.0,4.95,5.46,1e-12,1e-06,1000000000000000.0,REQUIRED,0,,4,R_OUTER_SYSTEM_SATELLITE,AUTHORING_PRIOR_NOT_EMPIRICAL_DEPOSIT_PROBABILITY,HIGH
0.3,SOLAR_HIDDEN_WORLD_SHARED_POLICY_v0.3,CERES,Ceres,DWARF_PLANET,,C,G,CARBONACEOUS_DWARF,authoring from dwarf-planet identity plus carbonaceous taxonomy; scoped evidence applied separately,SOLID,60,30,10,0.005,0.005,0.2,0.05,0.95,1000,3500,200.0,1500.0,2.55,3.0,1e-12,1e-06,1000000000000000.0,REQUIRED,3,CERES_ERNUTET_ORGANICS;SF3_MATERIAL_1;SF3_MATERIAL_2;SF3_MATERIAL_3;SF3_MATERIAL_4;SF3_MATERIAL_5;SF3_MATERIAL_6,1,R_CARBONACEOUS_DWARF,AUTHORING_PRIOR_NOT_EMPIRICAL_DEPOSIT_PROBABILITY,HIGH
0.3,SOLAR_HIDDEN_WORLD_SHARED_POLICY_v0.3,CHARON,Charon,NATURAL_SATELLITE,PLUTO_SYSTEM_BARYCENTER,,,OUTER_ICY_BODY,authoring,SOLID,10,10,80,0.005,0.005,0.2,0.05,0.95,500,3500,0.01,3000.0,29.7,49.3,1e-12,1e-06,1000000000000000.0,REQUIRED,0,,4,R_OUTER_SYSTEM_SATELLITE,AUTHORING_PRIOR_NOT_EMPIRICAL_DEPOSIT_PROBABILITY,HIGH
0.3,SOLAR_HIDDEN_WORLD_SHARED_POLICY_v0.3,CHIRON,2060 Chiron,CENTAUR,,Cb,B,CENTAUR_VOLATILE_RICH,authoring,SOLID,30,10,60,0.005,0.005,0.2,0.05,0.95,300,2500,10.0,500.0,5.0,30.0,1e-12,1e-06,1000000000000000.0,REQUIRED,0,,4,R_CENTAUR_CLASS,AUTHORING_PRIOR_NOT_EMPIRICAL_DEPOSIT_PROBABILITY,HIGH
0.3,SOLAR_HIDDEN_WORLD_SHARED_POLICY_v0.3,COMET_67P,67P/Churyumov-Gerasimenko,COMET,,,,COMET_NUCLEUS,authoring,SOLID,20,5,75,0.005,0.005,0.2,0.05,0.95,150,1500,0.05,100.0,0.5,35.0,1e-12,1e-06,1000000000000000.0,REQUIRED,2,67P_COMA_CO;67P_COMA_CO2;67P_COMA_H2O;67P_COMA_O2;67P_SURFACE_ORGANIC_RICH,2,R_COMET_CLASS,AUTHORING_PRIOR_NOT_EMPIRICAL_DEPOSIT_PROBABILITY,HIGH
0.3,SOLAR_HIDDEN_WORLD_SHARED_POLICY_v0.3,COMET_HALLEY,1P/Halley,COMET,,,,COMET_NUCLEUS,authoring,SOLID,20,5,75,0.005,0.005,0.2,0.05,0.95,150,1500,0.05,100.0,0.5,35.0,1e-12,1e-06,1000000000000000.0,REQUIRED,0,,4,R_COMET_CLASS,AUTHORING_PRIOR_NOT_EMPIRICAL_DEPOSIT_PROBABILITY,HIGH
0.3,SOLAR_HIDDEN_WORLD_SHARED_POLICY_v0.3,DACTYL,Dactyl,NATURAL_SATELLITE,IDA,,,UNKNOWN_ASTEROID,authoring,SOLID,90,9,1,0.005,0.005,0.2,0.05,0.95,500,6000,0.001,50.0,1.5,4.0,1e-12,1e-06,1000000000000000.0,REQUIRED,0,,4,R_SMALLBODY_SATELLITE_UNKNOWN,AUTHORING_PRIOR_NOT_EMPIRICAL_DEPOSIT_PROBABILITY,HIGH
0.3,SOLAR_HIDDEN_WORLD_SHARED_POLICY_v0.3,DAVIDA,511 Davida,ASTEROID,,C,C,CARBONACEOUS_ASTEROID,authoring,SOLID,70,25,5,0.005,0.005,0.2,0.05,0.95,500,3500,0.05,500.0,1.5,4.0,1e-12,1e-06,1000000000000000.0,REQUIRED,0,,4,R_AST_CARBONACEOUS_TAXONOMY,AUTHORING_PRIOR_NOT_EMPIRICAL_DEPOSIT_PROBABILITY,HIGH
0.3,SOLAR_HIDDEN_WORLD_SHARED_POLICY_v0.3,DEIMOS,Deimos,NATURAL_SATELLITE,MARS_SYSTEM_BARYCENTER,,,INNER_AIRLESS_ROCK,authoring,SOLID,96,3,1,0.005,0.005,0.2,0.05,0.95,1000,5000,0.01,3000.0,1.38,1.67,1e-12,1e-06,1000000000000000.0,REQUIRED,0,,4,R_INNER_AIRLESS_ROCK,AUTHORING_PRIOR_NOT_EMPIRICAL_DEPOSIT_PROBABILITY,HIGH
0.3,SOLAR_HIDDEN_WORLD_SHARED_POLICY_v0.3,DIDYMOS,65803 Didymos,BINARY_ASTEROID_PRIMARY,,S,,STONY_ASTEROID,authoring,SOLID,96,3,1,0.005,0.005,0.2,0.05,0.95,1000,5000,0.05,500.0,1.5,5.6,1e-12,1e-06,1000000000000000.0,REQUIRED,0,,4,R_AST_STONY_TAXONOMY,AUTHORING_PRIOR_NOT_EMPIRICAL_DEPOSIT_PROBABILITY,HIGH
0.3,SOLAR_HIDDEN_WORLD_SHARED_POLICY_v0.3,DINKINESH,152830 Dinkinesh,ASTEROID,,,,UNKNOWN_ASTEROID,authoring,SOLID,90,9,1,0.005,0.005,0.2,0.05,0.95,500,6000,0.05,500.0,1.5,4.0,1e-12,1e-06,1000000000000000.0,REQUIRED,0,,4,R_AST_UNKNOWN,AUTHORING_PRIOR_NOT_EMPIRICAL_DEPOSIT_PROBABILITY,HIGH
0.3,SOLAR_HIDDEN_WORLD_SHARED_POLICY_v0.3,DIONE,Dione,NATURAL_SATELLITE,SATURN_SYSTEM_BARYCENTER,,,OUTER_ICY_BODY,authoring,SOLID,10,10,80,0.005,0.005,0.2,0.05,0.95,500,3500,0.01,3000.0,9.0,10.15,1e-12,1e-06,1000000000000000.0,REQUIRED,0,,4,R_OUTER_SYSTEM_SATELLITE,AUTHORING_PRIOR_NOT_EMPIRICAL_DEPOSIT_PROBABILITY,HIGH
0.3,SOLAR_HIDDEN_WORLD_SHARED_POLICY_v0.3,DONALDJOHANSON,52246 Donaldjohanson,ASTEROID,,,,UNKNOWN_ASTEROID,authoring,SOLID,90,9,1,0.005,0.005,0.2,0.05,0.95,500,6000,0.05,500.0,1.5,4.0,1e-12,1e-06,1000000000000000.0,REQUIRED,0,,4,R_AST_UNKNOWN,AUTHORING_PRIOR_NOT_EMPIRICAL_DEPOSIT_PROBABILITY,HIGH
0.3,SOLAR_HIDDEN_WORLD_SHARED_POLICY_v0.3,EARTH,Earth,PLANET,,,,,not applicable,HOMEWORLD_REFERENCE,,,,,,,,,,,,,,,,,,,0,,4,R_HOMEWORLD_REFERENCE,AUTHORING_PRIOR_NOT_EMPIRICAL_DEPOSIT_PROBABILITY,HIGH
0.3,SOLAR_HIDDEN_WORLD_SHARED_POLICY_v0.3,ENCELADUS,Enceladus,NATURAL_SATELLITE,SATURN_SYSTEM_BARYCENTER,,,OUTER_ICY_BODY,authoring,SOLID,10,10,80,0.005,0.005,0.2,0.05,0.95,500,3500,0.01,3000.0,9.0,10.15,1e-12,1e-06,1000000000000000.0,REQUIRED,3,ENCELADUS_PLUME_ORGANICS;ENCELADUS_PLUME_SILICA;ENCELADUS_PLUME_WATER,1,R_OUTER_SYSTEM_SATELLITE,AUTHORING_PRIOR_NOT_EMPIRICAL_DEPOSIT_PROBABILITY,HIGH
0.3,SOLAR_HIDDEN_WORLD_SHARED_POLICY_v0.3,ERIS,136199 Eris,DWARF_PLANET,,,,OUTER_ICY_BODY,authoring,SOLID,10,10,80,0.005,0.005,0.2,0.05,0.95,500,3500,200.0,1500.0,28.0,100.0,1e-12,1e-06,1000000000000000.0,REQUIRED,0,,4,R_OUTER_ICY_CLASS,AUTHORING_PRIOR_NOT_EMPIRICAL_DEPOSIT_PROBABILITY,HIGH
0.3,SOLAR_HIDDEN_WORLD_SHARED_POLICY_v0.3,EROS,433 Eros,NEAR_EARTH_ASTEROID,,S,S,STONY_NEA,authoring,SOLID,98,1,1,0.005,0.005,0.2,0.05,0.95,1000,5000,0.02,50.0,0.5,2.0,1e-12,1e-06,1000000000000000.0,REQUIRED,2,EROS_CHONDRITIC_SILICATE_INTERPRETATION;EROS_FE_NI,2,R_NEA_STONY_TAXONOMY,AUTHORING_PRIOR_NOT_EMPIRICAL_DEPOSIT_PROBABILITY,HIGH
0.3,SOLAR_HIDDEN_WORLD_SHARED_POLICY_v0.3,EUROPA,Europa,NATURAL_SATELLITE,JUPITER_SYSTEM_BARYCENTER,,,OUTER_ICY_BODY,authoring,SOLID,10,10,80,0.005,0.005,0.2,0.05,0.95,500,3500,0.01,3000.0,4.95,5.46,1e-12,1e-06,1000000000000000.0,REQUIRED,1,SF3_MATERIAL_7,3,R_OUTER_SYSTEM_SATELLITE,AUTHORING_PRIOR_NOT_EMPIRICAL_DEPOSIT_PROBABILITY,HIGH
0.3,SOLAR_HIDDEN_WORLD_SHARED_POLICY_v0.3,EURYBATES,3548 Eurybates,TROJAN_ASTEROID,,,,TROJAN_PRIMITIVE,authoring,SOLID,70,15,15,0.005,0.005,0.2,0.05,0.95,400,3500,0.1,300.0,4.5,5.6,1e-12,1e-06,1000000000000000.0,REQUIRED,0,,4,R_TROJAN_CLASS,AUTHORING_PRIOR_NOT_EMPIRICAL_DEPOSIT_PROBABILITY,HIGH
0.3,SOLAR_HIDDEN_WORLD_SHARED_POLICY_v0.3,GANYMEDE,Ganymede,NATURAL_SATELLITE,JUPITER_SYSTEM_BARYCENTER,,,OUTER_ICY_BODY,authoring,SOLID,10,10,80,0.005,0.005,0.2,0.05,0.95,500,3500,0.01,3000.0,4.95,5.46,1e-12,1e-06,1000000000000000.0,REQUIRED,0,,4,R_OUTER_SYSTEM_SATELLITE,AUTHORING_PRIOR_NOT_EMPIRICAL_DEPOSIT_PROBABILITY,HIGH
0.3,SOLAR_HIDDEN_WORLD_SHARED_POLICY_v0.3,GASPRA,951 Gaspra,ASTEROID,,S,S,STONY_ASTEROID,authoring,SOLID,96,3,1,0.005,0.005,0.2,0.05,0.95,1000,5000,0.05,500.0,1.5,4.0,1e-12,1e-06,1000000000000000.0,REQUIRED,0,,4,R_AST_STONY_TAXONOMY,AUTHORING_PRIOR_NOT_EMPIRICAL_DEPOSIT_PROBABILITY,HIGH
0.3,SOLAR_HIDDEN_WORLD_SHARED_POLICY_v0.3,GONGGONG,225088 Gonggong,DWARF_PLANET,,,,OUTER_ICY_BODY,authoring,SOLID,10,10,80,0.005,0.005,0.2,0.05,0.95,500,3500,200.0,1500.0,28.0,100.0,1e-12,1e-06,1000000000000000.0,REQUIRED,0,,4,R_OUTER_ICY_CLASS,AUTHORING_PRIOR_NOT_EMPIRICAL_DEPOSIT_PROBABILITY,HIGH
0.3,SOLAR_HIDDEN_WORLD_SHARED_POLICY_v0.3,HARTLEY2,103P/Hartley 2,COMET,,,,COMET_NUCLEUS,authoring,SOLID,20,5,75,0.005,0.005,0.2,0.05,0.95,150,1500,0.05,100.0,0.5,35.0,1e-12,1e-06,1000000000000000.0,REQUIRED,0,,4,R_COMET_CLASS,AUTHORING_PRIOR_NOT_EMPIRICAL_DEPOSIT_PROBABILITY,HIGH
0.3,SOLAR_HIDDEN_WORLD_SHARED_POLICY_v0.3,HAUMEA,136108 Haumea,DWARF_PLANET,,,,OUTER_ICY_BODY,authoring,SOLID,10,10,80,0.005,0.005,0.2,0.05,0.95,500,3500,200.0,1500.0,28.0,100.0,1e-12,1e-06,1000000000000000.0,REQUIRED,0,,4,R_OUTER_ICY_CLASS,AUTHORING_PRIOR_NOT_EMPIRICAL_DEPOSIT_PROBABILITY,HIGH
0.3,SOLAR_HIDDEN_WORLD_SHARED_POLICY_v0.3,HYDRA,Hydra,NATURAL_SATELLITE,PLUTO,,,OUTER_ICY_BODY,authoring,SOLID,10,10,80,0.005,0.005,0.2,0.05,0.95,500,3500,0.001,50.0,29.7,49.3,1e-12,1e-06,1000000000000000.0,REQUIRED,0,,4,R_OUTER_SYSTEM_SATELLITE,AUTHORING_PRIOR_NOT_EMPIRICAL_DEPOSIT_PROBABILITY,HIGH
0.3,SOLAR_HIDDEN_WORLD_SHARED_POLICY_v0.3,HYGIEA,10 Hygiea,ASTEROID,,C,C,CARBONACEOUS_ASTEROID,authoring,SOLID,70,25,5,0.005,0.005,0.2,0.05,0.95,500,3500,0.05,500.0,1.5,4.0,1e-12,1e-06,1000000000000000.0,REQUIRED,0,,4,R_AST_CARBONACEOUS_TAXONOMY,AUTHORING_PRIOR_NOT_EMPIRICAL_DEPOSIT_PROBABILITY,HIGH
0.3,SOLAR_HIDDEN_WORLD_SHARED_POLICY_v0.3,HYPERION,Hyperion,NATURAL_SATELLITE,SATURN_SYSTEM_BARYCENTER,,,OUTER_ICY_BODY,authoring,SOLID,10,10,80,0.005,0.005,0.2,0.05,0.95,500,3500,0.01,3000.0,9.0,10.15,1e-12,1e-06,1000000000000000.0,REQUIRED,0,,4,R_OUTER_SYSTEM_SATELLITE,AUTHORING_PRIOR_NOT_EMPIRICAL_DEPOSIT_PROBABILITY,HIGH
0.3,SOLAR_HIDDEN_WORLD_SHARED_POLICY_v0.3,IAPETUS,Iapetus,NATURAL_SATELLITE,SATURN_SYSTEM_BARYCENTER,,,OUTER_ICY_BODY,authoring,SOLID,10,10,80,0.005,0.005,0.2,0.05,0.95,500,3500,0.01,3000.0,9.0,10.15,1e-12,1e-06,1000000000000000.0,REQUIRED,0,,4,R_OUTER_SYSTEM_SATELLITE,AUTHORING_PRIOR_NOT_EMPIRICAL_DEPOSIT_PROBABILITY,HIGH
0.3,SOLAR_HIDDEN_WORLD_SHARED_POLICY_v0.3,IDA,243 Ida,ASTEROID,,S,S,STONY_ASTEROID,authoring,SOLID,96,3,1,0.005,0.005,0.2,0.05,0.95,1000,5000,0.05,500.0,1.5,4.0,1e-12,1e-06,1000000000000000.0,REQUIRED,0,,4,R_AST_STONY_TAXONOMY,AUTHORING_PRIOR_NOT_EMPIRICAL_DEPOSIT_PROBABILITY,HIGH
0.3,SOLAR_HIDDEN_WORLD_SHARED_POLICY_v0.3,INTERAMNIA,704 Interamnia,ASTEROID,,B,F,CARBONACEOUS_ASTEROID,authoring,SOLID,70,25,5,0.005,0.005,0.2,0.05,0.95,500,3500,0.05,500.0,1.5,4.0,1e-12,1e-06,1000000000000000.0,REQUIRED,0,,4,R_AST_CARBONACEOUS_TAXONOMY,AUTHORING_PRIOR_NOT_EMPIRICAL_DEPOSIT_PROBABILITY,HIGH
0.3,SOLAR_HIDDEN_WORLD_SHARED_POLICY_v0.3,IO,Io,NATURAL_SATELLITE,JUPITER_SYSTEM_BARYCENTER,,,HOT_ROCKY,authoring,SOLID,98,1,1,0.005,0.005,0.2,0.05,0.95,1200,8000,0.01,3000.0,4.95,5.46,1e-12,1e-06,1000000000000000.0,REQUIRED,0,,4,R_HOT_ROCKY,AUTHORING_PRIOR_NOT_EMPIRICAL_DEPOSIT_PROBABILITY,HIGH
0.3,SOLAR_HIDDEN_WORLD_SHARED_POLICY_v0.3,ITOKAWA,25143 Itokawa,NEAR_EARTH_ASTEROID,,S(IV),,STONY_NEA,authoring,SOLID,98,1,1,0.005,0.005,0.2,0.05,0.95,1000,5000,0.02,50.0,0.5,2.0,1e-12,1e-06,1000000000000000.0,REQUIRED,2,ITOKAWA_CHROMITE;ITOKAWA_SILICATE_GRAINS,2,R_NEA_STONY_TAXONOMY,AUTHORING_PRIOR_NOT_EMPIRICAL_DEPOSIT_PROBABILITY,HIGH
0.3,SOLAR_HIDDEN_WORLD_SHARED_POLICY_v0.3,IXION,28978 Ixion,TRANS_NEPTUNIAN_OBJECT,,,,OUTER_ICY_BODY,authoring,SOLID,10,10,80,0.005,0.005,0.2,0.05,0.95,500,3500,20.0,1500.0,28.0,100.0,1e-12,1e-06,1000000000000000.0,REQUIRED,0,,4,R_OUTER_ICY_CLASS,AUTHORING_PRIOR_NOT_EMPIRICAL_DEPOSIT_PROBABILITY,HIGH
0.3,SOLAR_HIDDEN_WORLD_SHARED_POLICY_v0.3,JUNO,3 Juno,ASTEROID,,Sk,S,STONY_ASTEROID,authoring,SOLID,96,3,1,0.005,0.005,0.2,0.05,0.95,1000,5000,0.05,500.0,1.5,4.0,1e-12,1e-06,1000000000000000.0,REQUIRED,0,,4,R_AST_STONY_TAXONOMY,AUTHORING_PRIOR_NOT_EMPIRICAL_DEPOSIT_PROBABILITY,HIGH
0.3,SOLAR_HIDDEN_WORLD_SHARED_POLICY_v0.3,JUPITER,Jupiter,PLANET,JUPITER_SYSTEM_BARYCENTER,,,,not applicable,NO_SOLID_SURFACE,,,,,,,,,,,,,,,,,,,0,,4,R_NO_SOLID_SURFACE,AUTHORING_PRIOR_NOT_EMPIRICAL_DEPOSIT_PROBABILITY,HIGH
0.3,SOLAR_HIDDEN_WORLD_SHARED_POLICY_v0.3,KERBEROS,Kerberos,NATURAL_SATELLITE,PLUTO,,,OUTER_ICY_BODY,authoring,SOLID,10,10,80,0.005,0.005,0.2,0.05,0.95,500,3500,0.001,50.0,29.7,49.3,1e-12,1e-06,1000000000000000.0,REQUIRED,0,,4,R_OUTER_SYSTEM_SATELLITE,AUTHORING_PRIOR_NOT_EMPIRICAL_DEPOSIT_PROBABILITY,HIGH
0.3,SOLAR_HIDDEN_WORLD_SHARED_POLICY_v0.3,KLEOPATRA,216 Kleopatra,BINARY_ASTEROID_PRIMARY,,Xe,M,METALLIC_ASTEROID,authoring,SOLID,98,1,1,0.005,0.005,0.2,0.05,0.95,1500,8000,0.05,500.0,1.5,5.6,1e-12,1e-06,1000000000000000.0,REQUIRED,0,,4,R_AST_METALLIC_TAXONOMY,AUTHORING_PRIOR_NOT_EMPIRICAL_DEPOSIT_PROBABILITY,HIGH
0.3,SOLAR_HIDDEN_WORLD_SHARED_POLICY_v0.3,LEUCUS,11351 Leucus,TROJAN_ASTEROID,,,,TROJAN_PRIMITIVE,authoring,SOLID,70,15,15,0.005,0.005,0.2,0.05,0.95,400,3500,0.1,300.0,4.5,5.6,1e-12,1e-06,1000000000000000.0,REQUIRED,0,,4,R_TROJAN_CLASS,AUTHORING_PRIOR_NOT_EMPIRICAL_DEPOSIT_PROBABILITY,HIGH
0.3,SOLAR_HIDDEN_WORLD_SHARED_POLICY_v0.3,LUTETIA,21 Lutetia,ASTEROID,,Xk,M,METALLIC_ASTEROID,authoring,SOLID,98,1,1,0.005,0.005,0.2,0.05,0.95,1500,8000,0.05,500.0,1.5,4.0,1e-12,1e-06,1000000000000000.0,REQUIRED,0,,4,R_AST_METALLIC_TAXONOMY,AUTHORING_PRIOR_NOT_EMPIRICAL_DEPOSIT_PROBABILITY,HIGH
0.3,SOLAR_HIDDEN_WORLD_SHARED_POLICY_v0.3,MAKEMAKE,136472 Makemake,DWARF_PLANET,,,,OUTER_ICY_BODY,authoring,SOLID,10,10,80,0.005,0.005,0.2,0.05,0.95,500,3500,200.0,1500.0,28.0,100.0,1e-12,1e-06,1000000000000000.0,REQUIRED,0,,4,R_OUTER_ICY_CLASS,AUTHORING_PRIOR_NOT_EMPIRICAL_DEPOSIT_PROBABILITY,HIGH
0.3,SOLAR_HIDDEN_WORLD_SHARED_POLICY_v0.3,MARS,Mars,PLANET,,,,COLD_ROCKY_PLANET,authoring,SOLID_WITH_ATMOSPHERE,80,15,5,0.005,0.005,0.2,0.05,0.95,1000,5000,1000.0,10000.0,1.38,1.67,1e-12,1e-06,1000000000000000.0,REQUIRED,4,MARS_GALE_HYDRATED_MINERALS;MARS_ORGANIC_MOLECULES;MARS_SIDERITE,0,R_MARS_COLD_ROCKY,AUTHORING_PRIOR_NOT_EMPIRICAL_DEPOSIT_PROBABILITY,HIGH
0.3,SOLAR_HIDDEN_WORLD_SHARED_POLICY_v0.3,MATHILDE,253 Mathilde,ASTEROID,,Cb,,CARBONACEOUS_ASTEROID,authoring,SOLID,70,25,5,0.005,0.005,0.2,0.05,0.95,500,3500,0.05,500.0,1.5,4.0,1e-12,1e-06,1000000000000000.0,REQUIRED,0,,4,R_AST_CARBONACEOUS_TAXONOMY,AUTHORING_PRIOR_NOT_EMPIRICAL_DEPOSIT_PROBABILITY,HIGH
0.3,SOLAR_HIDDEN_WORLD_SHARED_POLICY_v0.3,MERCURY,Mercury,PLANET,,,,HOT_ROCKY,authoring,SOLID,98,1,1,0.005,0.005,0.2,0.05,0.95,1200,8000,1000.0,10000.0,0.3,0.47,1e-12,1e-06,1000000000000000.0,REQUIRED,0,,4,R_HOT_ROCKY,AUTHORING_PRIOR_NOT_EMPIRICAL_DEPOSIT_PROBABILITY,HIGH
0.3,SOLAR_HIDDEN_WORLD_SHARED_POLICY_v0.3,MIMAS,Mimas,NATURAL_SATELLITE,SATURN_SYSTEM_BARYCENTER,,,OUTER_ICY_BODY,authoring,SOLID,10,10,80,0.005,0.005,0.2,0.05,0.95,500,3500,0.01,3000.0,9.0,10.15,1e-12,1e-06,1000000000000000.0,REQUIRED,0,,4,R_OUTER_SYSTEM_SATELLITE,AUTHORING_PRIOR_NOT_EMPIRICAL_DEPOSIT_PROBABILITY,HIGH
0.3,SOLAR_HIDDEN_WORLD_SHARED_POLICY_v0.3,MIRANDA,Miranda,NATURAL_SATELLITE,URANUS_SYSTEM_BARYCENTER,,,OUTER_ICY_BODY,authoring,SOLID,10,10,80,0.005,0.005,0.2,0.05,0.95,500,3500,0.01,3000.0,18.3,20.1,1e-12,1e-06,1000000000000000.0,REQUIRED,0,,4,R_OUTER_SYSTEM_SATELLITE,AUTHORING_PRIOR_NOT_EMPIRICAL_DEPOSIT_PROBABILITY,HIGH
0.3,SOLAR_HIDDEN_WORLD_SHARED_POLICY_v0.3,MOON,Moon,NATURAL_SATELLITE,,,,INNER_AIRLESS_ROCK,authoring,SOLID,96,3,1,0.005,0.005,0.2,0.05,0.95,1000,5000,0.01,3000.0,0.98,1.02,1e-12,1e-06,1000000000000000.0,REQUIRED,3,MOON_IRON_TITANIUM_MINERALS;MOON_POLAR_WATER_ICE;MOON_SILICATE_MINERALS,1,R_INNER_AIRLESS_ROCK,AUTHORING_PRIOR_NOT_EMPIRICAL_DEPOSIT_PROBABILITY,HIGH
0.3,SOLAR_HIDDEN_WORLD_SHARED_POLICY_v0.3,MS4,2002 MS4,TRANS_NEPTUNIAN_OBJECT,,,,OUTER_ICY_BODY,authoring,SOLID,10,10,80,0.005,0.005,0.2,0.05,0.95,500,3500,20.0,1500.0,28.0,100.0,1e-12,1e-06,1000000000000000.0,REQUIRED,0,,4,R_OUTER_ICY_CLASS,AUTHORING_PRIOR_NOT_EMPIRICAL_DEPOSIT_PROBABILITY,HIGH
0.3,SOLAR_HIDDEN_WORLD_SHARED_POLICY_v0.3,NEPTUNE,Neptune,PLANET,,,,,not applicable,NO_SOLID_SURFACE,,,,,,,,,,,,,,,,,,,0,,4,R_NO_SOLID_SURFACE,AUTHORING_PRIOR_NOT_EMPIRICAL_DEPOSIT_PROBABILITY,HIGH
0.3,SOLAR_HIDDEN_WORLD_SHARED_POLICY_v0.3,NEREID,Nereid,NATURAL_SATELLITE,NEPTUNE_SYSTEM_BARYCENTER,,,OUTER_ICY_BODY,authoring,SOLID,10,10,80,0.005,0.005,0.2,0.05,0.95,500,3500,0.01,3000.0,29.7,30.4,1e-12,1e-06,1000000000000000.0,REQUIRED,0,,4,R_OUTER_SYSTEM_SATELLITE,AUTHORING_PRIOR_NOT_EMPIRICAL_DEPOSIT_PROBABILITY,HIGH
0.3,SOLAR_HIDDEN_WORLD_SHARED_POLICY_v0.3,NIX,Nix,NATURAL_SATELLITE,PLUTO,,,OUTER_ICY_BODY,authoring,SOLID,10,10,80,0.005,0.005,0.2,0.05,0.95,500,3500,0.001,50.0,29.7,49.3,1e-12,1e-06,1000000000000000.0,REQUIRED,0,,4,R_OUTER_SYSTEM_SATELLITE,AUTHORING_PRIOR_NOT_EMPIRICAL_DEPOSIT_PROBABILITY,HIGH
0.3,SOLAR_HIDDEN_WORLD_SHARED_POLICY_v0.3,OBERON,Oberon,NATURAL_SATELLITE,URANUS_SYSTEM_BARYCENTER,,,OUTER_ICY_BODY,authoring,SOLID,10,10,80,0.005,0.005,0.2,0.05,0.95,500,3500,0.01,3000.0,18.3,20.1,1e-12,1e-06,1000000000000000.0,REQUIRED,0,,4,R_OUTER_SYSTEM_SATELLITE,AUTHORING_PRIOR_NOT_EMPIRICAL_DEPOSIT_PROBABILITY,HIGH
0.3,SOLAR_HIDDEN_WORLD_SHARED_POLICY_v0.3,ORCUS,90482 Orcus,DWARF_PLANET,,,,OUTER_ICY_BODY,authoring,SOLID,10,10,80,0.005,0.005,0.2,0.05,0.95,500,3500,200.0,1500.0,28.0,100.0,1e-12,1e-06,1000000000000000.0,REQUIRED,0,,4,R_OUTER_ICY_CLASS,AUTHORING_PRIOR_NOT_EMPIRICAL_DEPOSIT_PROBABILITY,HIGH
0.3,SOLAR_HIDDEN_WORLD_SHARED_POLICY_v0.3,ORUS,21900 Orus,TROJAN_ASTEROID,,,,TROJAN_PRIMITIVE,authoring,SOLID,70,15,15,0.005,0.005,0.2,0.05,0.95,400,3500,0.1,300.0,4.5,5.6,1e-12,1e-06,1000000000000000.0,REQUIRED,0,,4,R_TROJAN_CLASS,AUTHORING_PRIOR_NOT_EMPIRICAL_DEPOSIT_PROBABILITY,HIGH
0.3,SOLAR_HIDDEN_WORLD_SHARED_POLICY_v0.3,OUMUAMUA,1I/ʻOumuamua,INTERSTELLAR_OBJECT,,,,INTERSTELLAR_UNKNOWN,authoring,SOLID,50,15,35,0.005,0.005,0.2,0.05,0.95,150,8000,0.01,100.0,0.5,50.0,1e-12,1e-06,1000000000000000.0,REQUIRED,0,,4,R_INTERSTELLAR_BROAD,AUTHORING_PRIOR_NOT_EMPIRICAL_DEPOSIT_PROBABILITY,HIGH
0.3,SOLAR_HIDDEN_WORLD_SHARED_POLICY_v0.3,PALLAS,2 Pallas,ASTEROID,,B,B,CARBONACEOUS_ASTEROID,authoring,SOLID,70,25,5,0.005,0.005,0.2,0.05,0.95,500,3500,0.05,500.0,1.5,4.0,1e-12,1e-06,1000000000000000.0,REQUIRED,0,,4,R_AST_CARBONACEOUS_TAXONOMY,AUTHORING_PRIOR_NOT_EMPIRICAL_DEPOSIT_PROBABILITY,HIGH
0.3,SOLAR_HIDDEN_WORLD_SHARED_POLICY_v0.3,PATROCLUS,617 Patroclus,BINARY_ASTEROID_PRIMARY,,,P,PRIMITIVE_ASTEROID,authoring,SOLID,70,20,10,0.005,0.005,0.2,0.05,0.95,400,3500,0.05,500.0,1.5,5.6,1e-12,1e-06,1000000000000000.0,REQUIRED,0,,4,R_AST_PRIMITIVE_TAXONOMY,AUTHORING_PRIOR_NOT_EMPIRICAL_DEPOSIT_PROBABILITY,HIGH
0.3,SOLAR_HIDDEN_WORLD_SHARED_POLICY_v0.3,PHOBOS,Phobos,NATURAL_SATELLITE,MARS_SYSTEM_BARYCENTER,,,INNER_AIRLESS_ROCK,authoring,SOLID,96,3,1,0.005,0.005,0.2,0.05,0.95,1000,5000,0.01,3000.0,1.38,1.67,1e-12,1e-06,1000000000000000.0,REQUIRED,0,,4,R_INNER_AIRLESS_ROCK,AUTHORING_PRIOR_NOT_EMPIRICAL_DEPOSIT_PROBABILITY,HIGH
0.3,SOLAR_HIDDEN_WORLD_SHARED_POLICY_v0.3,PHOEBE,Phoebe,NATURAL_SATELLITE,SATURN_SYSTEM_BARYCENTER,,,OUTER_ICY_BODY,authoring,SOLID,10,10,80,0.005,0.005,0.2,0.05,0.95,500,3500,0.01,3000.0,9.0,10.15,1e-12,1e-06,1000000000000000.0,REQUIRED,0,,4,R_OUTER_SYSTEM_SATELLITE,AUTHORING_PRIOR_NOT_EMPIRICAL_DEPOSIT_PROBABILITY,HIGH
0.3,SOLAR_HIDDEN_WORLD_SHARED_POLICY_v0.3,PLUTO,Pluto,DWARF_PLANET,PLUTO_SYSTEM_BARYCENTER,,,OUTER_ICY_BODY,authoring,SOLID,10,10,80,0.005,0.005,0.2,0.05,0.95,500,3500,200.0,1500.0,29.7,49.3,1e-12,1e-06,1000000000000000.0,REQUIRED,2,PLUTO_SURFACE_WATER_ICE;PLUTO_THOLINS,2,R_OUTER_ICY_CLASS,AUTHORING_PRIOR_NOT_EMPIRICAL_DEPOSIT_PROBABILITY,HIGH
0.3,SOLAR_HIDDEN_WORLD_SHARED_POLICY_v0.3,POLYMELE,15094 Polymele,TROJAN_ASTEROID,,,,TROJAN_PRIMITIVE,authoring,SOLID,70,15,15,0.005,0.005,0.2,0.05,0.95,400,3500,0.1,300.0,4.5,5.6,1e-12,1e-06,1000000000000000.0,REQUIRED,0,,4,R_TROJAN_CLASS,AUTHORING_PRIOR_NOT_EMPIRICAL_DEPOSIT_PROBABILITY,HIGH
0.3,SOLAR_HIDDEN_WORLD_SHARED_POLICY_v0.3,PROTEUS,Proteus,NATURAL_SATELLITE,NEPTUNE_SYSTEM_BARYCENTER,,,OUTER_ICY_BODY,authoring,SOLID,10,10,80,0.005,0.005,0.2,0.05,0.95,500,3500,0.01,3000.0,29.7,30.4,1e-12,1e-06,1000000000000000.0,REQUIRED,0,,4,R_OUTER_SYSTEM_SATELLITE,AUTHORING_PRIOR_NOT_EMPIRICAL_DEPOSIT_PROBABILITY,HIGH
0.3,SOLAR_HIDDEN_WORLD_SHARED_POLICY_v0.3,PSYCHE,16 Psyche,ASTEROID,,X,M,METALLIC_ASTEROID,authoring,SOLID,98,1,1,0.005,0.005,0.2,0.05,0.95,1500,8000,0.05,500.0,1.5,4.0,1e-12,1e-06,1000000000000000.0,REQUIRED,0,,4,R_AST_METALLIC_TAXONOMY,AUTHORING_PRIOR_NOT_EMPIRICAL_DEPOSIT_PROBABILITY,HIGH
0.3,SOLAR_HIDDEN_WORLD_SHARED_POLICY_v0.3,QUAOAR,50000 Quaoar,DWARF_PLANET,,,,OUTER_ICY_BODY,authoring,SOLID,10,10,80,0.005,0.005,0.2,0.05,0.95,500,3500,200.0,1500.0,28.0,100.0,1e-12,1e-06,1000000000000000.0,REQUIRED,0,,4,R_OUTER_ICY_CLASS,AUTHORING_PRIOR_NOT_EMPIRICAL_DEPOSIT_PROBABILITY,HIGH
0.3,SOLAR_HIDDEN_WORLD_SHARED_POLICY_v0.3,RHEA,Rhea,NATURAL_SATELLITE,SATURN_SYSTEM_BARYCENTER,,,OUTER_ICY_BODY,authoring,SOLID,10,10,80,0.005,0.005,0.2,0.05,0.95,500,3500,0.01,3000.0,9.0,10.15,1e-12,1e-06,1000000000000000.0,REQUIRED,0,,4,R_OUTER_SYSTEM_SATELLITE,AUTHORING_PRIOR_NOT_EMPIRICAL_DEPOSIT_PROBABILITY,HIGH
0.3,SOLAR_HIDDEN_WORLD_SHARED_POLICY_v0.3,RYUGU,162173 Ryugu,NEAR_EARTH_ASTEROID,,Cb,,CARBONACEOUS_NEA,authored; carbonaceous taxonomy broadens bound-water prior; D&O is qualitative context only,SOLID,75,24,1,0.005,0.005,0.2,0.05,0.95,500,3500,0.02,50.0,0.5,2.0,1e-12,1e-06,1000000000000000.0,REQUIRED,4,RYUGU_FE_BEARING_PHASES;RYUGU_HYDRATED_PHYLLOSILICATES;RYUGU_ORGANIC_MATTER;RYUGU_PHYLLOSILICATE_MODAL_SAMPLE,0,R_NEA_CARBONACEOUS_TAXONOMY,AUTHORING_PRIOR_NOT_EMPIRICAL_DEPOSIT_PROBABILITY,HIGH
0.3,SOLAR_HIDDEN_WORLD_SHARED_POLICY_v0.3,SALACIA,120347 Salacia,DWARF_PLANET,,,,OUTER_ICY_BODY,authoring,SOLID,10,10,80,0.005,0.005,0.2,0.05,0.95,500,3500,200.0,1500.0,28.0,100.0,1e-12,1e-06,1000000000000000.0,REQUIRED,0,,4,R_OUTER_ICY_CLASS,AUTHORING_PRIOR_NOT_EMPIRICAL_DEPOSIT_PROBABILITY,HIGH
0.3,SOLAR_HIDDEN_WORLD_SHARED_POLICY_v0.3,SATURN,Saturn,PLANET,,,,,not applicable,NO_SOLID_SURFACE,,,,,,,,,,,,,,,,,,,0,,4,R_NO_SOLID_SURFACE,AUTHORING_PRIOR_NOT_EMPIRICAL_DEPOSIT_PROBABILITY,HIGH
0.3,SOLAR_HIDDEN_WORLD_SHARED_POLICY_v0.3,SEDNA,90377 Sedna,DWARF_PLANET,,,,OUTER_ICY_BODY,authoring,SOLID,10,10,80,0.005,0.005,0.2,0.05,0.95,500,3500,200.0,1500.0,28.0,100.0,1e-12,1e-06,1000000000000000.0,REQUIRED,0,,4,R_OUTER_ICY_CLASS,AUTHORING_PRIOR_NOT_EMPIRICAL_DEPOSIT_PROBABILITY,HIGH
0.3,SOLAR_HIDDEN_WORLD_SHARED_POLICY_v0.3,SELAM,Selam,NATURAL_SATELLITE,DINKINESH,,,UNKNOWN_ASTEROID,authoring,SOLID,90,9,1,0.005,0.005,0.2,0.05,0.95,500,6000,0.001,50.0,1.5,4.0,1e-12,1e-06,1000000000000000.0,REQUIRED,0,,4,R_SMALLBODY_SATELLITE_UNKNOWN,AUTHORING_PRIOR_NOT_EMPIRICAL_DEPOSIT_PROBABILITY,HIGH
0.3,SOLAR_HIDDEN_WORLD_SHARED_POLICY_v0.3,STEINS,2867 Šteins,ASTEROID,,,,UNKNOWN_ASTEROID,authoring,SOLID,90,9,1,0.005,0.005,0.2,0.05,0.95,500,6000,0.05,500.0,1.5,4.0,1e-12,1e-06,1000000000000000.0,REQUIRED,0,,4,R_AST_UNKNOWN,AUTHORING_PRIOR_NOT_EMPIRICAL_DEPOSIT_PROBABILITY,HIGH
0.3,SOLAR_HIDDEN_WORLD_SHARED_POLICY_v0.3,STYX,Styx,NATURAL_SATELLITE,PLUTO,,,OUTER_ICY_BODY,authoring,SOLID,10,10,80,0.005,0.005,0.2,0.05,0.95,500,3500,0.001,50.0,29.7,49.3,1e-12,1e-06,1000000000000000.0,REQUIRED,0,,4,R_OUTER_SYSTEM_SATELLITE,AUTHORING_PRIOR_NOT_EMPIRICAL_DEPOSIT_PROBABILITY,HIGH
0.3,SOLAR_HIDDEN_WORLD_SHARED_POLICY_v0.3,SWIFTTUTTLE,109P/Swift–Tuttle,COMET,,,,COMET_NUCLEUS,authoring,SOLID,20,5,75,0.005,0.005,0.2,0.05,0.95,150,1500,0.05,100.0,0.5,35.0,1e-12,1e-06,1000000000000000.0,REQUIRED,0,,4,R_COMET_CLASS,AUTHORING_PRIOR_NOT_EMPIRICAL_DEPOSIT_PROBABILITY,HIGH
0.3,SOLAR_HIDDEN_WORLD_SHARED_POLICY_v0.3,TEMPEL1,9P/Tempel 1,COMET,,,,COMET_NUCLEUS,authoring,SOLID,20,5,75,0.005,0.005,0.2,0.05,0.95,150,1500,0.05,100.0,0.5,35.0,1e-12,1e-06,1000000000000000.0,REQUIRED,0,,4,R_COMET_CLASS,AUTHORING_PRIOR_NOT_EMPIRICAL_DEPOSIT_PROBABILITY,HIGH
0.3,SOLAR_HIDDEN_WORLD_SHARED_POLICY_v0.3,TETHYS,Tethys,NATURAL_SATELLITE,SATURN_SYSTEM_BARYCENTER,,,OUTER_ICY_BODY,authoring,SOLID,10,10,80,0.005,0.005,0.2,0.05,0.95,500,3500,0.01,3000.0,9.0,10.15,1e-12,1e-06,1000000000000000.0,REQUIRED,0,,4,R_OUTER_SYSTEM_SATELLITE,AUTHORING_PRIOR_NOT_EMPIRICAL_DEPOSIT_PROBABILITY,HIGH
0.3,SOLAR_HIDDEN_WORLD_SHARED_POLICY_v0.3,THEMIS,24 Themis,ASTEROID,,B,C,CARBONACEOUS_ASTEROID,authoring,SOLID,70,25,5,0.005,0.005,0.2,0.05,0.95,500,3500,0.05,500.0,1.5,4.0,1e-12,1e-06,1000000000000000.0,REQUIRED,0,,4,R_AST_CARBONACEOUS_TAXONOMY,AUTHORING_PRIOR_NOT_EMPIRICAL_DEPOSIT_PROBABILITY,HIGH
0.3,SOLAR_HIDDEN_WORLD_SHARED_POLICY_v0.3,TITAN,Titan,NATURAL_SATELLITE,SATURN_SYSTEM_BARYCENTER,,,OUTER_ICY_BODY,authoring,SOLID_WITH_ATMOSPHERE,10,10,80,0.005,0.005,0.2,0.05,0.95,500,3500,0.01,3000.0,9.0,10.15,1e-12,1e-06,1000000000000000.0,REQUIRED,3,TITAN_HYDROCARBON_VOLATILES;TITAN_INTERIOR_SILICATE_MODEL;TITAN_ORGANIC_SURFACE_MATERIAL,1,R_OUTER_SYSTEM_SATELLITE,AUTHORING_PRIOR_NOT_EMPIRICAL_DEPOSIT_PROBABILITY,HIGH
0.3,SOLAR_HIDDEN_WORLD_SHARED_POLICY_v0.3,TITANIA,Titania,NATURAL_SATELLITE,URANUS_SYSTEM_BARYCENTER,,,OUTER_ICY_BODY,authoring,SOLID,10,10,80,0.005,0.005,0.2,0.05,0.95,500,3500,0.01,3000.0,18.3,20.1,1e-12,1e-06,1000000000000000.0,REQUIRED,0,,4,R_OUTER_SYSTEM_SATELLITE,AUTHORING_PRIOR_NOT_EMPIRICAL_DEPOSIT_PROBABILITY,HIGH
0.3,SOLAR_HIDDEN_WORLD_SHARED_POLICY_v0.3,TOUTATIS,4179 Toutatis,NEAR_EARTH_ASTEROID,,Sk,,STONY_NEA,authoring,SOLID,98,1,1,0.005,0.005,0.2,0.05,0.95,1000,5000,0.02,50.0,0.5,2.0,1e-12,1e-06,1000000000000000.0,REQUIRED,0,,4,R_NEA_STONY_TAXONOMY,AUTHORING_PRIOR_NOT_EMPIRICAL_DEPOSIT_PROBABILITY,HIGH
0.3,SOLAR_HIDDEN_WORLD_SHARED_POLICY_v0.3,TRITON,Triton,NATURAL_SATELLITE,NEPTUNE_SYSTEM_BARYCENTER,,,OUTER_ICY_BODY,authoring,SOLID,10,10,80,0.005,0.005,0.2,0.05,0.95,500,3500,0.01,3000.0,29.7,30.4,1e-12,1e-06,1000000000000000.0,REQUIRED,0,,4,R_OUTER_SYSTEM_SATELLITE,AUTHORING_PRIOR_NOT_EMPIRICAL_DEPOSIT_PROBABILITY,HIGH
0.3,SOLAR_HIDDEN_WORLD_SHARED_POLICY_v0.3,UMBRIEL,Umbriel,NATURAL_SATELLITE,URANUS_SYSTEM_BARYCENTER,,,OUTER_ICY_BODY,authoring,SOLID,10,10,80,0.005,0.005,0.2,0.05,0.95,500,3500,0.01,3000.0,18.3,20.1,1e-12,1e-06,1000000000000000.0,REQUIRED,0,,4,R_OUTER_SYSTEM_SATELLITE,AUTHORING_PRIOR_NOT_EMPIRICAL_DEPOSIT_PROBABILITY,HIGH
0.3,SOLAR_HIDDEN_WORLD_SHARED_POLICY_v0.3,URANUS,Uranus,PLANET,,,,,not applicable,NO_SOLID_SURFACE,,,,,,,,,,,,,,,,,,,0,,4,R_NO_SOLID_SURFACE,AUTHORING_PRIOR_NOT_EMPIRICAL_DEPOSIT_PROBABILITY,HIGH
0.3,SOLAR_HIDDEN_WORLD_SHARED_POLICY_v0.3,VARUNA,20000 Varuna,DWARF_PLANET,,,,OUTER_ICY_BODY,authoring,SOLID,10,10,80,0.005,0.005,0.2,0.05,0.95,500,3500,200.0,1500.0,28.0,100.0,1e-12,1e-06,1000000000000000.0,REQUIRED,0,,4,R_OUTER_ICY_CLASS,AUTHORING_PRIOR_NOT_EMPIRICAL_DEPOSIT_PROBABILITY,HIGH
0.3,SOLAR_HIDDEN_WORLD_SHARED_POLICY_v0.3,VENUS,Venus,PLANET,,,,HOT_ROCKY,authoring,SOLID_WITH_ATMOSPHERE,98,1,1,0.005,0.005,0.2,0.05,0.95,1200,8000,1000.0,10000.0,0.71,0.73,1e-12,1e-06,1000000000000000.0,REQUIRED,0,,4,R_HOT_ROCKY_ATMOSPHERE,AUTHORING_PRIOR_NOT_EMPIRICAL_DEPOSIT_PROBABILITY,HIGH
0.3,SOLAR_HIDDEN_WORLD_SHARED_POLICY_v0.3,VESTA,4 Vesta,ASTEROID,,V,V,STONY_ASTEROID,authoring,SOLID,96,3,1,0.005,0.005,0.2,0.05,0.95,1000,5000,0.05,500.0,1.5,4.0,1e-12,1e-06,1000000000000000.0,REQUIRED,1,VESTA_PYROXENE,3,R_AST_STONY_TAXONOMY,AUTHORING_PRIOR_NOT_EMPIRICAL_DEPOSIT_PROBABILITY,HIGH
0.3,SOLAR_HIDDEN_WORLD_SHARED_POLICY_v0.3,WILD2,81P/Wild 2,COMET,,,,COMET_NUCLEUS,authoring,SOLID,20,5,75,0.005,0.005,0.2,0.05,0.95,150,1500,0.05,100.0,0.5,35.0,1e-12,1e-06,1000000000000000.0,REQUIRED,3,WILD2_FENI_PHASES;WILD2_ORGANICS;WILD2_SILICATES,1,R_COMET_CLASS,AUTHORING_PRIOR_NOT_EMPIRICAL_DEPOSIT_PROBABILITY,HIGH
