body_id,canonical_name,body_class,resource_family,initial_disposition
AMUN,3554 Amun,NEAR_EARTH_ASTEROID,VOLATILES,UNASSESSED
AMUN,3554 Amun,NEAR_EARTH_ASTEROID,METALS,UNASSESSED
AMUN,3554 Amun,NEAR_EARTH_ASTEROID,SILICATES_ROCK,UNASSESSED
AMUN,3554 Amun,NEAR_EARTH_ASTEROID,CARBONACEOUS_ORGANICS,UNASSESSED
APOPHIS,99942 Apophis,NEAR_EARTH_ASTEROID,VOLATILES,UNASSESSED
APOPHIS,99942 Apophis,NEAR_EARTH_ASTEROID,METALS,UNASSESSED
APOPHIS,99942 Apophis,NEAR_EARTH_ASTEROID,SILICATES_ROCK,UNASSESSED
APOPHIS,99942 Apophis,NEAR_EARTH_ASTEROID,CARBONACEOUS_ORGANICS,UNASSESSED
ARIEL,Ariel,NATURAL_SATELLITE,VOLATILES,UNASSESSED
ARIEL,Ariel,NATURAL_SATELLITE,METALS,UNASSESSED
ARIEL,Ariel,NATURAL_SATELLITE,SILICATES_ROCK,UNASSESSED
ARIEL,Ariel,NATURAL_SATELLITE,CARBONACEOUS_ORGANICS,UNASSESSED
ARROKOTH,486958 Arrokoth,TRANS_NEPTUNIAN_OBJECT,VOLATILES,UNASSESSED
ARROKOTH,486958 Arrokoth,TRANS_NEPTUNIAN_OBJECT,METALS,UNASSESSED
ARROKOTH,486958 Arrokoth,TRANS_NEPTUNIAN_OBJECT,SILICATES_ROCK,UNASSESSED
ARROKOTH,486958 Arrokoth,TRANS_NEPTUNIAN_OBJECT,CARBONACEOUS_ORGANICS,UNASSESSED
ASTEROID_6178,6178 (1986 DA),ASTEROID,VOLATILES,UNASSESSED
ASTEROID_6178,6178 (1986 DA),ASTEROID,METALS,UNASSESSED
ASTEROID_6178,6178 (1986 DA),ASTEROID,SILICATES_ROCK,UNASSESSED
ASTEROID_6178,6178 (1986 DA),ASTEROID,CARBONACEOUS_ORGANICS,UNASSESSED
ATLAS3I,3I/ATLAS,INTERSTELLAR_OBJECT,VOLATILES,UNASSESSED
ATLAS3I,3I/ATLAS,INTERSTELLAR_OBJECT,METALS,UNASSESSED
ATLAS3I,3I/ATLAS,INTERSTELLAR_OBJECT,SILICATES_ROCK,UNASSESSED
ATLAS3I,3I/ATLAS,INTERSTELLAR_OBJECT,CARBONACEOUS_ORGANICS,UNASSESSED
BENNU,101955 Bennu,NEAR_EARTH_ASTEROID,VOLATILES,UNASSESSED
BENNU,101955 Bennu,NEAR_EARTH_ASTEROID,METALS,UNASSESSED
BENNU,101955 Bennu,NEAR_EARTH_ASTEROID,SILICATES_ROCK,UNASSESSED
BENNU,101955 Bennu,NEAR_EARTH_ASTEROID,CARBONACEOUS_ORGANICS,UNASSESSED
BORISOV,2I/Borisov,INTERSTELLAR_OBJECT,VOLATILES,UNASSESSED
BORISOV,2I/Borisov,INTERSTELLAR_OBJECT,METALS,UNASSESSED
BORISOV,2I/Borisov,INTERSTELLAR_OBJECT,SILICATES_ROCK,UNASSESSED
BORISOV,2I/Borisov,INTERSTELLAR_OBJECT,CARBONACEOUS_ORGANICS,UNASSESSED
BORRELLY,19P/Borrelly,COMET,VOLATILES,UNASSESSED
BORRELLY,19P/Borrelly,COMET,METALS,UNASSESSED
BORRELLY,19P/Borrelly,COMET,SILICATES_ROCK,UNASSESSED
BORRELLY,19P/Borrelly,COMET,CARBONACEOUS_ORGANICS,UNASSESSED
BRAILLE,9969 Braille,ASTEROID,VOLATILES,UNASSESSED
BRAILLE,9969 Braille,ASTEROID,METALS,UNASSESSED
BRAILLE,9969 Braille,ASTEROID,SILICATES_ROCK,UNASSESSED
BRAILLE,9969 Braille,ASTEROID,CARBONACEOUS_ORGANICS,UNASSESSED
CALLISTO,Callisto,NATURAL_SATELLITE,VOLATILES,UNASSESSED
CALLISTO,Callisto,NATURAL_SATELLITE,METALS,UNASSESSED
CALLISTO,Callisto,NATURAL_SATELLITE,SILICATES_ROCK,UNASSESSED
CALLISTO,Callisto,NATURAL_SATELLITE,CARBONACEOUS_ORGANICS,UNASSESSED
CERES,Ceres,DWARF_PLANET,VOLATILES,UNASSESSED
CERES,Ceres,DWARF_PLANET,METALS,UNASSESSED
CERES,Ceres,DWARF_PLANET,SILICATES_ROCK,UNASSESSED
CERES,Ceres,DWARF_PLANET,CARBONACEOUS_ORGANICS,UNASSESSED
CHARON,Charon,NATURAL_SATELLITE,VOLATILES,UNASSESSED
CHARON,Charon,NATURAL_SATELLITE,METALS,UNASSESSED
CHARON,Charon,NATURAL_SATELLITE,SILICATES_ROCK,UNASSESSED
CHARON,Charon,NATURAL_SATELLITE,CARBONACEOUS_ORGANICS,UNASSESSED
CHIRON,2060 Chiron,CENTAUR,VOLATILES,UNASSESSED
CHIRON,2060 Chiron,CENTAUR,METALS,UNASSESSED
CHIRON,2060 Chiron,CENTAUR,SILICATES_ROCK,UNASSESSED
CHIRON,2060 Chiron,CENTAUR,CARBONACEOUS_ORGANICS,UNASSESSED
COMET_67P,67P/Churyumov-Gerasimenko,COMET,VOLATILES,UNASSESSED
COMET_67P,67P/Churyumov-Gerasimenko,COMET,METALS,UNASSESSED
COMET_67P,67P/Churyumov-Gerasimenko,COMET,SILICATES_ROCK,UNASSESSED
COMET_67P,67P/Churyumov-Gerasimenko,COMET,CARBONACEOUS_ORGANICS,UNASSESSED
COMET_HALLEY,1P/Halley,COMET,VOLATILES,UNASSESSED
COMET_HALLEY,1P/Halley,COMET,METALS,UNASSESSED
COMET_HALLEY,1P/Halley,COMET,SILICATES_ROCK,UNASSESSED
COMET_HALLEY,1P/Halley,COMET,CARBONACEOUS_ORGANICS,UNASSESSED
DACTYL,Dactyl,NATURAL_SATELLITE,VOLATILES,UNASSESSED
DACTYL,Dactyl,NATURAL_SATELLITE,METALS,UNASSESSED
DACTYL,Dactyl,NATURAL_SATELLITE,SILICATES_ROCK,UNASSESSED
DACTYL,Dactyl,NATURAL_SATELLITE,CARBONACEOUS_ORGANICS,UNASSESSED
DAVIDA,511 Davida,ASTEROID,VOLATILES,UNASSESSED
DAVIDA,511 Davida,ASTEROID,METALS,UNASSESSED
DAVIDA,511 Davida,ASTEROID,SILICATES_ROCK,UNASSESSED
DAVIDA,511 Davida,ASTEROID,CARBONACEOUS_ORGANICS,UNASSESSED
DEIMOS,Deimos,NATURAL_SATELLITE,VOLATILES,UNASSESSED
DEIMOS,Deimos,NATURAL_SATELLITE,METALS,UNASSESSED
DEIMOS,Deimos,NATURAL_SATELLITE,SILICATES_ROCK,UNASSESSED
DEIMOS,Deimos,NATURAL_SATELLITE,CARBONACEOUS_ORGANICS,UNASSESSED
DIDYMOS,65803 Didymos,BINARY_ASTEROID_PRIMARY,VOLATILES,UNASSESSED
DIDYMOS,65803 Didymos,BINARY_ASTEROID_PRIMARY,METALS,UNASSESSED
DIDYMOS,65803 Didymos,BINARY_ASTEROID_PRIMARY,SILICATES_ROCK,UNASSESSED
DIDYMOS,65803 Didymos,BINARY_ASTEROID_PRIMARY,CARBONACEOUS_ORGANICS,UNASSESSED
DINKINESH,152830 Dinkinesh,ASTEROID,VOLATILES,UNASSESSED
DINKINESH,152830 Dinkinesh,ASTEROID,METALS,UNASSESSED
DINKINESH,152830 Dinkinesh,ASTEROID,SILICATES_ROCK,UNASSESSED
DINKINESH,152830 Dinkinesh,ASTEROID,CARBONACEOUS_ORGANICS,UNASSESSED
DIONE,Dione,NATURAL_SATELLITE,VOLATILES,UNASSESSED
DIONE,Dione,NATURAL_SATELLITE,METALS,UNASSESSED
DIONE,Dione,NATURAL_SATELLITE,SILICATES_ROCK,UNASSESSED
DIONE,Dione,NATURAL_SATELLITE,CARBONACEOUS_ORGANICS,UNASSESSED
DONALDJOHANSON,52246 Donaldjohanson,ASTEROID,VOLATILES,UNASSESSED
DONALDJOHANSON,52246 Donaldjohanson,ASTEROID,METALS,UNASSESSED
DONALDJOHANSON,52246 Donaldjohanson,ASTEROID,SILICATES_ROCK,UNASSESSED
DONALDJOHANSON,52246 Donaldjohanson,ASTEROID,CARBONACEOUS_ORGANICS,UNASSESSED
EARTH,Earth,PLANET,VOLATILES,UNASSESSED
EARTH,Earth,PLANET,METALS,UNASSESSED
EARTH,Earth,PLANET,SILICATES_ROCK,UNASSESSED
EARTH,Earth,PLANET,CARBONACEOUS_ORGANICS,UNASSESSED
ENCELADUS,Enceladus,NATURAL_SATELLITE,VOLATILES,UNASSESSED
ENCELADUS,Enceladus,NATURAL_SATELLITE,METALS,UNASSESSED
ENCELADUS,Enceladus,NATURAL_SATELLITE,SILICATES_ROCK,UNASSESSED
ENCELADUS,Enceladus,NATURAL_SATELLITE,CARBONACEOUS_ORGANICS,UNASSESSED
ERIS,136199 Eris,DWARF_PLANET,VOLATILES,UNASSESSED
ERIS,136199 Eris,DWARF_PLANET,METALS,UNASSESSED
ERIS,136199 Eris,DWARF_PLANET,SILICATES_ROCK,UNASSESSED
ERIS,136199 Eris,DWARF_PLANET,CARBONACEOUS_ORGANICS,UNASSESSED
EROS,433 Eros,NEAR_EARTH_ASTEROID,VOLATILES,UNASSESSED
EROS,433 Eros,NEAR_EARTH_ASTEROID,METALS,UNASSESSED
EROS,433 Eros,NEAR_EARTH_ASTEROID,SILICATES_ROCK,UNASSESSED
EROS,433 Eros,NEAR_EARTH_ASTEROID,CARBONACEOUS_ORGANICS,UNASSESSED
EUROPA,Europa,NATURAL_SATELLITE,VOLATILES,UNASSESSED
EUROPA,Europa,NATURAL_SATELLITE,METALS,UNASSESSED
EUROPA,Europa,NATURAL_SATELLITE,SILICATES_ROCK,UNASSESSED
EUROPA,Europa,NATURAL_SATELLITE,CARBONACEOUS_ORGANICS,UNASSESSED
EURYBATES,3548 Eurybates,TROJAN_ASTEROID,VOLATILES,UNASSESSED
EURYBATES,3548 Eurybates,TROJAN_ASTEROID,METALS,UNASSESSED
EURYBATES,3548 Eurybates,TROJAN_ASTEROID,SILICATES_ROCK,UNASSESSED
EURYBATES,3548 Eurybates,TROJAN_ASTEROID,CARBONACEOUS_ORGANICS,UNASSESSED
GANYMEDE,Ganymede,NATURAL_SATELLITE,VOLATILES,UNASSESSED
GANYMEDE,Ganymede,NATURAL_SATELLITE,METALS,UNASSESSED
GANYMEDE,Ganymede,NATURAL_SATELLITE,SILICATES_ROCK,UNASSESSED
GANYMEDE,Ganymede,NATURAL_SATELLITE,CARBONACEOUS_ORGANICS,UNASSESSED
GASPRA,951 Gaspra,ASTEROID,VOLATILES,UNASSESSED
GASPRA,951 Gaspra,ASTEROID,METALS,UNASSESSED
GASPRA,951 Gaspra,ASTEROID,SILICATES_ROCK,UNASSESSED
GASPRA,951 Gaspra,ASTEROID,CARBONACEOUS_ORGANICS,UNASSESSED
GONGGONG,225088 Gonggong,DWARF_PLANET,VOLATILES,UNASSESSED
GONGGONG,225088 Gonggong,DWARF_PLANET,METALS,UNASSESSED
GONGGONG,225088 Gonggong,DWARF_PLANET,SILICATES_ROCK,UNASSESSED
GONGGONG,225088 Gonggong,DWARF_PLANET,CARBONACEOUS_ORGANICS,UNASSESSED
HARTLEY2,103P/Hartley 2,COMET,VOLATILES,UNASSESSED
HARTLEY2,103P/Hartley 2,COMET,METALS,UNASSESSED
HARTLEY2,103P/Hartley 2,COMET,SILICATES_ROCK,UNASSESSED
HARTLEY2,103P/Hartley 2,COMET,CARBONACEOUS_ORGANICS,UNASSESSED
HAUMEA,136108 Haumea,DWARF_PLANET,VOLATILES,UNASSESSED
HAUMEA,136108 Haumea,DWARF_PLANET,METALS,UNASSESSED
HAUMEA,136108 Haumea,DWARF_PLANET,SILICATES_ROCK,UNASSESSED
HAUMEA,136108 Haumea,DWARF_PLANET,CARBONACEOUS_ORGANICS,UNASSESSED
HYDRA,Hydra,NATURAL_SATELLITE,VOLATILES,UNASSESSED
HYDRA,Hydra,NATURAL_SATELLITE,METALS,UNASSESSED
HYDRA,Hydra,NATURAL_SATELLITE,SILICATES_ROCK,UNASSESSED
HYDRA,Hydra,NATURAL_SATELLITE,CARBONACEOUS_ORGANICS,UNASSESSED
HYGIEA,10 Hygiea,ASTEROID,VOLATILES,UNASSESSED
HYGIEA,10 Hygiea,ASTEROID,METALS,UNASSESSED
HYGIEA,10 Hygiea,ASTEROID,SILICATES_ROCK,UNASSESSED
HYGIEA,10 Hygiea,ASTEROID,CARBONACEOUS_ORGANICS,UNASSESSED
HYPERION,Hyperion,NATURAL_SATELLITE,VOLATILES,UNASSESSED
HYPERION,Hyperion,NATURAL_SATELLITE,METALS,UNASSESSED
HYPERION,Hyperion,NATURAL_SATELLITE,SILICATES_ROCK,UNASSESSED
HYPERION,Hyperion,NATURAL_SATELLITE,CARBONACEOUS_ORGANICS,UNASSESSED
IAPETUS,Iapetus,NATURAL_SATELLITE,VOLATILES,UNASSESSED
IAPETUS,Iapetus,NATURAL_SATELLITE,METALS,UNASSESSED
IAPETUS,Iapetus,NATURAL_SATELLITE,SILICATES_ROCK,UNASSESSED
IAPETUS,Iapetus,NATURAL_SATELLITE,CARBONACEOUS_ORGANICS,UNASSESSED
IDA,243 Ida,ASTEROID,VOLATILES,UNASSESSED
IDA,243 Ida,ASTEROID,METALS,UNASSESSED
IDA,243 Ida,ASTEROID,SILICATES_ROCK,UNASSESSED
IDA,243 Ida,ASTEROID,CARBONACEOUS_ORGANICS,UNASSESSED
INTERAMNIA,704 Interamnia,ASTEROID,VOLATILES,UNASSESSED
INTERAMNIA,704 Interamnia,ASTEROID,METALS,UNASSESSED
INTERAMNIA,704 Interamnia,ASTEROID,SILICATES_ROCK,UNASSESSED
INTERAMNIA,704 Interamnia,ASTEROID,CARBONACEOUS_ORGANICS,UNASSESSED
IO,Io,NATURAL_SATELLITE,VOLATILES,UNASSESSED
IO,Io,NATURAL_SATELLITE,METALS,UNASSESSED
IO,Io,NATURAL_SATELLITE,SILICATES_ROCK,UNASSESSED
IO,Io,NATURAL_SATELLITE,CARBONACEOUS_ORGANICS,UNASSESSED
ITOKAWA,25143 Itokawa,NEAR_EARTH_ASTEROID,VOLATILES,UNASSESSED
ITOKAWA,25143 Itokawa,NEAR_EARTH_ASTEROID,METALS,UNASSESSED
ITOKAWA,25143 Itokawa,NEAR_EARTH_ASTEROID,SILICATES_ROCK,UNASSESSED
ITOKAWA,25143 Itokawa,NEAR_EARTH_ASTEROID,CARBONACEOUS_ORGANICS,UNASSESSED
IXION,28978 Ixion,TRANS_NEPTUNIAN_OBJECT,VOLATILES,UNASSESSED
IXION,28978 Ixion,TRANS_NEPTUNIAN_OBJECT,METALS,UNASSESSED
IXION,28978 Ixion,TRANS_NEPTUNIAN_OBJECT,SILICATES_ROCK,UNASSESSED
IXION,28978 Ixion,TRANS_NEPTUNIAN_OBJECT,CARBONACEOUS_ORGANICS,UNASSESSED
JUNO,3 Juno,ASTEROID,VOLATILES,UNASSESSED
JUNO,3 Juno,ASTEROID,METALS,UNASSESSED
JUNO,3 Juno,ASTEROID,SILICATES_ROCK,UNASSESSED
JUNO,3 Juno,ASTEROID,CARBONACEOUS_ORGANICS,UNASSESSED
JUPITER,Jupiter,PLANET,VOLATILES,UNASSESSED
JUPITER,Jupiter,PLANET,METALS,UNASSESSED
JUPITER,Jupiter,PLANET,SILICATES_ROCK,UNASSESSED
JUPITER,Jupiter,PLANET,CARBONACEOUS_ORGANICS,UNASSESSED
KERBEROS,Kerberos,NATURAL_SATELLITE,VOLATILES,UNASSESSED
KERBEROS,Kerberos,NATURAL_SATELLITE,METALS,UNASSESSED
KERBEROS,Kerberos,NATURAL_SATELLITE,SILICATES_ROCK,UNASSESSED
KERBEROS,Kerberos,NATURAL_SATELLITE,CARBONACEOUS_ORGANICS,UNASSESSED
KLEOPATRA,216 Kleopatra,BINARY_ASTEROID_PRIMARY,VOLATILES,UNASSESSED
KLEOPATRA,216 Kleopatra,BINARY_ASTEROID_PRIMARY,METALS,UNASSESSED
KLEOPATRA,216 Kleopatra,BINARY_ASTEROID_PRIMARY,SILICATES_ROCK,UNASSESSED
KLEOPATRA,216 Kleopatra,BINARY_ASTEROID_PRIMARY,CARBONACEOUS_ORGANICS,UNASSESSED
LEUCUS,11351 Leucus,TROJAN_ASTEROID,VOLATILES,UNASSESSED
LEUCUS,11351 Leucus,TROJAN_ASTEROID,METALS,UNASSESSED
LEUCUS,11351 Leucus,TROJAN_ASTEROID,SILICATES_ROCK,UNASSESSED
LEUCUS,11351 Leucus,TROJAN_ASTEROID,CARBONACEOUS_ORGANICS,UNASSESSED
LUTETIA,21 Lutetia,ASTEROID,VOLATILES,UNASSESSED
LUTETIA,21 Lutetia,ASTEROID,METALS,UNASSESSED
LUTETIA,21 Lutetia,ASTEROID,SILICATES_ROCK,UNASSESSED
LUTETIA,21 Lutetia,ASTEROID,CARBONACEOUS_ORGANICS,UNASSESSED
MAKEMAKE,136472 Makemake,DWARF_PLANET,VOLATILES,UNASSESSED
MAKEMAKE,136472 Makemake,DWARF_PLANET,METALS,UNASSESSED
MAKEMAKE,136472 Makemake,DWARF_PLANET,SILICATES_ROCK,UNASSESSED
MAKEMAKE,136472 Makemake,DWARF_PLANET,CARBONACEOUS_ORGANICS,UNASSESSED
MARS,Mars,PLANET,VOLATILES,UNASSESSED
MARS,Mars,PLANET,METALS,UNASSESSED
MARS,Mars,PLANET,SILICATES_ROCK,UNASSESSED
MARS,Mars,PLANET,CARBONACEOUS_ORGANICS,UNASSESSED
MATHILDE,253 Mathilde,ASTEROID,VOLATILES,UNASSESSED
MATHILDE,253 Mathilde,ASTEROID,METALS,UNASSESSED
MATHILDE,253 Mathilde,ASTEROID,SILICATES_ROCK,UNASSESSED
MATHILDE,253 Mathilde,ASTEROID,CARBONACEOUS_ORGANICS,UNASSESSED
MERCURY,Mercury,PLANET,VOLATILES,UNASSESSED
MERCURY,Mercury,PLANET,METALS,UNASSESSED
MERCURY,Mercury,PLANET,SILICATES_ROCK,UNASSESSED
MERCURY,Mercury,PLANET,CARBONACEOUS_ORGANICS,UNASSESSED
MIMAS,Mimas,NATURAL_SATELLITE,VOLATILES,UNASSESSED
MIMAS,Mimas,NATURAL_SATELLITE,METALS,UNASSESSED
MIMAS,Mimas,NATURAL_SATELLITE,SILICATES_ROCK,UNASSESSED
MIMAS,Mimas,NATURAL_SATELLITE,CARBONACEOUS_ORGANICS,UNASSESSED
MIRANDA,Miranda,NATURAL_SATELLITE,VOLATILES,UNASSESSED
MIRANDA,Miranda,NATURAL_SATELLITE,METALS,UNASSESSED
MIRANDA,Miranda,NATURAL_SATELLITE,SILICATES_ROCK,UNASSESSED
MIRANDA,Miranda,NATURAL_SATELLITE,CARBONACEOUS_ORGANICS,UNASSESSED
MOON,Moon,NATURAL_SATELLITE,VOLATILES,UNASSESSED
MOON,Moon,NATURAL_SATELLITE,METALS,UNASSESSED
MOON,Moon,NATURAL_SATELLITE,SILICATES_ROCK,UNASSESSED
MOON,Moon,NATURAL_SATELLITE,CARBONACEOUS_ORGANICS,UNASSESSED
MS4,2002 MS4,TRANS_NEPTUNIAN_OBJECT,VOLATILES,UNASSESSED
MS4,2002 MS4,TRANS_NEPTUNIAN_OBJECT,METALS,UNASSESSED
MS4,2002 MS4,TRANS_NEPTUNIAN_OBJECT,SILICATES_ROCK,UNASSESSED
MS4,2002 MS4,TRANS_NEPTUNIAN_OBJECT,CARBONACEOUS_ORGANICS,UNASSESSED
NEPTUNE,Neptune,PLANET,VOLATILES,UNASSESSED
NEPTUNE,Neptune,PLANET,METALS,UNASSESSED
NEPTUNE,Neptune,PLANET,SILICATES_ROCK,UNASSESSED
NEPTUNE,Neptune,PLANET,CARBONACEOUS_ORGANICS,UNASSESSED
NEREID,Nereid,NATURAL_SATELLITE,VOLATILES,UNASSESSED
NEREID,Nereid,NATURAL_SATELLITE,METALS,UNASSESSED
NEREID,Nereid,NATURAL_SATELLITE,SILICATES_ROCK,UNASSESSED
NEREID,Nereid,NATURAL_SATELLITE,CARBONACEOUS_ORGANICS,UNASSESSED
NIX,Nix,NATURAL_SATELLITE,VOLATILES,UNASSESSED
NIX,Nix,NATURAL_SATELLITE,METALS,UNASSESSED
NIX,Nix,NATURAL_SATELLITE,SILICATES_ROCK,UNASSESSED
NIX,Nix,NATURAL_SATELLITE,CARBONACEOUS_ORGANICS,UNASSESSED
OBERON,Oberon,NATURAL_SATELLITE,VOLATILES,UNASSESSED
OBERON,Oberon,NATURAL_SATELLITE,METALS,UNASSESSED
OBERON,Oberon,NATURAL_SATELLITE,SILICATES_ROCK,UNASSESSED
OBERON,Oberon,NATURAL_SATELLITE,CARBONACEOUS_ORGANICS,UNASSESSED
ORCUS,90482 Orcus,DWARF_PLANET,VOLATILES,UNASSESSED
ORCUS,90482 Orcus,DWARF_PLANET,METALS,UNASSESSED
ORCUS,90482 Orcus,DWARF_PLANET,SILICATES_ROCK,UNASSESSED
ORCUS,90482 Orcus,DWARF_PLANET,CARBONACEOUS_ORGANICS,UNASSESSED
ORUS,21900 Orus,TROJAN_ASTEROID,VOLATILES,UNASSESSED
ORUS,21900 Orus,TROJAN_ASTEROID,METALS,UNASSESSED
ORUS,21900 Orus,TROJAN_ASTEROID,SILICATES_ROCK,UNASSESSED
ORUS,21900 Orus,TROJAN_ASTEROID,CARBONACEOUS_ORGANICS,UNASSESSED
OUMUAMUA,1I/ʻOumuamua,INTERSTELLAR_OBJECT,VOLATILES,UNASSESSED
OUMUAMUA,1I/ʻOumuamua,INTERSTELLAR_OBJECT,METALS,UNASSESSED
OUMUAMUA,1I/ʻOumuamua,INTERSTELLAR_OBJECT,SILICATES_ROCK,UNASSESSED
OUMUAMUA,1I/ʻOumuamua,INTERSTELLAR_OBJECT,CARBONACEOUS_ORGANICS,UNASSESSED
PALLAS,2 Pallas,ASTEROID,VOLATILES,UNASSESSED
PALLAS,2 Pallas,ASTEROID,METALS,UNASSESSED
PALLAS,2 Pallas,ASTEROID,SILICATES_ROCK,UNASSESSED
PALLAS,2 Pallas,ASTEROID,CARBONACEOUS_ORGANICS,UNASSESSED
PATROCLUS,617 Patroclus,BINARY_ASTEROID_PRIMARY,VOLATILES,UNASSESSED
PATROCLUS,617 Patroclus,BINARY_ASTEROID_PRIMARY,METALS,UNASSESSED
PATROCLUS,617 Patroclus,BINARY_ASTEROID_PRIMARY,SILICATES_ROCK,UNASSESSED
PATROCLUS,617 Patroclus,BINARY_ASTEROID_PRIMARY,CARBONACEOUS_ORGANICS,UNASSESSED
PHOBOS,Phobos,NATURAL_SATELLITE,VOLATILES,UNASSESSED
PHOBOS,Phobos,NATURAL_SATELLITE,METALS,UNASSESSED
PHOBOS,Phobos,NATURAL_SATELLITE,SILICATES_ROCK,UNASSESSED
PHOBOS,Phobos,NATURAL_SATELLITE,CARBONACEOUS_ORGANICS,UNASSESSED
PHOEBE,Phoebe,NATURAL_SATELLITE,VOLATILES,UNASSESSED
PHOEBE,Phoebe,NATURAL_SATELLITE,METALS,UNASSESSED
PHOEBE,Phoebe,NATURAL_SATELLITE,SILICATES_ROCK,UNASSESSED
PHOEBE,Phoebe,NATURAL_SATELLITE,CARBONACEOUS_ORGANICS,UNASSESSED
PLUTO,Pluto,DWARF_PLANET,VOLATILES,UNASSESSED
PLUTO,Pluto,DWARF_PLANET,METALS,UNASSESSED
PLUTO,Pluto,DWARF_PLANET,SILICATES_ROCK,UNASSESSED
PLUTO,Pluto,DWARF_PLANET,CARBONACEOUS_ORGANICS,UNASSESSED
POLYMELE,15094 Polymele,TROJAN_ASTEROID,VOLATILES,UNASSESSED
POLYMELE,15094 Polymele,TROJAN_ASTEROID,METALS,UNASSESSED
POLYMELE,15094 Polymele,TROJAN_ASTEROID,SILICATES_ROCK,UNASSESSED
POLYMELE,15094 Polymele,TROJAN_ASTEROID,CARBONACEOUS_ORGANICS,UNASSESSED
PROTEUS,Proteus,NATURAL_SATELLITE,VOLATILES,UNASSESSED
PROTEUS,Proteus,NATURAL_SATELLITE,METALS,UNASSESSED
PROTEUS,Proteus,NATURAL_SATELLITE,SILICATES_ROCK,UNASSESSED
PROTEUS,Proteus,NATURAL_SATELLITE,CARBONACEOUS_ORGANICS,UNASSESSED
PSYCHE,16 Psyche,ASTEROID,VOLATILES,UNASSESSED
PSYCHE,16 Psyche,ASTEROID,METALS,UNASSESSED
PSYCHE,16 Psyche,ASTEROID,SILICATES_ROCK,UNASSESSED
PSYCHE,16 Psyche,ASTEROID,CARBONACEOUS_ORGANICS,UNASSESSED
QUAOAR,50000 Quaoar,DWARF_PLANET,VOLATILES,UNASSESSED
QUAOAR,50000 Quaoar,DWARF_PLANET,METALS,UNASSESSED
QUAOAR,50000 Quaoar,DWARF_PLANET,SILICATES_ROCK,UNASSESSED
QUAOAR,50000 Quaoar,DWARF_PLANET,CARBONACEOUS_ORGANICS,UNASSESSED
RHEA,Rhea,NATURAL_SATELLITE,VOLATILES,UNASSESSED
RHEA,Rhea,NATURAL_SATELLITE,METALS,UNASSESSED
RHEA,Rhea,NATURAL_SATELLITE,SILICATES_ROCK,UNASSESSED
RHEA,Rhea,NATURAL_SATELLITE,CARBONACEOUS_ORGANICS,UNASSESSED
RYUGU,162173 Ryugu,NEAR_EARTH_ASTEROID,VOLATILES,UNASSESSED
RYUGU,162173 Ryugu,NEAR_EARTH_ASTEROID,METALS,UNASSESSED
RYUGU,162173 Ryugu,NEAR_EARTH_ASTEROID,SILICATES_ROCK,UNASSESSED
RYUGU,162173 Ryugu,NEAR_EARTH_ASTEROID,CARBONACEOUS_ORGANICS,UNASSESSED
SALACIA,120347 Salacia,DWARF_PLANET,VOLATILES,UNASSESSED
SALACIA,120347 Salacia,DWARF_PLANET,METALS,UNASSESSED
SALACIA,120347 Salacia,DWARF_PLANET,SILICATES_ROCK,UNASSESSED
SALACIA,120347 Salacia,DWARF_PLANET,CARBONACEOUS_ORGANICS,UNASSESSED
SATURN,Saturn,PLANET,VOLATILES,UNASSESSED
SATURN,Saturn,PLANET,METALS,UNASSESSED
SATURN,Saturn,PLANET,SILICATES_ROCK,UNASSESSED
SATURN,Saturn,PLANET,CARBONACEOUS_ORGANICS,UNASSESSED
SEDNA,90377 Sedna,DWARF_PLANET,VOLATILES,UNASSESSED
SEDNA,90377 Sedna,DWARF_PLANET,METALS,UNASSESSED
SEDNA,90377 Sedna,DWARF_PLANET,SILICATES_ROCK,UNASSESSED
SEDNA,90377 Sedna,DWARF_PLANET,CARBONACEOUS_ORGANICS,UNASSESSED
SELAM,Selam,NATURAL_SATELLITE,VOLATILES,UNASSESSED
SELAM,Selam,NATURAL_SATELLITE,METALS,UNASSESSED
SELAM,Selam,NATURAL_SATELLITE,SILICATES_ROCK,UNASSESSED
SELAM,Selam,NATURAL_SATELLITE,CARBONACEOUS_ORGANICS,UNASSESSED
STEINS,2867 Šteins,ASTEROID,VOLATILES,UNASSESSED
STEINS,2867 Šteins,ASTEROID,METALS,UNASSESSED
STEINS,2867 Šteins,ASTEROID,SILICATES_ROCK,UNASSESSED
STEINS,2867 Šteins,ASTEROID,CARBONACEOUS_ORGANICS,UNASSESSED
STYX,Styx,NATURAL_SATELLITE,VOLATILES,UNASSESSED
STYX,Styx,NATURAL_SATELLITE,METALS,UNASSESSED
STYX,Styx,NATURAL_SATELLITE,SILICATES_ROCK,UNASSESSED
STYX,Styx,NATURAL_SATELLITE,CARBONACEOUS_ORGANICS,UNASSESSED
SWIFTTUTTLE,109P/Swift–Tuttle,COMET,VOLATILES,UNASSESSED
SWIFTTUTTLE,109P/Swift–Tuttle,COMET,METALS,UNASSESSED
SWIFTTUTTLE,109P/Swift–Tuttle,COMET,SILICATES_ROCK,UNASSESSED
SWIFTTUTTLE,109P/Swift–Tuttle,COMET,CARBONACEOUS_ORGANICS,UNASSESSED
TEMPEL1,9P/Tempel 1,COMET,VOLATILES,UNASSESSED
TEMPEL1,9P/Tempel 1,COMET,METALS,UNASSESSED
TEMPEL1,9P/Tempel 1,COMET,SILICATES_ROCK,UNASSESSED
TEMPEL1,9P/Tempel 1,COMET,CARBONACEOUS_ORGANICS,UNASSESSED
TETHYS,Tethys,NATURAL_SATELLITE,VOLATILES,UNASSESSED
TETHYS,Tethys,NATURAL_SATELLITE,METALS,UNASSESSED
TETHYS,Tethys,NATURAL_SATELLITE,SILICATES_ROCK,UNASSESSED
TETHYS,Tethys,NATURAL_SATELLITE,CARBONACEOUS_ORGANICS,UNASSESSED
THEMIS,24 Themis,ASTEROID,VOLATILES,UNASSESSED
THEMIS,24 Themis,ASTEROID,METALS,UNASSESSED
THEMIS,24 Themis,ASTEROID,SILICATES_ROCK,UNASSESSED
THEMIS,24 Themis,ASTEROID,CARBONACEOUS_ORGANICS,UNASSESSED
TITAN,Titan,NATURAL_SATELLITE,VOLATILES,UNASSESSED
TITAN,Titan,NATURAL_SATELLITE,METALS,UNASSESSED
TITAN,Titan,NATURAL_SATELLITE,SILICATES_ROCK,UNASSESSED
TITAN,Titan,NATURAL_SATELLITE,CARBONACEOUS_ORGANICS,UNASSESSED
TITANIA,Titania,NATURAL_SATELLITE,VOLATILES,UNASSESSED
TITANIA,Titania,NATURAL_SATELLITE,METALS,UNASSESSED
TITANIA,Titania,NATURAL_SATELLITE,SILICATES_ROCK,UNASSESSED
TITANIA,Titania,NATURAL_SATELLITE,CARBONACEOUS_ORGANICS,UNASSESSED
TOUTATIS,4179 Toutatis,NEAR_EARTH_ASTEROID,VOLATILES,UNASSESSED
TOUTATIS,4179 Toutatis,NEAR_EARTH_ASTEROID,METALS,UNASSESSED
TOUTATIS,4179 Toutatis,NEAR_EARTH_ASTEROID,SILICATES_ROCK,UNASSESSED
TOUTATIS,4179 Toutatis,NEAR_EARTH_ASTEROID,CARBONACEOUS_ORGANICS,UNASSESSED
TRITON,Triton,NATURAL_SATELLITE,VOLATILES,UNASSESSED
TRITON,Triton,NATURAL_SATELLITE,METALS,UNASSESSED
TRITON,Triton,NATURAL_SATELLITE,SILICATES_ROCK,UNASSESSED
TRITON,Triton,NATURAL_SATELLITE,CARBONACEOUS_ORGANICS,UNASSESSED
UMBRIEL,Umbriel,NATURAL_SATELLITE,VOLATILES,UNASSESSED
UMBRIEL,Umbriel,NATURAL_SATELLITE,METALS,UNASSESSED
UMBRIEL,Umbriel,NATURAL_SATELLITE,SILICATES_ROCK,UNASSESSED
UMBRIEL,Umbriel,NATURAL_SATELLITE,CARBONACEOUS_ORGANICS,UNASSESSED
URANUS,Uranus,PLANET,VOLATILES,UNASSESSED
URANUS,Uranus,PLANET,METALS,UNASSESSED
URANUS,Uranus,PLANET,SILICATES_ROCK,UNASSESSED
URANUS,Uranus,PLANET,CARBONACEOUS_ORGANICS,UNASSESSED
VARUNA,20000 Varuna,DWARF_PLANET,VOLATILES,UNASSESSED
VARUNA,20000 Varuna,DWARF_PLANET,METALS,UNASSESSED
VARUNA,20000 Varuna,DWARF_PLANET,SILICATES_ROCK,UNASSESSED
VARUNA,20000 Varuna,DWARF_PLANET,CARBONACEOUS_ORGANICS,UNASSESSED
VENUS,Venus,PLANET,VOLATILES,UNASSESSED
VENUS,Venus,PLANET,METALS,UNASSESSED
VENUS,Venus,PLANET,SILICATES_ROCK,UNASSESSED
VENUS,Venus,PLANET,CARBONACEOUS_ORGANICS,UNASSESSED
VESTA,4 Vesta,ASTEROID,VOLATILES,UNASSESSED
VESTA,4 Vesta,ASTEROID,METALS,UNASSESSED
VESTA,4 Vesta,ASTEROID,SILICATES_ROCK,UNASSESSED
VESTA,4 Vesta,ASTEROID,CARBONACEOUS_ORGANICS,UNASSESSED
WILD2,81P/Wild 2,COMET,VOLATILES,UNASSESSED
WILD2,81P/Wild 2,COMET,METALS,UNASSESSED
WILD2,81P/Wild 2,COMET,SILICATES_ROCK,UNASSESSED
WILD2,81P/Wild 2,COMET,CARBONACEOUS_ORGANICS,UNASSESSED
